<?xml version="1.0" encoding="UTF-8"?>
<!DOCTYPE TEI PUBLIC "-//TEI P5 MunchTEI//DTD TEI P5 Unified for Edvard Munch's Texts//EN" "file:/O:/Munchs tekster/Transkripsjoner/MunchTEI.dtd" >
<TEI xmlns="http://www.tei-c.org/ns/1.0" version="5.0" xml:id="No-MM_N0041-00-01v">
<teiHeader>
 <fileDesc>
<titleStmt>
<title>No-MM_N0041-00-01v.jpg</title>
</titleStmt>

<publicationStmt>
<p></p>
</publicationStmt>
<sourceDesc>
<p>4064 x 2704</p>
</sourceDesc>
 </fileDesc>
 <encodingDesc>


 
  <tagsDecl xml:id="imtAnnotationCategories"><rendition xml:id="transcription"><label>Contains the transcribed and TEI P5 encoded text of the objects</label><code rend="rectangle" lang="text/css">color: #ff0000</code></rendition><rendition xml:id="commentary"><label>Kommentarer</label><code rend="rectangle" lang="text/css">color: #00ff00</code></rendition><rendition xml:id="philologicalNotes"><label>Edisjonsfilologiske noter</label><code rend="rectangle" lang="text/css">color: #0000ff</code></rendition><rendition xml:id="textForSearch"><desc>transcriptional</desc><label>Søkbar tekst</label><code rend="rectangle" lang="text/css">color: #000000</code></rendition></tagsDecl><appInfo>
     <application ident="ImageMarkupTool01" version="1.8.1.3" notAfter="2009-03-23T10:41:07">
     <label>
     Image Markup Tool</label><desc>
     Tool for annotating images using TEI</desc><ref type="appURI" target="http://www.tapor.uvic.ca/~mholmes/image_markup/">
     </ref><ptr target="#imtAnnotatedImage"></ptr><ptr target="#imtImageAnnotations"></ptr><ptr target="#imtAnnotationCategories"></ptr></application>
     
     
     </appInfo></encodingDesc>
</teiHeader>
 <facsimile xml:id="imtAnnotatedImage"><surface><graphic url="No-MM_N0041-00-01v.jpg" width="4064px" height="2704px"></graphic><zone xml:id="imtArea_0" rendition="transcription" ulx="778" uly="230" lrx="3270" lry="1960" rend="visible"></zone></surface></facsimile>
 <text>
  <body>
   <div xml:id="imtImageAnnotations"><div corresp="#imtArea_0" type="imtAnnotation"><head>&#x00A0;</head><div>
    <p rend="noIndent">altid komme &#x2013; Jeg tror dog <del rend="overstrike">det</del> 
    <lb/>denne kunst ikke vil vare så 
    <lb/>længe &#x2013; Mon ikke det lille format 
    <lb/>ialfald <del rend="overstrike"><gap/></del> meget vil ophøre snart &#x2013; 
    <lb/>Det <del rend="overstrike"><gap/></del> lille format med sine 
    <lb/>smukke ofte store rammer er nu 
    <lb/>e<del rend="overwritten">t</del>n kunsthandlerkunst &#x2013; Den er borgerlig
    <lb/>og opkommet efter den borgerlige
    <lb/><del rend="overstrike">seier i 17<gap/></del> efter den franske revolution
    <lb/>&#x2013; Nu er det arbeidernes. Mon ikke 
    <lb/>kunsten atter blir alles eie som 
    <lb/>i den gamle tid &#x2013; <del rend="overwritten"><gap/></del>I offentlige 
    <lb/>bygninger og på gaden? Fresker?</p>
    </div></div></div>
  </body>
 </text>
</TEI>
