<?xml version="1.0" encoding="UTF-8"?>
<!DOCTYPE TEI PUBLIC "-//TEI P5 MunchTEI//DTD TEI P5 Unified for Edvard Munch's Texts//EN" "file:/O:/Munchs tekster/Transkripsjoner/MunchTEI.dtd" >
<TEI xmlns="http://www.tei-c.org/ns/1.0" version="5.0" xml:id="No-MM_N0029-03">
<teiHeader>
 <fileDesc>
<titleStmt>
<title>No-MM_N0029-03.jpg</title>
</titleStmt>

<publicationStmt>
<p></p>
</publicationStmt>
<sourceDesc>
<p>2704 x 4064</p>
</sourceDesc>
 </fileDesc>
 <encodingDesc>


 
  <tagsDecl xml:id="imtAnnotationCategories"><rendition xml:id="transcription"><label>Contains the transcribed and TEI P5 encoded text of the objects</label><code rend="rectangle" lang="text/css">color: #ff0000</code></rendition><rendition xml:id="commentary"><label>Kommentarer</label><code rend="rectangle" lang="text/css">color: #00ff00</code></rendition><rendition xml:id="philologicalNotes"><label>Edisjonsfilologiske noter</label><code rend="rectangle" lang="text/css">color: #0000ff</code></rendition><rendition xml:id="textForSearch"><desc>transcriptional</desc><label>Søkbar tekst</label><code rend="rectangle" lang="text/css">color: #000000</code></rendition></tagsDecl><appInfo>
     <application ident="ImageMarkupTool01" version="1.8.1.2" notAfter="2009-03-19T09:47:24">
     <label>
     Image Markup Tool</label><desc>
     Tool for annotating images using TEI</desc><ref type="appURI" target="http://www.tapor.uvic.ca/~mholmes/image_markup/">
     </ref><ptr target="#imtAnnotatedImage"></ptr><ptr target="#imtImageAnnotations"></ptr><ptr target="#imtAnnotationCategories"></ptr></application>
     
     
     </appInfo></encodingDesc>
</teiHeader>
 <facsimile xml:id="imtAnnotatedImage"><surface><graphic url="No-MM_N0029-03.jpg" width="2704px" height="4064px"></graphic><zone xml:id="imtArea_0" rendition="transcription" ulx="112" uly="216" lrx="2552" lry="3712" rend="visible"></zone></surface></facsimile>
 <text>
  <body>
   <div xml:id="imtImageAnnotations"><div corresp="#imtArea_0" type="imtAnnotation"><head>&#x00A0;</head><div>
     <p rend="noIndent"><del rend="overwritten">En</del>At forklare et 
    <lb/>billede er umuligt 
      <lb/>&#x2013; <del rend="overstrike">n</del> <del rend="overwritten"><gap/></del>Det er netop 
    <lb/>fordi man ikke kan 
    <lb/>forklare det på anden 
    <lb/>måde at det er 
      <lb/>malt &#x2013;</p> 
    <p>Man kan <del rend="overstrike"><gap/></del>
    <lb/>blot gi et lidet fingerpeg 
    <lb/>i hvilken retning 
    <lb/>man har tenkt sig</p>
    <figure rend="longHorizRule"/>
    <p><handShift new="EM2"/>Jeg tror ikke på den 
    <lb/>kunst som <del rend="overwritten">e</del>ikke er tvungen 
    <lb/>sig frem ved menneskets 
    <lb/>trang til at åbne sit hjerte</p>
    <p>Al kunst <del rend="overstrike"><gap/></del> <unclear reason="writing">litratur</unclear> som 
    <lb/>musik må vare frembragt 
     <lb/><unclear reason="blurredInk">med ens</unclear> hjerteblod &#x2013;</p>
    <p>Kunsten er ens hjerteblod</p>
    </div></div></div>
  </body>
 </text>
</TEI>
