<?xml version="1.0" encoding="UTF-8"?>
<!DOCTYPE TEI PUBLIC "-//TEI P5 MunchTEI//DTD TEI P5 Unified for Edvard Munch's Texts//EN" "file:/O:/Munchs tekster/Transkripsjoner/MunchTEI.dtd" >
<TEI xmlns="http://www.tei-c.org/ns/1.0" version="5.0" xml:id="No-MM_N0059-01">
<teiHeader>
 <fileDesc>
<titleStmt>
<title>No-MM_N0059-01.jpg</title>
</titleStmt>

<publicationStmt>
<p></p>
</publicationStmt>
<sourceDesc>
<p>2704 x 4064</p>
</sourceDesc>
 </fileDesc>
 <encodingDesc>


 
  <tagsDecl xml:id="imtAnnotationCategories"><rendition xml:id="transcription"><label>Contains the transcribed and TEI P5 encoded text of the objects</label><code rend="rectangle" lang="text/css">color: #ff0000</code></rendition><rendition xml:id="commentary"><label>Kommentarer</label><code rend="rectangle" lang="text/css">color: #00ff00</code></rendition><rendition xml:id="philologicalNotes"><label>Edisjonsfilologiske noter</label><code rend="rectangle" lang="text/css">color: #0000ff</code></rendition><rendition xml:id="textForSearch"><desc>transcriptional</desc><label>Søkbar tekst</label><code rend="rectangle" lang="text/css">color: #000000</code></rendition></tagsDecl><appInfo>
     <application ident="ImageMarkupTool01" version="1.8.1.3" notAfter="2009-03-24T12:53:49">
     <label>
     Image Markup Tool</label><desc>
     Tool for annotating images using TEI</desc><ref type="appURI" target="http://www.tapor.uvic.ca/~mholmes/image_markup/">
     </ref><ptr target="#imtAnnotatedImage"></ptr><ptr target="#imtImageAnnotations"></ptr><ptr target="#imtAnnotationCategories"></ptr></application>
     
     
     </appInfo></encodingDesc>
</teiHeader>
 <facsimile xml:id="imtAnnotatedImage"><surface><graphic url="No-MM_N0059-01.jpg" width="2704px" height="4064px"></graphic><zone xml:id="imtArea_0" rendition="transcription" ulx="195" uly="258" lrx="2573" lry="3861" rend="visible"></zone></surface></facsimile>
 <text>
  <body>
   <div xml:id="imtImageAnnotations"><div corresp="#imtArea_0" type="imtAnnotation"><head>&#x00A0;</head><div>
    <p><unclear reason="writing">Har</unclear> <del rend="overwritten"><gap/></del> fra <gap reason="scribble"/>skyerne 
    <lb/>i en solnedgang i
    <lb/>en <del rend="overstrike">eller</del> sindsoprør 
    <lb/>hvirket på en som 
    <lb/>et blodigt dække
    <lb/><del rend="overstrike">der</del> &#x2013; kan det vel ikke 
    <lb/>nytte at male mer
    <lb/>almindelie skyer &#x2013;
    <lb/>&#x2013; Man går den 
    <lb/>direkte vei &#x2013; og
    <lb/>maler umiddelbart 
    <lb/>indtrykket &#x2013; billedet
    <lb/>&#x2013; maler <del rend="overwritten"><gap/></del>skyernes blod</p>
    <p>&#x2013; Et kunstværks virkning 
    <lb/>beror på <del rend="overstrike"><del rend="overwritten"><gap/></del>hvad og hvor</del> 
    <lb/>hvad det sier &#x2013;</p>
    <p>Man vil ha <del rend="overstrike">n</del> en
     <lb/>extract af naturen
     <lb/>&#x2013; kvadratroten af naturen &#x2013;</p>
    </div></div></div>
  </body>
 </text>
</TEI>
