<?xml version="1.0" encoding="UTF-8"?>
<!DOCTYPE TEI PUBLIC "-//TEI P5 MunchTEI//DTD TEI P5 Unified for Edvard Munch's Texts//EN" "file:/O:/Munchs tekster/Transkripsjoner/MunchTEI.dtd" >
<TEI xmlns="http://www.tei-c.org/ns/1.0" version="5.0" xml:id="No-MM_N0029-01">
<teiHeader>
 <fileDesc>
<titleStmt>
<title>No-MM_N0029-01.jpg</title>
</titleStmt>

<publicationStmt>
<p></p>
</publicationStmt>
<sourceDesc>
<p>2704 x 4064</p>
</sourceDesc>
 </fileDesc>
 <encodingDesc>


 
  <tagsDecl xml:id="imtAnnotationCategories"><rendition xml:id="transcription"><label>Contains the transcribed and TEI P5 encoded text of the objects</label><code rend="rectangle" lang="text/css">color: #ff0000</code></rendition><rendition xml:id="commentary"><label>Kommentarer</label><code rend="rectangle" lang="text/css">color: #00ff00</code></rendition><rendition xml:id="philologicalNotes"><label>Edisjonsfilologiske noter</label><code rend="rectangle" lang="text/css">color: #0000ff</code></rendition><rendition xml:id="textForSearch"><desc>transcriptional</desc><label>Søkbar tekst</label><code rend="rectangle" lang="text/css">color: #000000</code></rendition></tagsDecl><appInfo>
     <application ident="ImageMarkupTool01" version="1.8.1.2" notAfter="2009-03-19T09:46:18">
     <label>
     Image Markup Tool</label><desc>
     Tool for annotating images using TEI</desc><ref type="appURI" target="http://www.tapor.uvic.ca/~mholmes/image_markup/">
     </ref><ptr target="#imtAnnotatedImage"></ptr><ptr target="#imtImageAnnotations"></ptr><ptr target="#imtAnnotationCategories"></ptr></application>
     
     
     </appInfo></encodingDesc>
</teiHeader>
 <facsimile xml:id="imtAnnotatedImage"><surface><graphic url="No-MM_N0029-01.jpg" width="2704px" height="4064px"></graphic><zone xml:id="imtArea_0" rendition="transcription" ulx="272" uly="400" lrx="2484" lry="3848" rend="visible"></zone></surface></facsimile>
 <text>
  <body>
   <div xml:id="imtImageAnnotations"><div corresp="#imtArea_0" type="imtAnnotation"><head>&#x00A0;</head><div>
    <p>Idet hele taget</p> 
    <p>Kunsten <del rend="overstrike">bestå</del> kommer 
    <lb/>med et menneskes trang 
    <lb/>til at medele sig til 
     <lb/>et andet &#x2013;</p>
    <p>Alle midler er lige 
     <lb/>gode &#x2013;</p>
    <p><del rend="overstrike">Men</del></p> 
    <p>I Maleriet <add place="supralinear">som i literaturen</add> forvexler 
    <lb/>man ofte midlet med 
     <lb/>målet &#x2013; Naturen er 
     <lb/>midlet ikke målet &#x2013; 
    <lb/>Hvis man kan opnå 
    <lb/>noget ved at forandre 
     <lb/>naturen &#x2013; <del rend="overwritten"><gap/></del>må man 
     <lb/>gjøre det &#x2013;</p>
    <p><del rend="overstrike">Gjør et Landsk</del></p>
    <p>I en stærk sindstemn
    <lb/>ing</p> 
    </div></div></div>
  </body>
 </text>
</TEI>
