<?xml version="1.0" encoding="UTF-8"?>
<!DOCTYPE TEI PUBLIC "-//TEI P5 MunchTEI//DTD TEI P5 Unified for Edvard Munch's Texts//EN" "file:/O:/Munchs tekster/Transkripsjoner/MunchTEI.dtd" >
<TEI xmlns="http://www.tei-c.org/ns/1.0" version="5.0" xml:id="No-MM_N0072-00-01r">
<teiHeader>
 <fileDesc>
<titleStmt>
<title>No-MM_N0072-00-01r.jpg</title>
</titleStmt>

<publicationStmt>
<p></p>
</publicationStmt>
<sourceDesc>
<p>2704 x 4064</p>
</sourceDesc>
 </fileDesc>
 <encodingDesc>


 
  <tagsDecl xml:id="imtAnnotationCategories"><rendition xml:id="transcription"><label>Contains the transcribed and TEI P5 encoded text of the objects</label><code rend="rectangle" lang="text/css">color: #ff0000</code></rendition><rendition xml:id="commentary"><label>Kommentarer</label><code rend="rectangle" lang="text/css">color: #00ff00</code></rendition><rendition xml:id="philologicalNotes"><label>Edisjonsfilologiske noter</label><code rend="rectangle" lang="text/css">color: #0000ff</code></rendition><rendition xml:id="textForSearch"><desc>transcriptional</desc><label>Søkbar tekst</label><code rend="rectangle" lang="text/css">color: #000000</code></rendition></tagsDecl><appInfo>
     <application ident="ImageMarkupTool01" version="1.8.1.3" notAfter="2009-03-25T16:36:50">
     <label>
     Image Markup Tool</label><desc>
     Tool for annotating images using TEI</desc><ref type="appURI" target="http://www.tapor.uvic.ca/~mholmes/image_markup/">
     </ref><ptr target="#imtAnnotatedImage"></ptr><ptr target="#imtImageAnnotations"></ptr><ptr target="#imtAnnotationCategories"></ptr></application>
     
     
     </appInfo></encodingDesc>
</teiHeader>
 <facsimile xml:id="imtAnnotatedImage"><surface><graphic url="No-MM_N0072-00-01r.jpg" width="2704px" height="4064px"></graphic><zone xml:id="imtArea_0" rendition="transcription" ulx="199" uly="330" lrx="2509" lry="4024" rend="visible"></zone></surface></facsimile>
 <text>
  <body>
   <div xml:id="imtImageAnnotations"><div corresp="#imtArea_0" type="imtAnnotation"><head>&#x00A0;</head><div>
    <p>Jeg gik en aften udover en 
    <lb/>vei &#x2013; på den ene side lå 
    <lb/>byen og fjorden under mig &#x2013;</p>
    <p>Jeg var træt og syk &#x2013; jeg stod 
    <lb/>og så ut over fjorden &#x2013; <del rend="overstrike">og
    <lb/>lot <unclear>ve</unclear></del> Solen gik ned &#x2013; 
    <lb/><del rend="overstrike">luften &#x2013; fa</del> skyerne farvedes 
    <lb/>røde &#x2013; som blod &#x2013;</p>
    <p>Jeg følte som et skrik gjennem 
    <lb/>naturen &#x2013; jeg syntes at høre 
    <lb/>et skrik &#x2013;</p>
    <p>Jeg malte dette billede &#x2013;
    <lb/>malte skyerne som virkeli blod &#x2013;
    <lb/>&#x2013; Farverne skreg &#x2013;
    <lb/>Det blev billedet skrik i livsfrisen</p>
    <figure rend="shortHorizRule"><figDesc><handShift new="EM2"/></figDesc></figure>
    <p><handShift new="EM1"/>Da musikken en solklar vårdag 
    <lb/>kom nedover <placeName key="pl149">Karl Johan</placeName> &#x2013; fyldtes 
    <lb/>mit sind med fest &#x2013; Våren &#x2013; lyset 
    <lb/>musikken &#x2013; smeltede sammen til 
    <lb/>en dirrende glæde &#x2013; Musikken 
    <lb/>farvede og farverne &#x2013; <del rend="overstrike">Jeg lot farverne
     <lb/>dirre efter musikkens ryth i rythme</del></p> 
    <p>&#x2013; Jeg malte billedet og lot farverne 
    <lb/>dirre i rythme efter musikken &#x2013; Jeg malte de 
     <lb/>farver jeg da så
    </p>
    <figure rend="shortHorizRule"><figDesc><handShift new="EM2"/></figDesc></figure>
   </div></div></div>
  </body>
 </text>
</TEI>
