<?xml version="1.0" encoding="UTF-8"?>
<!DOCTYPE TEI PUBLIC "-//TEI P5 MunchTEI//DTD TEI P5 Unified for Edvard Munch's Texts//EN" "file:/O:/Munchs tekster/Transkripsjoner/MunchTEI.dtd" >
<TEI xmlns="http://www.tei-c.org/ns/1.0" version="5.0" xml:id="No-MM_N0129-00-01r">
<teiHeader>
 <fileDesc>
<titleStmt>
<title>No-MM_N0129-00-01r.jpg</title>
</titleStmt>

<publicationStmt>
<p></p>
</publicationStmt>
<sourceDesc>
<p>4064 x 2704</p>
</sourceDesc>
 </fileDesc>
 <encodingDesc>


 
  <tagsDecl xml:id="imtAnnotationCategories"><rendition xml:id="transcription"><label>Contains the transcribed and TEI P5 encoded text of the objects</label><code rend="rectangle" lang="text/css">color: #ff0000</code></rendition><rendition xml:id="commentary"><label>Kommentarer</label><code rend="rectangle" lang="text/css">color: #00ff00</code></rendition><rendition xml:id="philologicalNotes"><label>Edisjonsfilologiske noter</label><code rend="rectangle" lang="text/css">color: #0000ff</code></rendition><rendition xml:id="textForSearch"><desc>transcriptional</desc><label>Søkbar tekst</label><code rend="rectangle" lang="text/css">color: #000000</code></rendition></tagsDecl><appInfo>
     <application ident="ImageMarkupTool01" version="1.8.1.3" notAfter="2009-04-20T14:01:25">
     <label>
     Image Markup Tool</label><desc>
     Tool for annotating images using TEI</desc><ref type="appURI" target="http://www.tapor.uvic.ca/~mholmes/image_markup/">
     </ref><ptr target="#imtAnnotatedImage"></ptr><ptr target="#imtImageAnnotations"></ptr><ptr target="#imtAnnotationCategories"></ptr></application>
     
     
     </appInfo></encodingDesc>
</teiHeader>
 <facsimile xml:id="imtAnnotatedImage"><surface><graphic url="No-MM_N0129-00-01r.jpg" width="4064px" height="2704px"></graphic><zone xml:id="imtArea_0" rendition="transcription" ulx="257" uly="492" lrx="3789" lry="2553" rend="visible"></zone></surface></facsimile>
 <text>
  <body>
   <div xml:id="imtImageAnnotations"><div corresp="#imtArea_0" type="imtAnnotation"><head>&#x00A0;</head><div>
    <p>Jeg vil fremhæve <del rend="overstrike">at jeg</del>
    <lb/><del rend="overstrike"><gap/></del> min skrivelse til Musæumsdirektør
    <lb/><persName key="pe86">Gauffin</persName> var <del rend="overstrike">det</del> som et tilbud
    <lb/>til overveielse at jeg sendte <persName key="pe451">Strindberg</persName>
    <lb/>og jeg vil atter fremhæve at
    <lb/>det var impulsivt &#x2013;</p>
    <p>Altså Mus<del rend="overwritten">e</del>sæet har valget
    <lb/>mellem to forslag en samling
    <lb/>grafik og billedet
    <figure rend="longHorizRule"/></p>
    </div></div></div>
  </body>
 </text>
</TEI>
