<?xml version="1.0" encoding="UTF-8"?>
<!DOCTYPE TEI PUBLIC "-//TEI P5 MunchTEI//DTD TEI P5 Unified for Edvard Munch's Texts//EN" "file:/O:/Munchs tekster/Transkripsjoner/MunchTEI.dtd" >
<TEI xmlns="http://www.tei-c.org/ns/1.0" version="5.0" xml:id="No-MM_N0088-00-01r">
<teiHeader>
 <fileDesc>
<titleStmt>
<title>No-MM_N0088-00-01r.jpg</title>
</titleStmt>

<publicationStmt>
<p></p>
</publicationStmt>
<sourceDesc>
<p>2704 x 4064</p>
</sourceDesc>
 </fileDesc>
 <encodingDesc>


 
  <tagsDecl xml:id="imtAnnotationCategories"><rendition xml:id="transcription"><label>Contains the transcribed and TEI P5 encoded text of the objects</label><code rend="rectangle" lang="text/css">color: #ff0000</code></rendition><rendition xml:id="commentary"><label>Kommentarer</label><code rend="rectangle" lang="text/css">color: #00ff00</code></rendition><rendition xml:id="philologicalNotes"><label>Edisjonsfilologiske noter</label><code rend="rectangle" lang="text/css">color: #0000ff</code></rendition><rendition xml:id="textForSearch"><desc>transcriptional</desc><label>Søkbar tekst</label><code rend="rectangle" lang="text/css">color: #000000</code></rendition></tagsDecl><appInfo>
     <application ident="ImageMarkupTool01" version="1.8.1.3" notAfter="2009-03-27T13:56:15">
     <label>
     Image Markup Tool</label><desc>
     Tool for annotating images using TEI</desc><ref type="appURI" target="http://www.tapor.uvic.ca/~mholmes/image_markup/">
     </ref><ptr target="#imtAnnotatedImage"></ptr><ptr target="#imtImageAnnotations"></ptr><ptr target="#imtAnnotationCategories"></ptr></application>
     
     
     </appInfo></encodingDesc>
</teiHeader>
 <facsimile xml:id="imtAnnotatedImage"><surface><graphic url="No-MM_N0088-00-01r.jpg" width="2704px" height="4064px"></graphic><zone xml:id="imtArea_0" rendition="transcription" ulx="191" uly="887" lrx="2601" lry="3515" rend="visible"></zone></surface></facsimile>
 <text>
  <body>
   <div xml:id="imtImageAnnotations"><div corresp="#imtArea_0" type="imtAnnotation"><head>&#x00A0;</head><div>
    <p>Jeg fik af arkitekt <persName key="pe196">Holland</persName> 
    <lb/>sendt <orgName key="i132">Akersposten</orgName> hvori stod nævnt 
    <lb/><del rend="overstrike"><gap/></del> Schøiensprojektet
    <lb/>Her står at jeg har udtalt at 
    <lb/>jeg holdt på Skøienprojektet</p>
    <p>Jeg skrev da at jeg <del rend="overstrike">aldrig</del> ikke 
    <lb/>kunde huske at ha set <placeName key="pl2">Skøien</placeName> 
    <lb/>og derfor <del rend="overstrike">kund</del> <del rend="overstrike">ha</del> kunde jeg jo ikke 
    <lb/>ha udtalt dette &#x2013;</p>
    <p rend="extraAir">Jeg har heller ikke vist hvor
    <lb/>Skøien har været beliggende før <add place="inline">i det sidste</add> 
    <lb/><del rend="overstrike">end i går</del> &#x2013; Jeg har heller ikke udtalt 
    <lb/>noe bestemt ønske om at det <del rend="overstrike">blir opført</del> 
    <lb/>ikke blir opført der &#x2013;</p>
    <p><del rend="overstrike">Det er</del></p>
    <p>Det er mig om at gjøre at at 
    <lb/><persName key="pe443">Stenersens</persName> gave ikke <del rend="overstrike">blandes <gap/></del> misforståes 
    <lb/><unclear reason="writing">som</unclear> <del rend="overstrike">det</del> <del rend="overstrike">ser</del> <del rend="overwritten"><gap/></del>ofte mange tror det er det 
    <lb/>samme som det tidligere omtalte større 
    <lb/>mussæum af mine billeder <unclear><del rend="overstrike">der je</del></unclear> og som jeg ikke 
    <lb/>har ennu tat noget standpunkt til.</p>
    </div></div></div>
  </body>
 </text>
</TEI>
