<?xml version="1.0" encoding="UTF-8"?>
<!DOCTYPE TEI PUBLIC "-//TEI P5 MunchTEI//DTD TEI P5 Unified for Edvard Munch's Texts//EN" "file:/O:/Munchs tekster/Transkripsjoner/MunchTEI.dtd" >
<TEI xmlns="http://www.tei-c.org/ns/1.0" version="5.0" xml:id="No-MM_N0032-03">
<teiHeader>
 <fileDesc>
<titleStmt>
<title>No-MM_N0032-03.jpg</title>
</titleStmt>

<publicationStmt>
<p></p>
</publicationStmt>
<sourceDesc>
<p>2704 x 4064</p>
</sourceDesc>
 </fileDesc>
 <encodingDesc>


 
  <tagsDecl xml:id="imtAnnotationCategories"><rendition xml:id="transcription"><label>Contains the transcribed and TEI P5 encoded text of the objects</label><code rend="rectangle" lang="text/css">color: #ff0000</code></rendition><rendition xml:id="commentary"><label>Kommentarer</label><code rend="rectangle" lang="text/css">color: #00ff00</code></rendition><rendition xml:id="philologicalNotes"><label>Edisjonsfilologiske noter</label><code rend="rectangle" lang="text/css">color: #0000ff</code></rendition><rendition xml:id="textForSearch"><desc>transcriptional</desc><label>Sökbar tekst</label><code rend="rectangle" lang="text/css">color: #000000</code></rendition></tagsDecl><appInfo>
     <application ident="ImageMarkupTool01" version="1.8.1.2" notAfter="2009-03-19T11:21:07">
     <label>
     Image Markup Tool</label><desc>
     Tool for annotating images using TEI</desc><ref type="appURI" target="http://www.tapor.uvic.ca/~mholmes/image_markup/">
     </ref><ptr target="#imtAnnotatedImage"></ptr><ptr target="#imtImageAnnotations"></ptr><ptr target="#imtAnnotationCategories"></ptr></application>
     
     
     </appInfo></encodingDesc>
</teiHeader>
 <facsimile xml:id="imtAnnotatedImage"><surface><graphic url="No-MM_N0032-03.jpg" width="2704px" height="4064px"></graphic><zone xml:id="imtArea_0" rendition="transcription" ulx="404" uly="492" lrx="2548" lry="3580" rend="visible"></zone></surface></facsimile>
 <text>
  <body>
   <div xml:id="imtImageAnnotations"><div corresp="#imtArea_0" type="imtAnnotation"><head>&#x00A0;</head><div>
    <fw type="page">&#x2013; 3 &#x2013;</fw>
    <p>Det er deres styrke. &#x2013;</p>
    <p>Og har man ikke tænkt sig disse billeders tilblivelse i 
    <lb/>disse 30 aar &#x2013; et paa et bagkammer i <placeName key="pl70">Nizza</placeName> &#x2013; et paa et mörkt værelse 
    <lb/>i<seg type="accidentalSpace"/>et i <placeName key="pl17">Berlin</placeName> &#x2013; nogle i <placeName key="pl15">Norge</placeName>, altid paa reiser i de 
    <lb/>vanskeligste forhold under den ihærdigste forfölgelse, &#x2013; uden den 
    <lb/>mindste<seg rend="accidentalSpace"/>opmuntring. &#x2013;</p>
    <p>Billederne er jo meget beskedent ophængt nu. &#x2013;</p>
    <p>Det rum, der skulde dekoreres var nok nærmest et luftslot. &#x2013;</p>
    <p>Der var <del rend="overstrike"><gap/></del> ingen sluttet trop af borgere, der gav de
    <lb/><seg rend="accidentalSpace"/>til planens gjennemförelse. Selv ikke da den var saa 
    <lb/>langt fremme soj i begyndelsen af aarhundredet, da den dekorerer 
    <lb/>som fris de fire store vægge i <orgName key="i5">Berliner-sessionen</orgName> eller gik rundt 
    <lb/>væggene i <orgName key="i111">Dioramalokalet</orgName>. &#x2013;</p>
    <p>Havde da til rette tid den nödvendige opmuntring været, havde
    <lb/>nok virkningen været en anden &#x2013; og den havde nok faaet andre dimen-
    <lb/>sioner. &#x2013;
    <lb/><seg rend="accidentalSpace"/>havde nok givet et rigere og sterkere billede af livet 
    <lb/>end disse udpinte smaa dokumenter. &#x2013;</p>
    <p>Jeg ber de kritikere, jeg antyder til, gaa op en dag med
    <lb/>sterkt varmt solskin, der i soldis smelter billedserien sammen &#x2013;
    <lb/>Ikke se saa pedantisk paa forskjelæi teknik og ellers paa pedantisk 
    <lb/>artisteri. &#x2013; Jeg tror alligevel de vil se intensionen og ogsaa 
    <lb/>finde der er megen samklang i billedrækken. &#x2013;</p>
    <p>Tapetsering av vægge har aldrig lagt for mig &#x2013; <del rend="overstrike">og</del> se 
    <lb/>kan jeg det. &#x2013;</p>
    <p>Jeg tænker paa det sixtinske kapel. &#x2013; Det er ingen tapet-
    <lb/>virkning i <persName key="pe837">Michel Angelos</persName> verker. &#x2013; Det er dekorative billeder, 
     <lb/>der er<add place="inline"> </add>sat sammen. &#x2013; Men alligevel finder jeg salen er <placeName key="pl139">nordens</placeName> skjön-
    <lb/>neste. &#x2013;</p>
    </div></div></div>
  </body>
 </text>
</TEI>
