<?xml version="1.0" encoding="UTF-8"?>
<!DOCTYPE TEI PUBLIC "-//TEI P5 MunchTEI//DTD TEI P5 Unified for Edvard Munch's Texts//EN" "file:/O:/Munchs tekster/Transkripsjoner/MunchTEI.dtd" >
<TEI xmlns="http://www.tei-c.org/ns/1.0" version="5.0" xml:id="No-MM_N0079-02">
<teiHeader>
 <fileDesc>
<titleStmt>
<title>No-MM_N0079-02.jpg</title>
</titleStmt>

<publicationStmt>
<p></p>
</publicationStmt>
<sourceDesc>
<p>2704 x 4064</p>
</sourceDesc>
 </fileDesc>
 <encodingDesc>


 
  <tagsDecl xml:id="imtAnnotationCategories"><rendition xml:id="transcription"><label>Contains the transcribed and TEI P5 encoded text of the objects</label><code rend="rectangle" lang="text/css">color: #ff0000</code></rendition><rendition xml:id="commentary"><label>Kommentarer</label><code rend="rectangle" lang="text/css">color: #00ff00</code></rendition><rendition xml:id="philologicalNotes"><label>Edisjonsfilologiske noter</label><code rend="rectangle" lang="text/css">color: #0000ff</code></rendition><rendition xml:id="textForSearch"><desc>transcriptional</desc><label>Søkbar tekst</label><code rend="rectangle" lang="text/css">color: #000000</code></rendition></tagsDecl><appInfo>
     <application ident="ImageMarkupTool01" version="1.8.1.3" notAfter="2009-03-26T12:51:01">
     <label>
     Image Markup Tool</label><desc>
     Tool for annotating images using TEI</desc><ref type="appURI" target="http://www.tapor.uvic.ca/~mholmes/image_markup/">
     </ref><ptr target="#imtAnnotatedImage"></ptr><ptr target="#imtImageAnnotations"></ptr><ptr target="#imtAnnotationCategories"></ptr></application>
     
     
     </appInfo></encodingDesc>
</teiHeader>
 <facsimile xml:id="imtAnnotatedImage"><surface><graphic url="No-MM_N0079-02.jpg" width="2704px" height="4064px"></graphic><zone xml:id="imtArea_0" rendition="transcription" ulx="131" uly="354" lrx="2513" lry="3670" rend="visible"></zone></surface></facsimile>
 <text>
  <body>
   <div xml:id="imtImageAnnotations"><div corresp="#imtArea_0" type="imtAnnotation"><head>&#x00A0;</head><div>
    <p rend="extraAir">Hva gjør annet end at 
    <lb/>end at profetere at kunsten 
    <lb/>er færdi &#x2013; Finis artistes &#x2013;</p>
    <p><del rend="overstrike">&#x2013; D</del></p> 
    <p><del rend="overstrike">K</del> Arkitekturen er ny 
    <lb/>med <gap reason="scribble"/> enkle flader og rum &#x2013;
    <lb/>&#x2013; De små billeder trænges 
    <lb/>ikke så meget &#x2013;</p>
    <p>Ophobning af nibs og planter 
    <lb/>og <del rend="overstrike"><del rend="overwritten"><gap/></del>G<gap/></del> <del rend="overstrike">b</del> de små billeder 
    <lb/>med den flygtende <del rend="overwritten">h</del>Gjort &#x2013; 
    <lb/>den <unclear reason="writing">sirlige</unclear> horisont med
    <lb/>festning og kirkespir &#x2013; det yndig 
    <lb/>kyssende par i måneskin en 
    <lb/>overflade &#x2013;</p>
    <p>Men de store flader trænger 
    <lb/>alligevel liv og farver &#x2013;</p> 
    <p><del rend="overstrike">Kuns</del> Man går til <del rend="overstrike">kun</del> 
    <lb/>maleren og</p>    
   </div></div></div>
  </body>
 </text>
</TEI>
