<?xml version="1.0" encoding="UTF-8"?>
<!DOCTYPE TEI PUBLIC "-//TEI P5 MunchTEI//DTD TEI P5 Unified for Edvard Munch's Texts//EN" "file:/O:/Munchs tekster/Transkripsjoner/MunchTEI.dtd" >
<TEI xmlns="http://www.tei-c.org/ns/1.0" version="5.0" xml:id="No-MM_N0051-00-01r">
<teiHeader>
 <fileDesc>
<titleStmt>
<title>No-MM_N0051-00-01r.jpg</title>
</titleStmt>

<publicationStmt>
<p></p>
</publicationStmt>
<sourceDesc>
<p>2704 x 4064</p>
</sourceDesc>
 </fileDesc>
 <encodingDesc>


 
  <tagsDecl xml:id="imtAnnotationCategories"><rendition xml:id="transcription"><label>Contains the transcribed and TEI P5 encoded text of the objects</label><code rend="rectangle" lang="text/css">color: #ff0000</code></rendition><rendition xml:id="commentary"><label>Kommentarer</label><code rend="rectangle" lang="text/css">color: #00ff00</code></rendition><rendition xml:id="philologicalNotes"><label>Edisjonsfilologiske noter</label><code rend="rectangle" lang="text/css">color: #0000ff</code></rendition><rendition xml:id="textForSearch"><desc>transcriptional</desc><label>Søkbar tekst</label><code rend="rectangle" lang="text/css">color: #000000</code></rendition></tagsDecl><appInfo>
     <application ident="ImageMarkupTool01" version="1.8.1.3" notAfter="2009-03-23T15:03:05">
     <label>
     Image Markup Tool</label><desc>
     Tool for annotating images using TEI</desc><ref type="appURI" target="http://www.tapor.uvic.ca/~mholmes/image_markup/">
     </ref><ptr target="#imtAnnotatedImage"></ptr><ptr target="#imtImageAnnotations"></ptr><ptr target="#imtAnnotationCategories"></ptr></application>
     
     
     </appInfo></encodingDesc>
</teiHeader>
 <facsimile xml:id="imtAnnotatedImage"><surface><graphic url="No-MM_N0051-00-01r.jpg" width="2704px" height="4064px"></graphic><zone xml:id="imtArea_0" rendition="transcription" ulx="167" uly="696" lrx="2585" lry="3559" rend="visible"></zone></surface></facsimile>
 <text>
  <body>
   <div xml:id="imtImageAnnotations"><div corresp="#imtArea_0" type="imtAnnotation"><head>&#x00A0;</head><div>
    <p rend="extraAir"><placeName key="pl20">Oslo</placeName> som kunstby<seg type="interpunctionalSpace"/>Fresco maleri 
    <lb/>contra olie maleri <del rend="overstrike">som</del> til dekorativ brug
    <lb/><del rend="overstrike">Fresco spids spids</del> Fresco spits-Reitern &#x2013;
    <lb/>Har <ref type="lemma" target="co2">Aula billederne</ref> været tat <add place="supralinear">ned</add> og restaurert? &#x2013;
    <lb/><add place="inBetweenLines"><del rend="overstrike">som be</del> og altså været ødelagt?</add>
    <lb/><del rend="overwritten"><gap/></del>Korespondance fra <placeName key="pl20">Oslo</placeName> til <orgName key="i125">Frankfurter Zeitung</orgName></p>
    <p>Der har i lange tider <del rend="overstrike">været</del> 
    <lb/>i tale skrifter &#x2013; koresponcer og været <del rend="overwritten"><gap/></del>drevet 
    <lb/>stærk propaganda for Frescomaleriet &#x2013; <add place="inBetweenLines">som 
    <lb/>påståes at være den eneste dekorative kunstart</add></p>
    <p><del rend="overstrike">Det sk</del> Mine <ref type="lemma" target="co2">Aula billeder</ref> får hvis de 
    <lb/>overhovedet nævnes en beskjeden plads som 
    <lb/>en fortjenstfuld famlende begynnelse og så er 
    <lb/>det <del rend="overstrike">uhel</del> uheldigvis oliemaling. <add place="inBetweenLines">Freia billederne 
    <lb/>er helt boycottet</add></p>
    <p>Det er riktig at den skjønne fresco teknik 
    <lb/>gjennemoptages <del rend="overstrike">er fortj</del> ved siden af oliemaleriet 
    <lb/>og er fortjen<del rend="overwritten"><gap/></del>stfuldt. Men den i århundreder oparbeidet 
    <lb/>olieteknik med sine lysende kraftige og saftige 
    <lb/>farver vil aldrig frescomaleriet nå &#x2013;</p>
    <p>Så er det holdbarheden<del rend="overwritten">&#x2013;</del>: Der skumles 
    <lb/>i artikkelen om at mine <ref type="lemma" target="co2">Aulabilleder</ref> har 
    <lb/>måttet tas <del rend="overstrike"><gap/></del> ned forat restaureres. Altså allerede 
    <lb/>skadet. Dette har intet med sandheten at gjøre
    <lb/>og</p>
   </div></div></div>
  </body>
 </text>
</TEI>
