<?xml version="1.0" encoding="UTF-8"?>
<!DOCTYPE TEI PUBLIC "-//TEI P5 MunchTEI//DTD TEI P5 Unified for Edvard Munch's Texts//EN" "file:/O:/Munchs tekster/Transkripsjoner/MunchTEI.dtd" >
<TEI xmlns="http://www.tei-c.org/ns/1.0" version="5.0" xml:id="No-MM_N0102-03">
<teiHeader>
 <fileDesc>
<titleStmt>
<title>No-MM_N0102-03.jpg</title>
</titleStmt>

<publicationStmt>
<p></p>
</publicationStmt>
<sourceDesc>
<p>2704 x 4064</p>
</sourceDesc>
 </fileDesc>
 <encodingDesc>


 
  <tagsDecl xml:id="imtAnnotationCategories"><rendition xml:id="transcription"><label>Contains the transcribed and TEI P5 encoded text of the objects</label><code rend="rectangle" lang="text/css">color: #ff0000</code></rendition><rendition xml:id="commentary"><label>Kommentarer</label><code rend="rectangle" lang="text/css">color: #00ff00</code></rendition><rendition xml:id="philologicalNotes"><label>Edisjonsfilologiske noter</label><code rend="rectangle" lang="text/css">color: #0000ff</code></rendition><rendition xml:id="textForSearch"><desc>transcriptional</desc><label>Søkbar tekst</label><code rend="rectangle" lang="text/css">color: #000000</code></rendition></tagsDecl><appInfo>
     <application ident="ImageMarkupTool01" version="1.8.1.3" notAfter="2009-04-03T10:18:29">
     <label>
     Image Markup Tool</label><desc>
     Tool for annotating images using TEI</desc><ref type="appURI" target="http://www.tapor.uvic.ca/~mholmes/image_markup/">
     </ref><ptr target="#imtAnnotatedImage"></ptr><ptr target="#imtImageAnnotations"></ptr><ptr target="#imtAnnotationCategories"></ptr></application>
     
     
     </appInfo></encodingDesc>
</teiHeader>
 <facsimile xml:id="imtAnnotatedImage"><surface><graphic url="No-MM_N0102-03.jpg" width="2704px" height="4064px"></graphic><zone xml:id="imtArea_0" rendition="transcription" ulx="163" uly="362" lrx="2263" lry="3678" rend="visible"></zone></surface></facsimile>
 <text>
  <body>
   <div xml:id="imtImageAnnotations"><div corresp="#imtArea_0" type="imtAnnotation"><head>&#x00A0;</head><div>
    <p>Jeg skraber alti ud og maler
    <lb/>efter på &#x2013;</p>
    <p><add place="inBetweenLines"><ref type="lemma" target="co6">Brandt</ref> hørte ikke mer på ham</add>
    <lb/><del rend="overstrike">Så b</del></p>
    <p><del rend="overstrike"><ref type="lemma" target="co6">Brandt</ref></del> <add place="supralinear">Han</add> hørte <ref type="lemma" target="co5">fru Heibergs</ref>
    <lb/>stemme i gangen &#x2013; en kort latter</p>
    <p>Goddag Goddag
    <lb/><ref type="lemma" target="co5">Fru Heiberg</ref> kom ind og
    <lb/>hilste på <persName key="pe188">Hertzberg</persName></p>
    <p>Så fik hun øie på <ref type="lemma" target="co6">Brandt</ref>
    <lb/>Goddag, Nå &#x2013; hvorfor
    <lb/>har de ikke besøgt <del rend="overstrike"><gap/></del> mig</p>
    <p>Jeg har havt det så travlt
    <lb/>i det sidste sa <ref type="lemma" target="co6">Brandt</ref></p>
    <p>Hans stemme var <del rend="overwritten"><gap/></del>lidt
    <lb/>uklar</p>
    <p>Hun så så gla ud ved
    <lb/>at se ham &#x2013; Og hvor
    <lb/><del rend="overstrike">søg</del> sød hun var i de<del rend="overwritten">t</del>n lette
    <lb/>lyseblå <gap reason="scribble"/>kjole og den svære</p>
    </div></div></div>
  </body>
 </text>
</TEI>
