<?xml version="1.0" encoding="UTF-8"?>
<!DOCTYPE TEI PUBLIC "-//TEI P5 MunchTEI//DTD TEI P5 Unified for Edvard Munch's Texts//EN" "file:/O:/Munchs tekster/Transkripsjoner/MunchTEI.dtd" >
<TEI xmlns="http://www.tei-c.org/ns/1.0" version="5.0" xml:id="No-MM_N0113-01">
<teiHeader>
 <fileDesc>
<titleStmt>
<title>No-MM_N0113-01.jpg</title>
</titleStmt>

<publicationStmt>
<p></p>
</publicationStmt>
<sourceDesc>
<p>2704 x 4064</p>
</sourceDesc>
 </fileDesc>
 <encodingDesc>


 
  <tagsDecl xml:id="imtAnnotationCategories"><rendition xml:id="transcription"><label>Contains the transcribed and TEI P5 encoded text of the objects</label><code rend="rectangle" lang="text/css">color: #ff0000</code></rendition><rendition xml:id="commentary"><label>Kommentarer</label><code rend="rectangle" lang="text/css">color: #00ff00</code></rendition><rendition xml:id="philologicalNotes"><label>Edisjonsfilologiske noter</label><code rend="rectangle" lang="text/css">color: #0000ff</code></rendition><rendition xml:id="textForSearch"><desc>transcriptional</desc><label>Søkbar tekst</label><code rend="rectangle" lang="text/css">color: #000000</code></rendition></tagsDecl><appInfo>
     <application ident="ImageMarkupTool01" version="1.8.1.3" notAfter="2009-04-14T11:42:33">
     <label>
     Image Markup Tool</label><desc>
     Tool for annotating images using TEI</desc><ref type="appURI" target="http://www.tapor.uvic.ca/~mholmes/image_markup/">
     </ref><ptr target="#imtAnnotatedImage"></ptr><ptr target="#imtImageAnnotations"></ptr><ptr target="#imtAnnotationCategories"></ptr></application>
     
     
     </appInfo></encodingDesc>
</teiHeader>
 <facsimile xml:id="imtAnnotatedImage"><surface><graphic url="No-MM_N0113-01.jpg" width="2704px" height="4064px"></graphic><zone xml:id="imtArea_0" rendition="transcription" ulx="167" uly="374" lrx="2541" lry="3452" rend="visible"></zone></surface></facsimile>
 <text>
  <body>
   <div xml:id="imtImageAnnotations"><div corresp="#imtArea_0" type="imtAnnotation"><head>&#x00A0;</head><div>
    <p>Har jeg solten &#x2013; Nei fanen <del rend="overwritten">h</del>mig
    <lb/>jeg <del rend="overwritten"><gap/></del>vil leve af vann det har jeg 
    <lb/>gjort hele mi liv</p>
    <p rend="noIndent-extraAir"><del rend="overwritten">D</del>Jeg vil fanen ikke ligge hjemme og snyte
    <lb/>gam<del rend="overwritten"><gap/></del>le kjærringer for <del rend="overwritten"><gap/></del><unclear reason="writing">ører</unclear> og bukke <gap reason="writing"></gap></p>
    <p>Det er ikke de hjerte i <persName key="pe486">August</persName>
     <lb/><unclear reason="writing">sin Jakob</unclear> &#x2013;</p>
    <p>Nå harn akke<del rend="overwritten"><gap/></del>dert me franskmannen
    <lb/><gap reason="writing"></gap> og så fårn sin del han &#x2013;</p>
    <p rend="extraAir">Jeg sællern fanen ikke
    <lb/>Stor lurifas den <persName key="pe486">August</persName>
    <lb/>Han vil bedra mig &#x2013;</p>
    <p>Har jeg soltn &#x2013;
    <lb/>Å mye for
    <lb/>3500 fr &#x2013; Å fanen &#x2013; <unclear reason="writing">taber</unclear> <gap reason="writing"/>
    <lb/>jeg git mye mer &#x2013;</p>
    <p>Sællern ikke &#x2013;
    <lb/>Annulerer det hele &#x2013; får <del rend="overwritten"><gap/></del>attest for
    <lb/>at jeg snakker i ørska &#x2013;</p>
    <p>De skrev under
    <lb/>Skrev jeg under<seg type="interpunctionalSpace"/>neigu gjore jeg det</p>
    </div></div></div>
  </body>
 </text>
</TEI>
