<?xml version="1.0" encoding="UTF-8"?>
<!DOCTYPE TEI PUBLIC "-//TEI P5 MunchTEI//DTD TEI P5 Unified for Edvard Munch's Texts//EN" "file:/O:/Munchs tekster/Transkripsjoner/MunchTEI.dtd" >
<TEI xmlns="http://www.tei-c.org/ns/1.0" version="5.0" xml:id="No-MM_N0112-03">
<teiHeader>
 <fileDesc>
<titleStmt>
<title>No-MM_N0112-03.jpg</title>
</titleStmt>

<publicationStmt>
<p></p>
</publicationStmt>
<sourceDesc>
<p>2704 x 4064</p>
</sourceDesc>
 </fileDesc>
 <encodingDesc>


 
  <tagsDecl xml:id="imtAnnotationCategories"><rendition xml:id="transcription"><label>Contains the transcribed and TEI P5 encoded text of the objects</label><code rend="rectangle" lang="text/css">color: #ff0000</code></rendition><rendition xml:id="commentary"><label>Kommentarer</label><code rend="rectangle" lang="text/css">color: #00ff00</code></rendition><rendition xml:id="philologicalNotes"><label>Edisjonsfilologiske noter</label><code rend="rectangle" lang="text/css">color: #0000ff</code></rendition><rendition xml:id="textForSearch"><desc>transcriptional</desc><label>Søkbar tekst</label><code rend="rectangle" lang="text/css">color: #000000</code></rendition></tagsDecl><appInfo>
     <application ident="ImageMarkupTool01" version="1.8.1.3" notAfter="2009-04-14T09:58:56">
     <label>
     Image Markup Tool</label><desc>
     Tool for annotating images using TEI</desc><ref type="appURI" target="http://www.tapor.uvic.ca/~mholmes/image_markup/">
     </ref><ptr target="#imtAnnotatedImage"></ptr><ptr target="#imtImageAnnotations"></ptr><ptr target="#imtAnnotationCategories"></ptr></application>
     
     
     </appInfo></encodingDesc>
</teiHeader>
 <facsimile xml:id="imtAnnotatedImage"><surface><graphic url="No-MM_N0112-03.jpg" width="2704px" height="4064px"></graphic><zone xml:id="imtArea_0" rendition="transcription" ulx="131" uly="330" lrx="2521" lry="3352" rend="visible"></zone></surface></facsimile>
 <text>
  <body>
   <div xml:id="imtImageAnnotations"><div corresp="#imtArea_0" type="imtAnnotation"><head>&#x00A0;</head><div>
    <p rend="noIndent">hende nu skulde han træffe hende på
    <lb/>gaden <del rend="overstrike">&#x2013; og</del> <del rend="overstrike">de skulde</del> han skulde
    <lb/><unclear reason="writing">vidte</unclear> om hun endnu var gla i ham</p>
    <p><add place="inBetweenLines"><del rend="overwritten"><gap/></del>Det længe ventede øieblik var kommen &#x2013;</add>
    <lb/>Hun <del rend="overstrike">kom sam</del> var i følge med
    <lb/>en veninde da han traf hende på <placeName key="pl149">Karl Johans gade</placeName> ved <unclear reason="writing">tre</unclear>tiden</p>
    <p>Han hilste høitideli &#x2013; smilende lidt forlegent
    <lb/>&#x2013; hun <del rend="overstrike">nikket</del> <del rend="overwritten"><gap/></del>bøiet hode &#x2013; <del rend="overwritten">s</del>med <del rend="overstrike">et <unclear>virkeli</unclear></del>
     <lb/>smil <del rend="overwritten">&#x2013;</del>over hele ansigtet</p>
    <p>Hvor han synes hun var anderledes her
    <lb/>&#x2013; en ganske anden &#x2013; mere fornem &#x2013; endnu penere</p>
    <p>&#x2013; Hvordan skulde han få tale med <del rend="overstrike">sa</del>
    <lb/>hende &#x2013; De næste dage mødte han hende, men 
    <lb/><del rend="overstrike">al<gap/></del> alene &#x2013;  &#x2013; men altid i <unclear reason="writing">følle</unclear></p>
    <p>Han lå om natten og udspekulerte de mest
    <lb/><unclear reason="writing">h</unclear>vanvittige ting for at kunne få tale med hende
    <lb/>&#x2013; skulde han sende en billet <del rend="overwritten"><gap/></del>me en blomsterbuket
    <lb/>&#x2013; <del rend="overwritten">h</del>men han opga det <del rend="overstrike">d</del> ræd som han altid var for at handle</p>
    <p>Han sto timevis i <del rend="overstrike">et</del> en port ligeover
    <lb/>for huset og så efter hende &#x2013; men <del rend="overstrike"><gap/></del>
    <lb/>uden nytte &#x2013;</p>
    <p>Han kunde ikke kunde ikke <del rend="overstrike">læg</del> længer
    <lb/>gå slig i denne altfortærende længsel &#x2013;</p>
    <p>Så kom han hjem en dag og satte sig vid
    <lb/>middagsborde <del rend="overstrike">m</del> som en søvngjænger &#x2013; <unclear reason="writing">men</unclear> øine der så
    <lb/>uden at fatte &#x2013;</p>
    </div></div></div>
  </body>
 </text>
</TEI>
