<?xml version="1.0" encoding="UTF-8"?>
<!DOCTYPE TEI PUBLIC "-//TEI P5 MunchTEI//DTD TEI P5 Unified for Edvard Munch's Texts//EN" "file:/O:/Munchs tekster/Transkripsjoner/MunchTEI.dtd" >
<TEI xmlns="http://www.tei-c.org/ns/1.0" version="5.0" xml:id="No-MM_N0025-01">
<teiHeader>
 <fileDesc>
<titleStmt>
<title>No-MM_N0025-01.jpg</title>
</titleStmt>

<publicationStmt>
<p></p>
</publicationStmt>
<sourceDesc>
<p>2704 x 4064</p>
</sourceDesc>
 </fileDesc>
 <encodingDesc>


 
  <tagsDecl xml:id="imtAnnotationCategories"><rendition xml:id="transcription"><label>Contains the transcribed and TEI P5 encoded text of the objects</label><code rend="rectangle" lang="text/css">color: #ff0000</code></rendition><rendition xml:id="commentary"><label>Kommentarer</label><code rend="rectangle" lang="text/css">color: #00ff00</code></rendition><rendition xml:id="philologicalNotes"><label>Edisjonsfilologiske noter</label><code rend="rectangle" lang="text/css">color: #0000ff</code></rendition><rendition xml:id="textForSearch"><desc>transcriptional</desc><label>Søkbar tekst</label><code rend="rectangle" lang="text/css">color: #000000</code></rendition></tagsDecl><appInfo>
     <application ident="ImageMarkupTool01" version="1.8.1.2" notAfter="2009-03-18T14:30:46">
     <label>
     Image Markup Tool</label><desc>
     Tool for annotating images using TEI</desc><ref type="appURI" target="http://www.tapor.uvic.ca/~mholmes/image_markup/">
     </ref><ptr target="#imtAnnotatedImage"></ptr><ptr target="#imtImageAnnotations"></ptr><ptr target="#imtAnnotationCategories"></ptr></application>
     
     
     </appInfo></encodingDesc>
</teiHeader>
 <facsimile xml:id="imtAnnotatedImage"><surface><graphic url="No-MM_N0025-01.jpg" width="2704px" height="4064px"></graphic><zone xml:id="imtArea_0" rendition="transcription" ulx="48" uly="592" lrx="2460" lry="3536" rend="visible"></zone></surface></facsimile>
 <text>
  <body>
   <div xml:id="imtImageAnnotations"><div corresp="#imtArea_0" type="imtAnnotation"><head>&#x00A0;</head><div>
    <opener><salute><handShift new="EM2"/>Hochverehrte und gnadige Frau!</salute></opener>
    <p rend="extraAir"><handShift new="EM2"/>Ich danke Ihnen für Ihre
    <lb/>freundliche Briefe &#x2013;</p>
    <p rend="noIndent-extraAir"><handShift new="EM1"/><unclear reason="writing">Backanalen</unclear> til hans Ære  
    <lb/>&#x2013; og efterpå lagt til <orgName key="i456">Uhl</orgName> 
    <lb/>med sine Venner i <unclear reason="writing"><orgName key="i118">Schwarzen Ferkel</orgName></unclear>
    <lb/>&#x2013; Der sad han med <unclear reason="writing">Kjæmpeskjæmt</unclear>
    <lb/>&#x2013; og det lille <del rend="overwritten">s</del>Smil snart sarkastisk 
    <lb/>snart barnslig</p>
    <p>Så i <placeName key="pl16">Paris</placeName> &#x2013; hvor han får 
    <lb/>Hvede af si<del rend="overwritten">t</del>n Rug &#x2013; skulde 
    <lb/>ned i Helvetes dybe S<del rend="overwritten">k</del>jagter
    <lb/>&#x2013; Han gik <unclear reason="writing">med iver nær ved</unclear></p>    
   </div></div></div>
  </body>
 </text>
</TEI>