<?xml version="1.0" encoding="UTF-8"?>
<!DOCTYPE TEI PUBLIC "-//TEI P5 MunchTEI//DTD TEI P5 Unified for Edvard Munch's Texts//EN" "file:/O:/Munchs tekster/Transkripsjoner/MunchTEI.dtd" >
<TEI xmlns="http://www.tei-c.org/ns/1.0" version="5.0" xml:id="No-MM_N0149-00-01r">
<teiHeader>
 <fileDesc>
<titleStmt>
<title>No-MM_N0149-00-01r.jpg</title>
</titleStmt>

<publicationStmt>
<p></p>
</publicationStmt>
<sourceDesc>
<p>2704 x 4064</p>
</sourceDesc>
 </fileDesc>
 <encodingDesc>


 
  <tagsDecl xml:id="imtAnnotationCategories"><rendition xml:id="transcription"><label>Contains the transcribed and TEI P5 encoded text of the objects</label><code rend="rectangle" lang="text/css">color: #ff0000</code></rendition><rendition xml:id="commentary"><label>Kommentarer</label><code rend="rectangle" lang="text/css">color: #00ff00</code></rendition><rendition xml:id="philologicalNotes"><label>Edisjonsfilologiske noter</label><code rend="rectangle" lang="text/css">color: #0000ff</code></rendition><rendition xml:id="textForSearch"><desc>transcriptional</desc><label>Søkbar tekst</label><code rend="rectangle" lang="text/css">color: #000000</code></rendition></tagsDecl><appInfo>
     <application ident="ImageMarkupTool01" version="1.8.1.3" notAfter="2009-04-27T14:56:13">
     <label>
     Image Markup Tool</label><desc>
     Tool for annotating images using TEI</desc><ref type="appURI" target="http://www.tapor.uvic.ca/~mholmes/image_markup/">
     </ref><ptr target="#imtAnnotatedImage"></ptr><ptr target="#imtImageAnnotations"></ptr><ptr target="#imtAnnotationCategories"></ptr></application>
     
     
     </appInfo></encodingDesc>
</teiHeader>
 <facsimile xml:id="imtAnnotatedImage"><surface><graphic url="No-MM_N0149-00-01r.jpg" width="2704px" height="4064px"></graphic><zone xml:id="imtArea_0" rendition="transcription" ulx="461" uly="378" lrx="2517" lry="3905" rend="visible"></zone></surface></facsimile>
 <text>
  <body>
   <div xml:id="imtImageAnnotations"><div corresp="#imtArea_0" type="imtAnnotation"><head>&#x00A0;</head><div>
    <p><persName key="pe627">Munchs</persName> far gik helt
    <lb/>op i sine børn.
    <lb/>Omsorgsfuld til det yderste
    <lb/>og deres legekammerat &#x2013;
    <lb/>Samtidig var han stræng
    <lb/>religiøs og heftigheden kunde
    <lb/>ofte løbe af med ham &#x2013;
    <lb/><add place="inBetweenLines"><unclear><del rend="overwritten">og</del>Han</unclear> var stærk nervøs <del rend="overstrike"><gap/></del></add>
    <lb/>Han var en udpræget
    <lb/>Kunstnernatur om der end
    <lb/>ikke lå for ham <del rend="overstrike">at</del> tegning
    <lb/>men han fortalte ypperli
    <lb/>spændende <del rend="overstrike">f</del> historier og
    <lb/>eventyr &#x2013; Sagaen fortalte
    <lb/>han <del rend="overstrike">os</del> <del rend="overstrike">børn</del> gutterne
    <lb/>stadi<seg type="interpunctionalSpace"/><del rend="overwritten">h</del>Han kunde denne
    <lb/>udenad &#x2013;</p>
    <p>I <del rend="overstrike">slæ</del> farslægten var
    <lb/>der mange <del rend="overwritten"><gap/></del>digtere og kunstnere
    <lb/><persName key="pe883">Edvard Storm</persName> hans Oldemors
    <lb/>bror &#x2013; Hun var gift med
    <lb/>Vaagepræsten <persName key="pe1297">Munch</persName> &#x2013;
    <lb/>Maleren <persName key="pe1295">Jacob Munch</persName> <del rend="overstrike">var</del>
    <lb/>var hans grandonkel og
    <lb/><persName key="pe594">Thaulows</persName> bedstefar &#x2013; Så var</p>
    </div></div></div>
  </body>
 </text>
</TEI>
