<?xml version="1.0" encoding="UTF-8"?>
<!DOCTYPE TEI PUBLIC "-//TEI P5 MunchTEI//DTD TEI P5 Unified for Edvard Munch's Texts//EN" "file:/O:/Munchs tekster/Transkripsjoner/MunchTEI.dtd" >
<TEI xmlns="http://www.tei-c.org/ns/1.0" version="5.0" xml:id="No-MM_N0125-00-01r">
<teiHeader>
 <fileDesc>
<titleStmt>
<title>No-MM_N0125-00-01r.jpg</title>
</titleStmt>

<publicationStmt>
<p></p>
</publicationStmt>
<sourceDesc>
<p>2704 x 4064</p>
</sourceDesc>
 </fileDesc>
 <encodingDesc>


 
  <tagsDecl xml:id="imtAnnotationCategories"><rendition xml:id="transcription"><label>Contains the transcribed and TEI P5 encoded text of the objects</label><code rend="rectangle" lang="text/css">color: #ff0000</code></rendition><rendition xml:id="commentary"><label>Kommentarer</label><code rend="rectangle" lang="text/css">color: #00ff00</code></rendition><rendition xml:id="philologicalNotes"><label>Edisjonsfilologiske noter</label><code rend="rectangle" lang="text/css">color: #0000ff</code></rendition><rendition xml:id="textForSearch"><desc>transcriptional</desc><label>Søkbar tekst</label><code rend="rectangle" lang="text/css">color: #000000</code></rendition></tagsDecl><appInfo>
     <application ident="ImageMarkupTool01" version="1.8.1.3" notAfter="2009-04-16T09:01:47">
     <label>
     Image Markup Tool</label><desc>
     Tool for annotating images using TEI</desc><ref type="appURI" target="http://www.tapor.uvic.ca/~mholmes/image_markup/">
     </ref><ptr target="#imtAnnotatedImage"></ptr><ptr target="#imtImageAnnotations"></ptr><ptr target="#imtAnnotationCategories"></ptr></application>
     
     
     </appInfo></encodingDesc>
</teiHeader>
 <facsimile xml:id="imtAnnotatedImage"><surface><graphic url="No-MM_N0125-00-01r.jpg" width="2704px" height="4064px"></graphic><zone xml:id="imtArea_0" rendition="transcription" ulx="231" uly="457" lrx="2549" lry="3936" rend="visible"></zone><zone xml:id="imtArea_1" rendition="commentary" ulx="704" uly="2657" lrx="1376" lry="3118" rend="visible"></zone></surface></facsimile>
 <text>
  <body>
   <div xml:id="imtImageAnnotations"><div corresp="#imtArea_0" type="imtAnnotation"><head>&#x00A0;</head><div>
    <p>Hun <del rend="overstrike">k</del> <del rend="overwritten"><gap/></del>gik nedover <placeName key="pl149">Karl Johan</placeName> <del rend="overstrike">der</del> på
    <lb/><del rend="overstrike">den side</del> på den anden side af fortovet.
    <lb/><del rend="overstrike">Den sorte kjole sluttet hæn</del> om <del rend="overstrike">Krop</del> hendes
    <lb/><del rend="overstrike"><del rend="overwritten"><gap/></del>på <del rend="overwritten"><gap/></del>fyldige skul</del></p>
    <p><del rend="overstrike">Han slugte med</del> <del rend="overstrike">øinene</del> <gap reason="writing"/>
    <lb/><del rend="overstrike">Hvor s</del> <del rend="overstrike">Hvilken</del> Holdning hun gik som en
    <lb/><unclear reason="writing">d<del rend="overwritten"><gap/></del>roning</unclear> &#x2013; og hvor <del rend="overstrike">deilig</del> hvid Huden og Halsen
    <lb/><del rend="overstrike">skinnede mod den mørke sorte</del> kjole Det var
    <lb/>Han havde aldrig seet hende så betagende
    <lb/>deilig <del rend="overstrike">Han</del> og hun så fornem ud at i
    <lb/>dette øieblik havde han ikke vovet at tale
    <lb/>til hende <del rend="overstrike">Han</del> <del rend="overstrike">kunde ikke <unclear>før</unclear></del> Og han havde
    <lb/>kysset denne stolte nakke og havde omslynget
    <lb/>disse runde faste former <add place="supralinear">men han havde ikke <gap reason="writing"/></add>og havde seet henne
    <lb/>Han følte <del rend="overstrike">th <gap/> først a</del> at <del rend="overwritten"><gap/></del>han først
    <lb/>nu elsker &#x2013; men han <del rend="overwritten"><gap/></del>elskede hende <gap reason="writing"/>
    <lb/>til galskab &#x2013; Han måtte have hende</p>
    <p>Hun gik nedover <unclear reason="writing"><placeName key="pl149">Karljohan</placeName></unclear> og han
    <lb/>blev stående igjen <del rend="overstrike">Han</del> Det svimlede
    <lb/>for ham Han <del rend="overstrike">påskynde</del> &#x2013; Hvor hun
    <lb/>var deilig <unclear>s<del rend="overwritten"><gap/></del>agde</unclear> <gap reason="writing"/> til <gap reason="writing"/> og de
    <lb/>snakke begge to om hvor deilig hun
    <lb/>havde og han <del rend="overstrike">følte at s</del> nu
    <lb/><gap reason="writing"/> tilhører ham <del rend="overstrike">hun</del> Nu var han
    <lb/><del rend="overstrike">hun</del> <del rend="overstrike">glad i hende til gals</del> den eneste og da
    <lb/>måtte hun jo tilhøre ham og hun havde
    <lb/>jo sagt det til ham så mange gange og <del rend="overstrike">var</del>
    <lb/><del rend="overstrike"><gap/></del> Han <del rend="overstrike">gi</del> tog hurtige skridt han</p>
   </div></div><div corresp="#imtArea_1" type="imtAnnotation"><head>Tegning</head><div>
   </div></div></div>
  </body>
 </text>
</TEI>