<?xml version="1.0" encoding="UTF-8"?>
<!DOCTYPE TEI PUBLIC "-//TEI P5 MunchTEI//DTD TEI P5 Unified for Edvard Munch's Texts//EN" "file:/O:/Munchs tekster/Transkripsjoner/MunchTEI.dtd" >
<TEI xmlns="http://www.tei-c.org/ns/1.0" version="5.0" xml:id="No-MM_N0126-01">
<teiHeader>
 <fileDesc>
<titleStmt>
<title>No-MM_N0126-01.jpg</title>
</titleStmt>

<publicationStmt>
<p></p>
</publicationStmt>
<sourceDesc>
<p>2704 x 4064</p>
</sourceDesc>
 </fileDesc>
 <encodingDesc>


 
  <tagsDecl xml:id="imtAnnotationCategories"><rendition xml:id="transcription"><label>Contains the transcribed and TEI P5 encoded text of the objects</label><code rend="rectangle" lang="text/css">color: #ff0000</code></rendition><rendition xml:id="commentary"><label>Kommentarer</label><code rend="rectangle" lang="text/css">color: #00ff00</code></rendition><rendition xml:id="philologicalNotes"><label>Edisjonsfilologiske noter</label><code rend="rectangle" lang="text/css">color: #0000ff</code></rendition><rendition xml:id="textForSearch"><desc>transcriptional</desc><label>Søkbar tekst</label><code rend="rectangle" lang="text/css">color: #000000</code></rendition></tagsDecl><appInfo>
     <application ident="ImageMarkupTool01" version="1.8.1.3" notAfter="2009-04-16T14:54:07">
     <label>
     Image Markup Tool</label><desc>
     Tool for annotating images using TEI</desc><ref type="appURI" target="http://www.tapor.uvic.ca/~mholmes/image_markup/">
     </ref><ptr target="#imtAnnotatedImage"></ptr><ptr target="#imtImageAnnotations"></ptr><ptr target="#imtAnnotationCategories"></ptr></application>
     
     
     </appInfo></encodingDesc>
</teiHeader>
 <facsimile xml:id="imtAnnotatedImage"><surface><graphic url="No-MM_N0126-01.jpg" width="2704px" height="4064px"></graphic><zone xml:id="imtArea_0" rendition="transcription" ulx="84" uly="938" lrx="2549" lry="3527" rend="visible"></zone></surface></facsimile>
 <text>
  <body>
   <div xml:id="imtImageAnnotations"><div corresp="#imtArea_0" type="imtAnnotation"><head>&#x00A0;</head><div>
    <lg>
     <l>Langt helre gaa til grunde</l>
    <l><seg type="accidentalSpace"/>i den store verdens <del rend="overwritten">B</del>bærme</l>
    <l>end blive som et led</l>
    <l><seg type="accidentalSpace"/>i det moralske ingenting</l>
    <l>helre som en blodig gnist</l>
    <l><seg type="accidentalSpace"/>ingen hånd vil skærme</l>
    <l>der gløder vildt og slukkes</l>
    <l><seg type="accidentalSpace"/>og slettes uten spor!</l>
    <l>End lyse som en lampe</l>
    <l><seg type="accidentalSpace"/>me<del rend="overwritten">n</del>d en stille afmaalt lue</l>
    <l>aften efter aften</l>
    <l><seg type="accidentalSpace"/>i den evig samme stue</l>
    </lg>
    </div></div></div>
  </body>
 </text>
</TEI>
