<?xml version="1.0" encoding="UTF-8"?>
<!DOCTYPE TEI PUBLIC "-//TEI P5 MunchTEI//DTD TEI P5 Unified for Edvard Munch's Texts//EN" "file:/O:/Munchs tekster/Transkripsjoner/MunchTEI.dtd" >
<TEI xmlns="http://www.tei-c.org/ns/1.0" version="5.0" xml:id="No-MM_N0079-04">
<teiHeader>
 <fileDesc>
<titleStmt>
<title>No-MM_N0079-04.jpg</title>
</titleStmt>

<publicationStmt>
<p></p>
</publicationStmt>
<sourceDesc>
<p>2704 x 4064</p>
</sourceDesc>
 </fileDesc>
 <encodingDesc>


 
  <tagsDecl xml:id="imtAnnotationCategories"><rendition xml:id="transcription"><label>Contains the transcribed and TEI P5 encoded text of the objects</label><code rend="rectangle" lang="text/css">color: #ff0000</code></rendition><rendition xml:id="commentary"><label>Kommentarer</label><code rend="rectangle" lang="text/css">color: #00ff00</code></rendition><rendition xml:id="philologicalNotes"><label>Edisjonsfilologiske noter</label><code rend="rectangle" lang="text/css">color: #0000ff</code></rendition><rendition xml:id="textForSearch"><desc>transcriptional</desc><label>Søkbar tekst</label><code rend="rectangle" lang="text/css">color: #000000</code></rendition></tagsDecl><appInfo>
     <application ident="ImageMarkupTool01" version="1.8.1.3" notAfter="2009-03-26T14:59:48">
     <label>
     Image Markup Tool</label><desc>
     Tool for annotating images using TEI</desc><ref type="appURI" target="http://www.tapor.uvic.ca/~mholmes/image_markup/">
     </ref><ptr target="#imtAnnotatedImage"></ptr><ptr target="#imtImageAnnotations"></ptr><ptr target="#imtAnnotationCategories"></ptr></application>
     
     
     </appInfo></encodingDesc>
</teiHeader>
 <facsimile xml:id="imtAnnotatedImage"><surface><graphic url="No-MM_N0079-04.jpg" width="2704px" height="4064px"></graphic><zone xml:id="imtArea_0" rendition="transcription" ulx="119" uly="660" lrx="2465" lry="3817" rend="visible"></zone><zone xml:id="imtArea_1" rendition="transcription" ulx="2346" uly="569" lrx="2676" lry="3837" rend="visible"></zone><zone xml:id="imtArea_2" rendition="transcription" ulx="56" uly="314" lrx="2684" lry="763" rend="visible"></zone><zone xml:id="imtArea_3" rendition="transcription" ulx="-32" uly="736" lrx="222" lry="3802" rend="visible"></zone></surface></facsimile>
 <text>
  <body>
   <div xml:id="imtImageAnnotations"><div corresp="#imtArea_0" type="imtAnnotation"><head>&#x00A0;</head><div>
    <p rend="noIndent">for<del rend="overwritten"><gap/></del>dybe mig i det nyes 
    <lb/>mystik &#x2013; at gi mig som halvt 
    <lb/>i en drøm over i de <del rend="overstrike">m</del> 
    <lb/>nye indtryk</p>
    <p>Slik stek jeg en morgen 
    <lb/>ut af toget i <placeName key="pl63">Bazel</placeName> og brugte 
    <lb/>noen timer inden jeg atter skulde 
    <lb/>stige på toget til at give mig 
    <lb/>intrykkene i vold &#x2013; Hvor var 
    <lb/>ikke <placeName key="pl63">Bazel</placeName> et fund &#x2013; Disse herlige
    <lb/>ukjendte skjønhedsindtryk &#x2013; <del rend="overstrike">Dis</del> Denne 
    <lb/>herlige opbygning af byen ved de 
    <lb/>vældige flad  og ale disse gader og 
     <lb/>smug, <add place="inline"><del rend="overstrike">med</del> med farver &#x2013; former &#x2013; gammelt og nyt</add></p>
    <p>Jeg standset pludseli op ved synet 
    <lb/>af fasader med frescobilleder &#x2013;
     <lb/>ikke &#x00AB;dekorationer&#x00BB; men kunst
    <lb/>og så så <del rend="overstrike">først</del> jeg frescobilleder af 
    <lb/><persName key="pe557">Pellegrini</persName> og andre Bazelkunstnere &#x2013;
    <lb/><del rend="overstrike">Men</del> Mest <del rend="overwritten">v</del>blev jeg tat af et 
    <lb/><del rend="overstrike">bil</del> frescobillede af <persName key="pe557">Pellegrini</persName> der var 
    <lb/>malt på et hjørne &#x2013;</p>
    
   </div></div><div corresp="#imtArea_1" type="imtAnnotation"><head>&#x00A0;</head><div>
    <p>Skulde ikke tiden være for denne kunst <gap reason="writing"/> Man sier &#x2013; før var der 
    <lb/><unclear reason="writing">Religion</unclear> i kunsten &#x2013; Der er altid</p>
   
   </div></div><div corresp="#imtArea_2" type="imtAnnotation"><head>&#x00A0;</head><div>
    <p>Religion blandt menneskene &#x2013; nye former &#x2013; <gap reason="writing"/> og <del rend="overwritten"><gap/></del>forskjellig kunst
    <lb/><gap reason="writing"/></p>
   
   </div></div><div corresp="#imtArea_3" type="imtAnnotation"><head>&#x00A0;</head><div>
   <p> For <del rend="overwritten"><gap/></del>den store flade kunst må gives hele <del rend="overwritten"><gap/></del>ens sjæl for ikke at blive 
    <lb/>blot bare dekorativ</p>
    
   </div></div></div>
  </body>
 </text>
</TEI>
