<?xml version="1.0" encoding="UTF-8"?>
<!DOCTYPE TEI PUBLIC "-//TEI P5 MunchTEI//DTD TEI P5 Unified for Edvard Munch's Texts//EN" "file:/O:/Munchs tekster/Transkripsjoner/MunchTEI.dtd" >
<TEI xmlns="http://www.tei-c.org/ns/1.0" version="5.0" xml:id="No-MM_N0079-03">
<teiHeader>
 <fileDesc>
<titleStmt>
<title>No-MM_N0079-03.jpg</title>
</titleStmt>

<publicationStmt>
<p></p>
</publicationStmt>
<sourceDesc>
<p>2704 x 4064</p>
</sourceDesc>
 </fileDesc>
 <encodingDesc>


 
  <tagsDecl xml:id="imtAnnotationCategories"><rendition xml:id="transcription"><label>Contains the transcribed and TEI P5 encoded text of the objects</label><code rend="rectangle" lang="text/css">color: #ff0000</code></rendition><rendition xml:id="commentary"><label>Kommentarer</label><code rend="rectangle" lang="text/css">color: #00ff00</code></rendition><rendition xml:id="philologicalNotes"><label>Edisjonsfilologiske noter</label><code rend="rectangle" lang="text/css">color: #0000ff</code></rendition><rendition xml:id="textForSearch"><desc>transcriptional</desc><label>Søkbar tekst</label><code rend="rectangle" lang="text/css">color: #000000</code></rendition></tagsDecl><appInfo>
     <application ident="ImageMarkupTool01" version="1.8.1.3" notAfter="2009-03-26T12:51:37">
     <label>
     Image Markup Tool</label><desc>
     Tool for annotating images using TEI</desc><ref type="appURI" target="http://www.tapor.uvic.ca/~mholmes/image_markup/">
     </ref><ptr target="#imtAnnotatedImage"></ptr><ptr target="#imtImageAnnotations"></ptr><ptr target="#imtAnnotationCategories"></ptr></application>
     
     
     </appInfo></encodingDesc>
</teiHeader>
 <facsimile xml:id="imtAnnotatedImage"><surface><graphic url="No-MM_N0079-03.jpg" width="2704px" height="4064px"></graphic><zone xml:id="imtArea_0" rendition="transcription" ulx="40" uly="382" lrx="2505" lry="3667" rend="visible"></zone></surface></facsimile>
 <text>
  <body>
   <div xml:id="imtImageAnnotations"><div corresp="#imtArea_0" type="imtAnnotation"><head>&#x00A0;</head><div>
    <p rend="noIndent-extraAir">han fylder hele fladen</p>
    <p>&#x2013; Men ikke alle <del rend="overstrike">m</del> 
    <lb/>nye <del rend="overstrike">vægkunst</del> vægmalerier 
    <lb/>kan komme op som 
    <lb/>i renæsansens tid &#x2013; Kunsten 
    <lb/><del rend="overstrike">Det</del> blir da <del rend="overstrike">f</del> atter folkets 
    <lb/>eie &#x2013; vi alle eier <del rend="overstrike">kun</del>
    <lb/>kunstværket &#x2013;</p>
    <p>En malers værk behøver ikke 
    <lb/>at fors<del rend="overwritten"><gap/></del>vinde som en lap i et 
    <lb/>hjem hvor blot et par mennesker 
    <lb/>ser det &#x2013;</p>
    <p><del rend="overstrike">Da jeg er</del></p> 
    <p>Det er noget for mig 
    <lb/>betagende i at gå ut 
    <lb/>i en helt ukjendt by &#x2013; <del rend="overwritten"><gap/></del>uten 
    <lb/><unclear reason="writing"><ref type="lemma" target="co110">Bædeker</ref></unclear> eller <unclear reason="writing">veivisere</unclear> at</p>
    </div></div></div>
  </body>
 </text>
</TEI>
