<?xml version="1.0" encoding="UTF-8"?>
<!DOCTYPE TEI PUBLIC "-//TEI P5 MunchTEI//DTD TEI P5 Unified for Edvard Munch's Texts//EN" "file:/O:/Munchs tekster/Transkripsjoner/MunchTEI.dtd" >
<TEI xmlns="http://www.tei-c.org/ns/1.0" version="5.0" xml:id="No-MM_N0019-03">
<teiHeader>
 <fileDesc>
<titleStmt>
<title>No-MM_N0019-03.jpg</title>
</titleStmt>

<publicationStmt>
<p></p>
</publicationStmt>
<sourceDesc>
<p>2704 x 4064</p>
</sourceDesc>
 </fileDesc>
 <encodingDesc>


 
  <tagsDecl xml:id="imtAnnotationCategories"><rendition xml:id="transcription"><label>Contains the transcribed and TEI P5 encoded text of the objects</label><code rend="rectangle" lang="text/css">color: #ff0000</code></rendition><rendition xml:id="commentary"><label>Kommentarer</label><code rend="rectangle" lang="text/css">color: #00ff00</code></rendition><rendition xml:id="philologicalNotes"><label>Edisjonsfilologiske noter</label><code rend="rectangle" lang="text/css">color: #0000ff</code></rendition><rendition xml:id="textForSearch"><desc>transcriptional</desc><label>Søkbar tekst</label><code rend="rectangle" lang="text/css">color: #000000</code></rendition></tagsDecl><appInfo>
     <application ident="ImageMarkupTool01" version="1.8.1.2" notAfter="2009-03-17T12:57:29">
     <label>
     Image Markup Tool</label><desc>
     Tool for annotating images using TEI</desc><ref type="appURI" target="http://www.tapor.uvic.ca/~mholmes/image_markup/">
     </ref><ptr target="#imtAnnotatedImage"></ptr><ptr target="#imtImageAnnotations"></ptr><ptr target="#imtAnnotationCategories"></ptr></application>
     
     
     </appInfo></encodingDesc>
</teiHeader>
 <facsimile xml:id="imtAnnotatedImage"><surface><graphic url="No-MM_N0019-03.jpg" width="2704px" height="4064px"></graphic><zone xml:id="imtArea_0" rendition="transcription" ulx="272" uly="328" lrx="2476" lry="3760" rend="visible"></zone></surface></facsimile>
 <text>
  <body>
   <div xml:id="imtImageAnnotations"><div corresp="#imtArea_0" type="imtAnnotation"><head>&#x00A0;</head><div>
    <p><del rend="overstrike">M</del></p>
    <p><del rend="overstrike">Man hører</del></p>
    <p>Croupieren svinger <add place="supralinear">sætter</add> <del rend="overstrike"><gap/></del> rouletten 
     <lb/>i bevægelse &#x2013; <del rend="overwritten"><gap/></del>Guld og sølv 
    <lb/>kastes og skyves på de forskjelig 
    <lb/>rubrikker</p>
    <p>&#x2013; Rouletten sagtner &#x2013;
    <lb/>Manden derover har endnu 
     <lb/>intet lagt på &#x2013;
    <lb/>Så går der en trækning 
     <lb/>over hans ansigt &#x2013;
     <lb/>1000 fr. på <del rend="overstrike">rø</del> sort &#x2013; <add place="inBetweenLines">og gjør 
    <lb/>en bevægelse som vilde han ta op af tegnebogen</add>
    <lb/>1000 fr på sort gjentar croupieren
    <lb/><del rend="overstrike">R<del rend="overwritten"><gap/></del>ouletten</del></p>
    <p>Man hører den knærtende 
    <lb/>lyd af rouletten som falder i 
    <lb/>i <del rend="overstrike"><gap/></del> et <del rend="overwritten"><gap/></del>af rummene.</p>
    <p><unclear reason="writing">I Rouges</unclear>
    <lb/><del rend="overstrike">Manden</del> <del rend="overstrike">der</del>
     <lb/>Manden sidder urørlig &#x2013; tegnebogen 
    <lb/>har han <del rend="overstrike">h</del> atter stukket i 
     <lb/>lommen &#x2013;</p>
    <p><del rend="overstrike">han ha</del> <del rend="overwritten">k</del>Han kan ikke betale</p>  
    <p>Han hadde ikke flere 
     <lb/>penger &#x2013; <del rend="overstrike">Det</del> ble et forfærdeli 
     <lb/>spetakkel &#x2013; Croupieren fordrer sine 
     <lb/>penge &#x2013; man vil arrestere ham 
     <lb/>&#x2013; han reiser sig ikke<seg type="interpunctionalSpace"/>skuler frem</p> 
    </div></div></div>
  </body>
 </text>
</TEI>
