<?xml version="1.0" encoding="UTF-8"?>
<!DOCTYPE TEI PUBLIC "-//TEI P5 MunchTEI//DTD TEI P5 Unified for Edvard Munch's Texts//EN" "file:/O:/Munchs tekster/Transkripsjoner/MunchTEI.dtd" >
<TEI xmlns="http://www.tei-c.org/ns/1.0" version="5.0" xml:id="No-MM_N0038-04">
<teiHeader>
 <fileDesc>
<titleStmt>
<title>No-MM_N0038-04.jpg</title>
</titleStmt>

<publicationStmt>
<p></p>
</publicationStmt>
<sourceDesc>
<p>2704 x 4064</p>
</sourceDesc>
 </fileDesc>
 <encodingDesc>


 
  <tagsDecl xml:id="imtAnnotationCategories"><rendition xml:id="transcription"><label>Contains the transcribed and TEI P5 encoded text of the objects</label><code rend="rectangle" lang="text/css">color: #ff0000</code></rendition><rendition xml:id="commentary"><label>Kommentarer</label><code rend="rectangle" lang="text/css">color: #00ff00</code></rendition><rendition xml:id="philologicalNotes"><label>Edisjonsfilologiske noter</label><code rend="rectangle" lang="text/css">color: #0000ff</code></rendition><rendition xml:id="textForSearch"><desc>transcriptional</desc><label>Søkbar tekst</label><code rend="rectangle" lang="text/css">color: #000000</code></rendition></tagsDecl><appInfo>
     <application ident="ImageMarkupTool01" version="1.8.1.2" notAfter="2009-03-20T15:58:27">
     <label>
     Image Markup Tool</label><desc>
     Tool for annotating images using TEI</desc><ref type="appURI" target="http://www.tapor.uvic.ca/~mholmes/image_markup/">
     </ref><ptr target="#imtAnnotatedImage"></ptr><ptr target="#imtImageAnnotations"></ptr><ptr target="#imtAnnotationCategories"></ptr></application>
     
     
     </appInfo></encodingDesc>
</teiHeader>
 <facsimile xml:id="imtAnnotatedImage"><surface><graphic url="No-MM_N0038-04.jpg" width="2704px" height="4064px"></graphic><zone xml:id="imtArea_0" rendition="transcription" ulx="272" uly="252" lrx="2740" lry="3684" rend="visible"></zone></surface></facsimile>
 <text>
  <body>
   <div xml:id="imtImageAnnotations"><div corresp="#imtArea_0" type="imtAnnotation"><head>&#x00A0;</head><div>
    <p><add place="margin-top"><del rend="overwritten"><gap/></del>En kultegning på en mur 
    <lb/>kan være større kunstværk end 
    <lb/>det mest fuldendt udførte maleri</add></p>
    <p>Mange malere arbeider 
    <lb/>så forsigtig og omhyggeli 
    <lb/>med undergrunden &#x2013; og med 
    <lb/>udførelsen af billedet &#x2013; <del rend="overwritten"><gap/></del>for at 
    <lb/>bevare det for evigheden &#x2013; <add place="inBetweenLines">at 
    <lb/>de mister sin ild</add>
    <lb/>Så hænder det at billedet er 
    <lb/>så kjedeli og dårli at det
    <lb/>kommer på mørkeloftet
    <lb/>&#x2013; <del rend="overstrike">Et</del> Selv om et lyst <del rend="overstrike"><gap/></del> 
    <lb/>expresionistisk billede <del rend="overstrike">er</del> <del rend="overstrike">ikke</del> 
    <lb/><del rend="overstrike">var</del> taber med tiden i farve 
    <lb/>&#x2013; så <del rend="overstrike">beho</del> kan det beholde 
    <lb/>sin sjæl og spændkraft &#x2013; selv 
    <lb/>om det blot er en lin<del rend="overwritten"><gap/></del>ie <add place="inline">igjen</add> 
    <lb/>og det dør ihvertfald i skjønhed
    <lb/>&#x2013; I hvertfald har det bragt
    <lb/>nye mål for malere <del rend="overstrike">af</del> med 
    <lb/><del rend="overstrike">andre n</del> <del rend="overstrike">m</del> andre intentioner</p>
    </div></div></div>
  </body>
 </text>
</TEI>
