<?xml version="1.0" encoding="UTF-8"?>
<!DOCTYPE TEI PUBLIC "-//TEI P5 MunchTEI//DTD TEI P5 Unified for Edvard Munch's Texts//EN" "file:/O:/Munchs tekster/Transkripsjoner/MunchTEI.dtd" >
<TEI xmlns="http://www.tei-c.org/ns/1.0" version="5.0" xml:id="No-MM_N0142-00-01v">
<teiHeader>
 <fileDesc>
<titleStmt>
<title>No-MM_N0142-00-01v.jpg</title>
</titleStmt>

<publicationStmt>
<p></p>
</publicationStmt>
<sourceDesc>
<p>2704 x 4064</p>
</sourceDesc>
 </fileDesc>
 <encodingDesc>


 
  <tagsDecl xml:id="imtAnnotationCategories"><rendition xml:id="transcription"><label>Contains the transcribed and TEI P5 encoded text of the objects</label><code rend="rectangle" lang="text/css">color: #ff0000</code></rendition><rendition xml:id="commentary"><label>Kommentarer</label><code rend="rectangle" lang="text/css">color: #00ff00</code></rendition><rendition xml:id="philologicalNotes"><label>Edisjonsfilologiske noter</label><code rend="rectangle" lang="text/css">color: #0000ff</code></rendition><rendition xml:id="textForSearch"><desc>transcriptional</desc><label>Søkbar tekst</label><code rend="rectangle" lang="text/css">color: #000000</code></rendition></tagsDecl><appInfo>
     <application ident="ImageMarkupTool01" version="1.8.1.4" notAfter="2010-06-28T16:08:10">
     <label>
     Image Markup Tool</label><desc>
     Tool for annotating images using TEI</desc><ref type="appURI" target="http://www.tapor.uvic.ca/~mholmes/image_markup/">
     </ref><ptr target="#imtAnnotatedImage"></ptr><ptr target="#imtImageAnnotations"></ptr><ptr target="#imtAnnotationCategories"></ptr></application>
     
     
     </appInfo></encodingDesc>
</teiHeader>
 <facsimile xml:id="imtAnnotatedImage"><surface><graphic url="No-MM_N0142-00-01v.jpg" width="2704px" height="4064px"></graphic><zone xml:id="imtArea_0" rendition="transcription" ulx="270" uly="282" lrx="2525" lry="1065" rend="visible"></zone><zone xml:id="imtArea_2" rendition="commentary" ulx="106" uly="1050" lrx="1814" lry="2028" rend="visible"></zone><zone xml:id="imtArea_3" rendition="commentary" ulx="1133" uly="2708" lrx="1706" lry="3801" rend="visible"></zone><zone xml:id="imtArea_4" rendition="transcription" ulx="155" uly="1909" lrx="2322" lry="3996" rend="visible"></zone><zone xml:id="imtArea_5" rendition="transcription" ulx="2286" uly="1396" lrx="2592" lry="3945" rend="visible"></zone></surface></facsimile>
 <text>
  <body>
   <div xml:id="imtImageAnnotations"><div corresp="#imtArea_0" type="imtAnnotation"><head>&#x00A0;</head><div><p rend="noIndent">40 årsgamle Frøkener går
     <lb/>om og &#x00AB;hviner&#x00BB; &#x2013;</p>

    <p>Nu vil hele <persName key="pe271">Krohgs</persName>
    <lb/>Bekjendtskabskreds 100 Personer</p></div></div><div corresp="#imtArea_2" type="imtAnnotation"><head>Tegning</head><div>
     <p>Ansicht aus
      <lb/>Hölle</p>
    </div></div><div corresp="#imtArea_3" type="imtAnnotation"><head>Tegning</head><div></div></div><div corresp="#imtArea_4" type="imtAnnotation"><head>&#x00A0;</head><div><p>anlægge Injuriesøgsmaal
    <lb/>&#x2013; jeg har kaldt Dem alle
    <lb/>for Kjæltringer sier <gap reason="scribble"></gap> på
     <lb/>et &#x00AB;Ansichtsbierkart aus
     <lb/>Hölle&#x00BB;</p>

    <p>Nordmændene er så
    <lb/>rasende over at De har
    <lb/>slåt Næsen Tænder
    <lb/>væk af mig og at de
    <lb/>har fået ødelagt Armer Ben
    <lb/>på mig så jeg må gå på
    <lb/>Træhjul &#x2013; led &#x2013; og <add place="supralinear">med</add> Jernfingre</p></div></div><div corresp="#imtArea_5" type="imtAnnotation"><head>&#x00A0;</head><div><p rend="noIndent">og kan drikke Pjolter af mit eget Kranie</p></div></div></div>
  </body>
 </text>
</TEI>
