<?xml version="1.0" encoding="UTF-8"?>
<!DOCTYPE TEI PUBLIC "-//TEI P5 MunchTEI//DTD TEI P5 Unified for Edvard Munch's Texts//EN" "file:/O:/Munchs tekster/Transkripsjoner/MunchTEI.dtd" >
<TEI xmlns="http://www.tei-c.org/ns/1.0" version="5.0" xml:id="No-MM_N0020-01">
<teiHeader>
 <fileDesc>
<titleStmt>
<title>No-MM_N0020-01.jpg</title>
</titleStmt>

<publicationStmt>
<p></p>
</publicationStmt>
<sourceDesc>
<p>2704 x 4064</p>
</sourceDesc>
 </fileDesc>
 <encodingDesc>


 
  <tagsDecl xml:id="imtAnnotationCategories"><rendition xml:id="transcription"><label>Contains the transcribed and TEI P5 encoded text of the objects</label><code rend="rectangle" lang="text/css">color: #ff0000</code></rendition><rendition xml:id="commentary"><label>Kommentarer</label><code rend="rectangle" lang="text/css">color: #00ff00</code></rendition><rendition xml:id="philologicalNotes"><label>Edisjonsfilologiske noter</label><code rend="rectangle" lang="text/css">color: #0000ff</code></rendition><rendition xml:id="textForSearch"><desc>transcriptional</desc><label>Søkbar tekst</label><code rend="rectangle" lang="text/css">color: #000000</code></rendition></tagsDecl><appInfo>
     <application ident="ImageMarkupTool01" version="1.8.1.2" notAfter="2009-03-17T13:55:42">
     <label>
     Image Markup Tool</label><desc>
     Tool for annotating images using TEI</desc><ref type="appURI" target="http://www.tapor.uvic.ca/~mholmes/image_markup/">
     </ref><ptr target="#imtAnnotatedImage"></ptr><ptr target="#imtImageAnnotations"></ptr><ptr target="#imtAnnotationCategories"></ptr></application>
     
     
     </appInfo></encodingDesc>
</teiHeader>
 <facsimile xml:id="imtAnnotatedImage"><surface><graphic url="No-MM_N0020-01.jpg" width="2704px" height="4064px"></graphic><zone xml:id="imtArea_0" rendition="transcription" ulx="192" uly="468" lrx="2480" lry="3816" rend="visible"></zone></surface></facsimile>
 <text>
  <body>
   <div xml:id="imtImageAnnotations"><div corresp="#imtArea_0" type="imtAnnotation"><head>&#x00A0;</head><div>
    <p><placeName key="pl232">Rivieraen</placeName> er Eventyrets land 
    <lb/>og <placeName key="pl124">Monaco</placeName> er eventyrets by 
    <lb/>Når fremtidens tusind og en 
    <lb/>nat skal skrives blir <del rend="overstrike">scenen</del> 
    <lb/>scenen henlagt hid &#x2013;
    <lb/>Det <del rend="overwritten"><gap/></del>strålende <del rend="overstrike">lys</del> <del rend="overstrike">overalt</del> solskin 
    <lb/><del rend="overstrike">der</del> al den rigdom og glands 
    <lb/>får dig til at drømme om lykke
    <lb/><add place="inBetweenLines">Hør disse navn <placeName key="pl125">Menton</placeName> &#x2013;</add></p>
    <p><del rend="overwritten">De</del>Jeg går <del rend="overstrike">en</del> <add place="supralinear">en aften</add> <del rend="overstrike">månskinsaften</del> 
    <lb/>langs <del rend="overstrike">det</del> <del rend="overstrike">blågrønne vand</del> <add place="supralinear"><gap/><placeName key="pl114">Middelhavet</placeName></add> 
     <lb/>&#x2013; dets <del rend="overstrike">lange trætte bølger</del> 
    <lb/><del rend="overstrike">blinker i månelyset og</del> dør
    <lb/><del rend="overstrike">med et suk</del> <del rend="overwritten"><gap/></del>Over dig hvælver 
    <lb/>sig de brede palme<del rend="overwritten">p</del>blade og 
    <lb/><del rend="overstrike"><gap/></del> duften af tang blander sig 
     <lb/>duften af oranger &#x2013; du ser 
    <lb/>in i <del rend="overwritten">b</del>pragtfulde haver &#x2013; gjennem
    <lb/><unclear><del rend="overwritten"><gap/></del>himmelen</unclear> truer mørke trær 
     <lb/>villaer lyser &#x2013; <del rend="overstrike">og</del> <del rend="overwritten">d</del>Du spørr 
    <lb/>hvem der bor så får vide at det 
    <lb/>er en indisk prins eller en russisk</p> 
    </div></div></div>
  </body>
 </text>
</TEI>
