<?xml version="1.0" encoding="UTF-8"?>
<!DOCTYPE TEI PUBLIC "-//TEI P5 MunchTEI//DTD TEI P5 Unified for Edvard Munch's Texts//EN" "file:/O:/Munchs tekster/Transkripsjoner/MunchTEI.dtd" >
<TEI xmlns="http://www.tei-c.org/ns/1.0" version="5.0" xml:id="No-MM_N0053-00-01r">
<teiHeader>
 <fileDesc>
<titleStmt>
<title>No-MM_N0053-00-01r.jpg</title>
</titleStmt>

<publicationStmt>
<p></p>
</publicationStmt>
<sourceDesc>
<p>2704 x 4064</p>
</sourceDesc>
 </fileDesc>
 <encodingDesc>


 
  <tagsDecl xml:id="imtAnnotationCategories"><rendition xml:id="transcription"><label>Contains the transcribed and TEI P5 encoded text of the objects</label><code rend="rectangle" lang="text/css">color: #ff0000</code></rendition><rendition xml:id="commentary"><label>Kommentarer</label><code rend="rectangle" lang="text/css">color: #00ff00</code></rendition><rendition xml:id="philologicalNotes"><label>Edisjonsfilologiske noter</label><code rend="rectangle" lang="text/css">color: #0000ff</code></rendition><rendition xml:id="textForSearch"><desc>transcriptional</desc><label>Søkbar tekst</label><code rend="rectangle" lang="text/css">color: #000000</code></rendition></tagsDecl><appInfo>
     <application ident="ImageMarkupTool01" version="1.8.1.3" notAfter="2009-03-24T08:51:41">
     <label>
     Image Markup Tool</label><desc>
     Tool for annotating images using TEI</desc><ref type="appURI" target="http://www.tapor.uvic.ca/~mholmes/image_markup/">
     </ref><ptr target="#imtAnnotatedImage"></ptr><ptr target="#imtImageAnnotations"></ptr><ptr target="#imtAnnotationCategories"></ptr></application>
     
     
     </appInfo></encodingDesc>
</teiHeader>
 <facsimile xml:id="imtAnnotatedImage"><surface><graphic url="No-MM_N0053-00-01r.jpg" width="2704px" height="4064px"></graphic><zone xml:id="imtArea_0" rendition="transcription" ulx="44" uly="716" lrx="2446" lry="3647" rend="visible"></zone></surface></facsimile>
 <text>
  <body>
   <div xml:id="imtImageAnnotations"><div corresp="#imtArea_0" type="imtAnnotation"><head>&#x00A0;</head><div>
    <p>Der har i lange år været drevet 
    <lb/>en proganda for fresco maleriet &#x2013; Det skulde 
    <lb/>være den virkelige monumentale kunst</p>
    <p>I en artikkel i <orgName key="i125">Frankfurter Zeitung</orgName> fra 
     <lb/><placeName key="pl20">Oslo</placeName> skrives &#x00AB;<persName key="pe627">Edvard Munchs</persName> <ref type="lemma" target="co2">Aula billeder</ref> måtte 
     <lb/>nylig tas ned forat restaureres&#x00BB; <del rend="overstrike">Billederne ble</del> 
    <lb/>Det er usandt og kan skade mig i utlannet
    <lb/>Billederne <unclear><del rend="overstrike">er</del></unclear> blev tat ned forat renses for sot 
    <lb/>og ferniseres &#x2013; Billederne er malt på det bedste 
    <lb/>lærred i verden <orgName key="i316">Blocks</orgName> førkrigs lærred og malt 
    <lb/>med <orgName key="i289">Winsor og Newtons</orgName> farver for staffeli 
    <lb/>maling &#x2013; Billederne stråler nu i høstsolen 
    <lb/>som aldrig før og ser ut som malte 
    <lb/>idag &#x2013; Det nytter ikke i disse skriverier 
    <lb/>når <del rend="overstrike">jeg</del> de hensættes som et forsøg fra <unclear reason="writing">arilds 
    <lb/>tid</unclear>.</p>
    <p>Jeg  skal citere af artikkelen &#x2013; ovenfor 
     <lb/>&#x00AB;Die fier Fresco reitern sind <persName key="pe803">Sørensen</persName> o.s.v. 
    <lb/><persName key="pe803">Sørensen</persName> malt wenig Fresco aber er lasst es 
    <lb/>zu seinen 3 Freunde &#x2013; Pudsig</p>
    </div></div></div>
  </body>
 </text>
</TEI>
