<?xml version="1.0" encoding="UTF-8"?>
<!DOCTYPE TEI PUBLIC "-//TEI P5 MunchTEI//DTD TEI P5 Unified for Edvard Munch's Texts//EN" "file:/O:/Munchs tekster/Transkripsjoner/MunchTEI.dtd" >
<TEI xmlns="http://www.tei-c.org/ns/1.0" version="5.0" xml:id="No-MM_N0113-04">
<teiHeader>
 <fileDesc>
<titleStmt>
<title>No-MM_N0113-04.jpg</title>
</titleStmt>

<publicationStmt>
<p></p>
</publicationStmt>
<sourceDesc>
<p>2704 x 4064</p>
</sourceDesc>
 </fileDesc>
 <encodingDesc>


 
  <tagsDecl xml:id="imtAnnotationCategories"><rendition xml:id="transcription"><label>Contains the transcribed and TEI P5 encoded text of the objects</label><code rend="rectangle" lang="text/css">color: #ff0000</code></rendition><rendition xml:id="commentary"><label>Kommentarer</label><code rend="rectangle" lang="text/css">color: #00ff00</code></rendition><rendition xml:id="philologicalNotes"><label>Edisjonsfilologiske noter</label><code rend="rectangle" lang="text/css">color: #0000ff</code></rendition><rendition xml:id="textForSearch"><desc>transcriptional</desc><label>Søkbar tekst</label><code rend="rectangle" lang="text/css">color: #000000</code></rendition></tagsDecl><appInfo>
     <application ident="ImageMarkupTool01" version="1.8.1.3" notAfter="2009-04-14T11:44:12">
     <label>
     Image Markup Tool</label><desc>
     Tool for annotating images using TEI</desc><ref type="appURI" target="http://www.tapor.uvic.ca/~mholmes/image_markup/">
     </ref><ptr target="#imtAnnotatedImage"></ptr><ptr target="#imtImageAnnotations"></ptr><ptr target="#imtAnnotationCategories"></ptr></application>
     
     
     </appInfo></encodingDesc>
</teiHeader>
 <facsimile xml:id="imtAnnotatedImage"><surface><graphic url="No-MM_N0113-04.jpg" width="2704px" height="4064px"></graphic><zone xml:id="imtArea_0" rendition="transcription" ulx="330" uly="596" lrx="2652" lry="2763" rend="visible"></zone></surface></facsimile>
 <text>
  <body>
   <div xml:id="imtImageAnnotations"><div corresp="#imtArea_0" type="imtAnnotation"><head>&#x00A0;</head><div>
    <p rend="noIndent">og <unclear reason="writing">sønnen</unclear> &#x2013; kaptain &#x2013; <unclear reason="writing">stivere</unclear> mand
     <lb/>til at kommandere på <unclear reason="writing">man af vann</unclear> 
     <lb/>fandtes ikke &#x2013; hadde det efter faren</p>
    <p><del rend="overwritten"><gap/></del><persName key="pe486">Steva</persName> &#x2013; tværs over <unclear reason="writing">bakken</unclear> &#x2013; kona 
     <lb/>til <persName key="pe486">Steva</persName> &#x2013; hu drak som <gap reason="writing"/> <gap reason="writing"/>
     <lb/>og <gap reason="writing"/> &#x2013; hun var den eneste
     <lb/><del rend="overstrike">hu</del> som døivet ham &#x2013;</p>
    <p>Hende varn ræd &#x2013; <gap reason="writing"/> gjore
    <lb/>Hun  var så inderli rå at
    <lb/>hun mit på lyse dagen tok op
    <lb/>stakken og viste ham <unclear reason="writing">blonge</unclear> sp<gap reason="writing"/>
    <lb/>og <gap reason="writing"/> og var chikaneret
    <lb/>kunne han ikke bli</p>
    <p>Flink varn, <del rend="overwritten"><gap/></del>flink til at
    <lb/>stille og se i krogen at al var rekti
    <lb/>&#x2013; <gap reason="writing"/> &#x2013; dit var han ikke</p>
   </div></div></div>
  </body>
 </text>
</TEI>
