<?xml version="1.0" encoding="UTF-8"?>
<!DOCTYPE TEI PUBLIC "-//TEI P5 MunchTEI//DTD TEI P5 Unified for Edvard Munch's Texts//EN" "file:/O:/Munchs tekster/Transkripsjoner/MunchTEI.dtd" >
<TEI xmlns="http://www.tei-c.org/ns/1.0" version="5.0" xml:id="No-MM_N0095-00-01rv">
<teiHeader>
 <fileDesc>
<titleStmt>
<title>No-MM_N0095-00-01r.jpg</title>
</titleStmt>

<publicationStmt>
<p></p>
</publicationStmt>
<sourceDesc>
<p>2704 x 4064</p>
</sourceDesc>
 </fileDesc>
 <encodingDesc>


 
  <tagsDecl xml:id="imtAnnotationCategories"><rendition xml:id="transcription"><label>Contains the transcribed and TEI P5 encoded text of the objects</label><code rend="rectangle" lang="text/css">color: #ff0000</code></rendition><rendition xml:id="commentary"><label>Kommentarer</label><code rend="rectangle" lang="text/css">color: #00ff00</code></rendition><rendition xml:id="philologicalNotes"><label>Edisjonsfilologiske noter</label><code rend="rectangle" lang="text/css">color: #0000ff</code></rendition><rendition xml:id="textForSearch"><desc>transcriptional</desc><label>Søkbar tekst</label><code rend="rectangle" lang="text/css">color: #000000</code></rendition></tagsDecl><appInfo>
     <application ident="ImageMarkupTool01" version="1.8.1.3" notAfter="2009-03-30T12:58:05">
     <label>
     Image Markup Tool</label><desc>
     Tool for annotating images using TEI</desc><ref type="appURI" target="http://www.tapor.uvic.ca/~mholmes/image_markup/">
     </ref><ptr target="#imtAnnotatedImage"></ptr><ptr target="#imtImageAnnotations"></ptr><ptr target="#imtAnnotationCategories"></ptr></application>
     
     
     </appInfo></encodingDesc>
</teiHeader>
 <facsimile xml:id="imtAnnotatedImage"><surface><graphic url="No-MM_N0095-00-01r.jpg" width="2704px" height="4064px"></graphic><zone xml:id="imtArea_0" rendition="transcription" ulx="270" uly="545" lrx="2556" lry="3396" rend="visible"></zone></surface></facsimile>
 <text>
  <body>
   <div xml:id="imtImageAnnotations"><div corresp="#imtArea_0" type="imtAnnotation"><head>&#x00A0;</head><div>    
    <p rend="noIndent"><gap reason="damage"/> <gap reason="damage"/> op og ned <del rend="overstrike">og</del> med hænderne
     <lb/><gap reason="damage"/> og frøs &#x2013; Skulde det <del rend="overwritten"><gap/></del>denne 
     <lb/>gangen osså <unclear><del rend="overstrike">havde</del></unclear> gå som så 
     <lb/>mange ganger ellers &#x2013; at de skulde 
     <lb/>gå fra hinanden endnu mere rådløs 
     <lb/>&#x2013; endnu mere usikker end før &#x2013;
     <lb/>&#x2013; Nei nu skulde <add place="supralinear">han</add> gribe &#x2013; handle &#x2013;
     <lb/>&#x2013; Hvor vakker hun var &#x2013; <del rend="overstrike">hun var</del>
     <lb/>han måtte kunne komme til 
     <lb/>at holle a hinanden &#x2013; når de 
     <lb/>først hadde kyss<del rend="overwritten"><gap/></del>et hinanden &#x2013; favnet 
     <lb/>hinanden &#x2013; da vilde det komme 
     <lb/>&#x2013; for det var <del rend="overstrike">først</del> da først han 
     <lb/>hadde begyndt rigtig <del rend="overstrike">h</del> at holle 
     <lb/>a den <del rend="overstrike">an</del> den første &#x2013;
     <lb/><unclear reason="blurredInk">Ja</unclear> han vilde &#x2013; måtte holle a noen 
     <lb/><del rend="overstrike">andre</del> annen slig <del rend="overstrike">sk</del> som <del rend="overwritten"><gap/></del>han hadde holdt 
     <lb/>a hende &#x2013;</p>
    <p>Hvor mange ganger han hadde gåt 
     <lb/>slik og ventet på &#x2013; <del rend="overwritten">d</del>hun den andre &#x2013; 
     <lb/>&#x2013; <del rend="overstrike"><gap/></del> Vilde han føle det samme ligeoverfor 
     <lb/>denne når hun nu kom &#x2013;</p>
    <p><del rend="overstrike">Vinden</del> Hvor han frøs &#x2013; <del rend="overstrike">han <gap/></del> han følte sig</p>
    </div></div></div>
  </body>
 </text>
</TEI>
