<?xml version="1.0" encoding="UTF-8"?>
<!DOCTYPE TEI PUBLIC "-//TEI P5 MunchTEI//DTD TEI P5 Unified for Edvard Munch's Texts//EN" "file:/O:/Munchs tekster/Transkripsjoner/MunchTEI.dtd" >
<TEI xmlns="http://www.tei-c.org/ns/1.0" version="5.0" xml:id="No-MM_N0131-00-01r">
<teiHeader>
 <fileDesc>
<titleStmt>
<title>No-MM_N0131-00-01r.jpg</title>
</titleStmt>

<publicationStmt>
<p></p>
</publicationStmt>
<sourceDesc>
<p>4064 x 2704</p>
</sourceDesc>
 </fileDesc>
 <encodingDesc>


 
  <tagsDecl xml:id="imtAnnotationCategories"><rendition xml:id="transcription"><label>Contains the transcribed and TEI P5 encoded text of the objects</label><code rend="rectangle" lang="text/css">color: #ff0000</code></rendition><rendition xml:id="commentary"><label>Kommentarer</label><code rend="rectangle" lang="text/css">color: #00ff00</code></rendition><rendition xml:id="philologicalNotes"><label>Edisjonsfilologiske noter</label><code rend="rectangle" lang="text/css">color: #0000ff</code></rendition><rendition xml:id="textForSearch"><desc>transcriptional</desc><label>Søkbar tekst</label><code rend="rectangle" lang="text/css">color: #000000</code></rendition></tagsDecl><appInfo>
     <application ident="ImageMarkupTool01" version="1.8.1.3" notAfter="2009-04-20T14:21:19">
     <label>
     Image Markup Tool</label><desc>
     Tool for annotating images using TEI</desc><ref type="appURI" target="http://www.tapor.uvic.ca/~mholmes/image_markup/">
     </ref><ptr target="#imtAnnotatedImage"></ptr><ptr target="#imtImageAnnotations"></ptr><ptr target="#imtAnnotationCategories"></ptr></application>
     
     
     </appInfo></encodingDesc>
</teiHeader>
 <facsimile xml:id="imtAnnotatedImage"><surface><graphic url="No-MM_N0131-00-01r.jpg" width="4064px" height="2704px"></graphic><zone xml:id="imtArea_0" rendition="transcription" ulx="291" uly="185" lrx="3741" lry="2034" rend="visible"></zone></surface></facsimile>
 <text>
  <body>
   <div xml:id="imtImageAnnotations"><div corresp="#imtArea_0" type="imtAnnotation"><head>&#x00A0;</head><div>
    <head><add place="margin-top" hand="EM2">I anledning mit forhold til kvinnen</add></head>
    <p rend="extraAir">Som nærmere forklaring af mine udtalelser om
    <lb/>mit forhold til kvinnen skal jeg fortælle</p>
    <p>Min mor<del hand="EM2" rend="overstrike">far</del><add hand="EM2" place="supralinear">mor</add> <persName key="pe881">fru Bjølstad</persName> døde af tuberkulose
    <lb/>min mor døde heraf ligeså en søster <persName key="pe1294">Hansine</persName> &#x2013;</p>
    <p><del rend="overstrike">Min ta</del> min mors søster der <del rend="overstrike">kom i huset</del> styrte
    <lb/>huset hos os efter mors død <del rend="overstrike">hav</del> led af ustanselige
    <lb/>bronchitter <gap reason="scribble"/> med blodspytninger og så elendig ut</p>
    <p>Min søster <persName key="pe845">Sofie</persName> døde af tuberkulos &#x2013;</p>
    <p>Vi andre led <del rend="overstrike">havde</del> <del rend="overstrike">under opvæst</del> til den <del rend="overwritten"><gap/></del>voxne
    <lb/>alder stadi af heftige forkjølelser og bronchitter</p>
    <p>Jeg ligefra min <del rend="overstrike">bar</del> fødsel til langt in
    <lb/>i den voxne alder havde til stadighed <del rend="overstrike">g</del> stærke
    <lb/>bronchitter med blodstyrtninger og langvarig <add place="supralinear">og gigtfeber</add> &#x2013; sygeleier
    <lb/>der forhindret helt skolegangen <del rend="overstrike">Desforuten</del> <del rend="overstrike">Dertil gigtfeber</del></p>
    </div></div></div>
  </body>
 </text>
</TEI>
