<?xml version="1.0" encoding="UTF-8"?>
<!DOCTYPE TEI PUBLIC "-//TEI P5 MunchTEI//DTD TEI P5 Unified for Edvard Munch's Texts//EN" "file:/O:/Munchs tekster/Transkripsjoner/MunchTEI.dtd" >
<TEI xmlns="http://www.tei-c.org/ns/1.0" version="5.0" xml:id="No-MM_N0022-03">
<teiHeader>
 <fileDesc>
<titleStmt>
<title>No-MM_N0022-03.jpg</title>
</titleStmt>

<publicationStmt>
<p></p>
</publicationStmt>
<sourceDesc>
<p>2704 x 4064</p>
</sourceDesc>
 </fileDesc>
 <encodingDesc>


 
  <tagsDecl xml:id="imtAnnotationCategories"><rendition xml:id="transcription"><label>Contains the transcribed and TEI P5 encoded text of the objects</label><code rend="rectangle" lang="text/css">color: #ff0000</code></rendition><rendition xml:id="commentary"><label>Kommentarer</label><code rend="rectangle" lang="text/css">color: #00ff00</code></rendition><rendition xml:id="philologicalNotes"><label>Edisjonsfilologiske noter</label><code rend="rectangle" lang="text/css">color: #0000ff</code></rendition><rendition xml:id="textForSearch"><desc>transcriptional</desc><label>Søkbar tekst</label><code rend="rectangle" lang="text/css">color: #000000</code></rendition></tagsDecl><appInfo>
     <application ident="ImageMarkupTool01" version="1.8.1.2" notAfter="2009-03-18T11:25:15">
     <label>
     Image Markup Tool</label><desc>
     Tool for annotating images using TEI</desc><ref type="appURI" target="http://www.tapor.uvic.ca/~mholmes/image_markup/">
     </ref><ptr target="#imtAnnotatedImage"></ptr><ptr target="#imtImageAnnotations"></ptr><ptr target="#imtAnnotationCategories"></ptr></application>
     
     
     </appInfo></encodingDesc>
</teiHeader>
 <facsimile xml:id="imtAnnotatedImage"><surface><graphic url="No-MM_N0022-03.jpg" width="2704px" height="4064px"></graphic><zone xml:id="imtArea_0" rendition="transcription" ulx="156" uly="312" lrx="2624" lry="3880" rend="visible"></zone></surface></facsimile>
 <text>
  <body>
   <div xml:id="imtImageAnnotations"><div corresp="#imtArea_0" type="imtAnnotation"><head>&#x00A0;</head><div>
    <p>Jeg l<del rend="overwritten"><gap/></del>ægger min lille sum på rød. 
     <lb/><del rend="overstrike"><gap/></del> &#x2013; Mit hjerte sl<del rend="overwritten">år</del>og som 
     <lb/>en hammer &#x2013; jeg er så svimmel 
    <lb/>at jeg holder på at forlade boret
     <lb/>før rouleten har standset &#x2013;
    <lb/><del rend="overstrike">Så</del> <del rend="overstrike">hører jeg</del> så ser jeg mine penger
    <lb/><unclear reason="writing">li</unclear>pludseli er fordoblet<seg type="interpunctionalSpace"/>jeg har vundet
    <lb/>jeg sætter på og jeg vinder igjen 
     <lb/>&#x2013; jeg er så nervøs at jeg går med
     <lb/>mine vundne penger &#x2013; Jeg tør 
    <lb/>ikke være blandt alle disse mennesker
    <lb/>som jeg syntes så ud som gale 
    <lb/>noen stirrede ut i veiret
     <lb/>bevægende læberne &#x2013; andre stirrede 
    <lb/>stivt på mig men deres blik 
     <lb/><del rend="overwritten"><gap/></del>var tomt &#x2013; de så rouletten og 
     <lb/>deres læber hvisket <gap reason="writing"/> &#x2013; <del rend="overwritten"><gap/></del>un 
    <lb/><unclear reason="writing"><del rend="overwritten"><gap/></del>heur</unclear> <del rend="overstrike">trois</del> <del rend="overwritten">h</del>3. haute</p>
    <p>Men dagen efter &#x2013; jeg begynder 
     <lb/>mit arbeide &#x2013; jeg arbeider en stun 
    <lb/>så <del rend="overstrike"><gap/></del> tænker jeg pludselig på 
    <lb/><placeName key="pl108">Monte Carlo</placeName>. Om du havde fortsat</p> 
    </div></div></div>
  </body>
 </text>
</TEI>
