<?xml version="1.0" encoding="UTF-8"?>
<!DOCTYPE TEI PUBLIC "-//TEI P5 MunchTEI//DTD TEI P5 Unified for Edvard Munch's Texts//EN" "file:/O:/Munchs tekster/Transkripsjoner/MunchTEI.dtd" >
<TEI xmlns="http://www.tei-c.org/ns/1.0" version="5.0" xml:id="No-MM_N0043-00-01r">
<teiHeader>
 <fileDesc>
<titleStmt>
<title>No-MM_N0043-00-01r.jpg</title>
</titleStmt>

<publicationStmt>
<p></p>
</publicationStmt>
<sourceDesc>
<p>4064 x 2704</p>
</sourceDesc>
 </fileDesc>
 <encodingDesc>


 
  <tagsDecl xml:id="imtAnnotationCategories"><rendition xml:id="transcription"><label>Contains the transcribed and TEI P5 encoded text of the objects</label><code rend="rectangle" lang="text/css">color: #ff0000</code></rendition><rendition xml:id="commentary"><label>Kommentarer</label><code rend="rectangle" lang="text/css">color: #00ff00</code></rendition><rendition xml:id="philologicalNotes"><label>Edisjonsfilologiske noter</label><code rend="rectangle" lang="text/css">color: #0000ff</code></rendition><rendition xml:id="textForSearch"><desc>transcriptional</desc><label>Søkbar tekst</label><code rend="rectangle" lang="text/css">color: #000000</code></rendition></tagsDecl><appInfo>
     <application ident="ImageMarkupTool01" version="1.8.1.3" notAfter="2009-03-23T10:56:30">
     <label>
     Image Markup Tool</label><desc>
     Tool for annotating images using TEI</desc><ref type="appURI" target="http://www.tapor.uvic.ca/~mholmes/image_markup/">
     </ref><ptr target="#imtAnnotatedImage"></ptr><ptr target="#imtImageAnnotations"></ptr><ptr target="#imtAnnotationCategories"></ptr></application>
     
     
     </appInfo></encodingDesc>
</teiHeader>
 <facsimile xml:id="imtAnnotatedImage"><surface><graphic url="No-MM_N0043-00-01r.jpg" width="4064px" height="2704px"></graphic><zone xml:id="imtArea_0" rendition="transcription" ulx="217" uly="212" lrx="3828" lry="2493" rend="visible"></zone></surface></facsimile>
 <text>
  <body>
   <div xml:id="imtImageAnnotations"><div corresp="#imtArea_0" type="imtAnnotation"><head>&#x00A0;</head><div>
    <fw type="page">III</fw>
    <p>Når Du nævner livsfrisen og de forskjellige billeder 
    <lb/>der benævnes symbolske eller literære så må <del rend="overstrike">D</del> Du 
    <lb/>huske på at der var en sideordnet artistisk linie 
     <lb/>samtidig &#x2013; <del rend="overstrike">Det</del> Disse billeder <del rend="overstrike">la</del> var trappetrin til 
     <lb/>senere vægmalerier og til <ref type="lemma" target="co2">Aula billederne</ref> &#x2013;</p>
    <p>Jeg søgte forenkling &#x2013; hva jeg forresten <del rend="overstrike"><unclear>i h</unclear></del> til 
     <lb/>alle tider har gjort &#x2013; Det var jernkonstruktionen (som 
     <lb/>nu betonnen) <orgName key="i123">Eiffeltårnet</orgName> &#x2013; Det var den spændte bue der 
     <lb/>senere blev forslappet <del rend="overstrike">til</del> <del rend="overstrike">bøl</del> i Jugendstil &#x2013; Bølgelinien 
    <lb/>havde forresten osså fæste i <del rend="overstrike">de o</del> opdagelsen og anelsen 
     <lb/>af nye kræfter i luften &#x2013; Radiobølgene og meddelelsen 
     <lb/>gjennem menneske til menneske <del rend="overstrike">lå</del> anet man &#x2013;
    <lb/>(Adskillelsen: Jeg symboliserte forbindelsen mellem de adskilte</p>
    </div></div></div>
  </body>
 </text>
</TEI>
