<?xml version="1.0" encoding="UTF-8"?>
<!DOCTYPE TEI PUBLIC "-//TEI P5 MunchTEI//DTD TEI P5 Unified for Edvard Munch's Texts//EN" "file:/O:/Munchs tekster/Transkripsjoner/MunchTEI.dtd" >
<TEI xmlns="http://www.tei-c.org/ns/1.0" version="5.0" xml:id="No-MM_N0132-00-01v">
<teiHeader>
 <fileDesc>
<titleStmt>
<title>No-MM_N0132-00-01v.jpg</title>
</titleStmt>

<publicationStmt>
<p></p>
</publicationStmt>
<sourceDesc>
<p>2704 x 4064</p>
</sourceDesc>
 </fileDesc>
 <encodingDesc>


 
  <tagsDecl xml:id="imtAnnotationCategories"><rendition xml:id="transcription"><label>Contains the transcribed and TEI P5 encoded text of the objects</label><code rend="rectangle" lang="text/css">color: #ff0000</code></rendition><rendition xml:id="commentary"><label>Kommentarer</label><code rend="rectangle" lang="text/css">color: #00ff00</code></rendition><rendition xml:id="philologicalNotes"><label>Edisjonsfilologiske noter</label><code rend="rectangle" lang="text/css">color: #0000ff</code></rendition><rendition xml:id="textForSearch"><desc>transcriptional</desc><label>Søkbar tekst</label><code rend="rectangle" lang="text/css">color: #000000</code></rendition></tagsDecl><appInfo>
     <application ident="ImageMarkupTool01" version="1.8.1.4" notAfter="2010-06-28T15:47:13">
     <label>
     Image Markup Tool</label><desc>
     Tool for annotating images using TEI</desc><ref type="appURI" target="http://www.tapor.uvic.ca/~mholmes/image_markup/">
     </ref><ptr target="#imtAnnotatedImage"></ptr><ptr target="#imtImageAnnotations"></ptr><ptr target="#imtAnnotationCategories"></ptr></application>
     
     
     </appInfo></encodingDesc>
</teiHeader>
 <facsimile xml:id="imtAnnotatedImage"><surface><graphic url="No-MM_N0132-00-01v.jpg" width="2704px" height="4064px"></graphic><zone xml:id="imtArea_0" rendition="transcription" ulx="119" uly="799" lrx="2610" lry="1697" rend="visible"></zone><zone xml:id="imtArea_6" rendition="commentary" ulx="171" uly="1566" lrx="2605" lry="2804" rend="visible"></zone><zone xml:id="imtArea_2" rendition="transcription" ulx="195" uly="2813" lrx="2520" lry="3615" rend="visible"></zone></surface></facsimile>
 <text>
  <body>
   <div xml:id="imtImageAnnotations"><div corresp="#imtArea_0" type="imtAnnotation"><head>&#x00A0;</head><div><div type="postscript"><label>PS</label>
    <p>Her fins ingen tyskere &#x2013;
    <lb/>en hel del franske soldater resten
    <lb/>af befolkningen består af Normænd
    <lb/>og så endel Svenske og Danske &#x2013;</p></div></div></div><div corresp="#imtArea_6" type="imtAnnotation"><head>Tegning</head><div type="postscript">
     <p>Spisesalen i <orgName key="i223">Kaiserhof</orgName></p>
     <table>
      <row><cell>Dame fra
      <lb/><placeName key="pl56">Drøbak</placeName></cell><cell></cell><cell>To Damer fra
       <lb/><placeName key="pl189">Slemdal</placeName></cell><cell></cell><cell></cell><cell></cell></row>
      <row><cell></cell><cell>Publikum</cell><cell></cell><cell></cell><cell></cell><cell></cell></row>
     </table>
    </div></div><div corresp="#imtArea_2" type="imtAnnotation"><head>&#x00A0;</head><div type="postscript">
     <p>Her er det kjære Modersmål der serveres
      <lb/>i en skingrende ordstrøm over hoderne på
      <lb/>de fuldstændig duperte udlændinger &#x2013; der i
      <lb/>taushed indtar sit måltid &#x2013;</p>
     <p>Ja det tog madlysten fra mig</p>     
    </div></div></div>
  </body>
 </text>
</TEI>
