<?xml version="1.0" encoding="UTF-8"?>
<!DOCTYPE TEI PUBLIC "-//TEI P5 MunchTEI//DTD TEI P5 Unified for Edvard Munch's Texts//EN" "file:/O:/Munchs tekster/Transkripsjoner/MunchTEI.dtd" >
<TEI xmlns="http://www.tei-c.org/ns/1.0" version="5.0" xml:id="No-MM_N0037-00-03v">
<teiHeader>
 <fileDesc>
<titleStmt>
<title>No-MM_N0037-00-03v.jpg</title>
</titleStmt>

<publicationStmt>
<p></p>
</publicationStmt>
<sourceDesc>
<p>4064 x 2704</p>
</sourceDesc>
 </fileDesc>
 <encodingDesc>


 
  <tagsDecl xml:id="imtAnnotationCategories"><rendition xml:id="transcription"><label>Contains the transcribed and TEI P5 encoded text of the objects</label><code rend="rectangle" lang="text/css">color: #ff0000</code></rendition><rendition xml:id="commentary"><label>Kommentarer</label><code rend="rectangle" lang="text/css">color: #00ff00</code></rendition><rendition xml:id="philologicalNotes"><label>Edisjonsfilologiske noter</label><code rend="rectangle" lang="text/css">color: #0000ff</code></rendition><rendition xml:id="textForSearch"><desc>transcriptional</desc><label>Søkbar tekst</label><code rend="rectangle" lang="text/css">color: #000000</code></rendition></tagsDecl><appInfo>
     <application ident="ImageMarkupTool01" version="1.8.1.2" notAfter="2009-03-20T14:53:44">
     <label>
     Image Markup Tool</label><desc>
     Tool for annotating images using TEI</desc><ref type="appURI" target="http://www.tapor.uvic.ca/~mholmes/image_markup/">
     </ref><ptr target="#imtAnnotatedImage"></ptr><ptr target="#imtImageAnnotations"></ptr><ptr target="#imtAnnotationCategories"></ptr></application>
     
     
     </appInfo></encodingDesc>
</teiHeader>
 <facsimile xml:id="imtAnnotatedImage"><surface><graphic url="No-MM_N0037-00-03v.jpg" width="4064px" height="2704px"></graphic><zone xml:id="imtArea_0" rendition="transcription" ulx="168" uly="124" lrx="3400" lry="1312" rend="visible"></zone></surface></facsimile>
 <text>
  <body>
   <div xml:id="imtImageAnnotations"><div corresp="#imtArea_0" type="imtAnnotation"><head>&#x00A0;</head><div>
    <p rend="noIndent">og <del rend="overstrike">histori</del> videnskabsmand &#x2013; og geni</p>
    <p>Jeg tror ikke <ref type="lemma" target="co180">Holmene</ref> havde geni &#x2013; Men 
    <lb/>vist er det at en levende interesse havde <del rend="overstrike">hun</del>
    <lb/>tante for vort tegnearbeide og det stimulerte 
     <lb/>hende meget &#x2013; <del rend="overstrike">Men</del> Og hun havde stor
    <lb/>skyld i at jeg så tidli blev bestemt til maler</p>
   </div></div></div>
  </body>
 </text>
</TEI>
