<?xml version="1.0" encoding="UTF-8"?>
<!DOCTYPE TEI PUBLIC "-//TEI P5 MunchTEI//DTD TEI P5 Unified for Edvard Munch's Texts//EN" "file:/O:/Munchs tekster/Transkripsjoner/MunchTEI.dtd" >
<TEI xmlns="http://www.tei-c.org/ns/1.0" version="5.0" xml:id="No-MM_N0115-04">
<teiHeader>
 <fileDesc>
<titleStmt>
<title>No-MM_N0115-04.jpg</title>
</titleStmt>

<publicationStmt>
<p></p>
</publicationStmt>
<sourceDesc>
<p>2704 x 4064</p>
</sourceDesc>
 </fileDesc>
 <encodingDesc>


 
  <tagsDecl xml:id="imtAnnotationCategories"><rendition xml:id="transcription"><label>Contains the transcribed and TEI P5 encoded text of the objects</label><code rend="rectangle" lang="text/css">color: #ff0000</code></rendition><rendition xml:id="commentary"><label>Kommentarer</label><code rend="rectangle" lang="text/css">color: #00ff00</code></rendition><rendition xml:id="philologicalNotes"><label>Edisjonsfilologiske noter</label><code rend="rectangle" lang="text/css">color: #0000ff</code></rendition><rendition xml:id="textForSearch"><desc>transcriptional</desc><label>Søkbar tekst</label><code rend="rectangle" lang="text/css">color: #000000</code></rendition></tagsDecl><appInfo>
     <application ident="ImageMarkupTool01" version="1.8.1.3" notAfter="2009-04-14T13:43:26">
     <label>
     Image Markup Tool</label><desc>
     Tool for annotating images using TEI</desc><ref type="appURI" target="http://www.tapor.uvic.ca/~mholmes/image_markup/">
     </ref><ptr target="#imtAnnotatedImage"></ptr><ptr target="#imtImageAnnotations"></ptr><ptr target="#imtAnnotationCategories"></ptr></application>
     
     
     </appInfo></encodingDesc>
</teiHeader>
 <facsimile xml:id="imtAnnotatedImage"><surface><graphic url="No-MM_N0115-04.jpg" width="2704px" height="4064px"></graphic><zone xml:id="imtArea_0" rendition="transcription" ulx="239" uly="247" lrx="2593" lry="3957" rend="visible"></zone><zone xml:id="imtArea_1" rendition="commentary" ulx="493" uly="374" lrx="2708" lry="3901" rend="visible"></zone></surface></facsimile>
 <text>
  <body>
   <div xml:id="imtImageAnnotations"><div corresp="#imtArea_0" type="imtAnnotation"><head>&#x00A0;</head><div>
    <p rend="extraAir">Han måtte altid have tante til
    <lb/>at stelle bedre slag i hende så <gap reason="writing"/>
    <lb/>De duer ikke no <unclear reason="writing">bara</unclear> til <del rend="overwritten"><gap/></del><gap/>
    <lb/>er for genert:</p>
    <p rend="emptyPartOfPage">Blæser det noravind idag. Got
    <lb/>om det kom lidt regn det
    <lb/>er ille med efterslætten</p>
    <p>Konfirmation <add place="supralinear">det var</add> på Søndagen. Han var
    <lb/>lidt <del rend="overwritten"><gap/></del>dårligere nu. Det får gå som det
    <lb/>går sa han. Imellem blev han uttalen<del rend="overwritten"><gap/></del>de
    <lb/>at sligt skulde henne mig da. det er
    <lb/>mærkværdig.</p>
    <p><del rend="overstrike">Så måtte han</del></p>
    <p>Så <del rend="overstrike">blev han</del> brydde det han at
    <lb/>flaget ikke var heist i anledning
    <lb/>dagen.</p>
    <p><del rend="overwritten"><gap/></del>Jeg måtte op på tage. Jeg <gap reason="writing"/>
    <lb/><del rend="overstrike">at at</del> Det var første gang at det var
    <lb/>andre der <gap reason="writing"/> heiste flaget på mange år
    <lb/>Da jeg kom ind måtte han vide om
    <lb/><del rend="overstrike">flaget</del> var sat rigtivei unionsmærket
    <lb/>øverst &#x2013;</p>
   </div></div><div corresp="#imtArea_1" type="imtAnnotation"><head>Tegning</head><div>
   </div></div></div>
  </body>
 </text>
</TEI>