<?xml version="1.0" encoding="UTF-8"?>
<!DOCTYPE TEI PUBLIC "-//TEI P5 MunchTEI//DTD TEI P5 Unified for Edvard Munch's Texts//EN" "file:/O:/Munchs tekster/Transkripsjoner/MunchTEI.dtd" >
<TEI xmlns="http://www.tei-c.org/ns/1.0" version="5.0" xml:id="No-MM_N0001-03">
<teiHeader>
 <fileDesc>
<titleStmt>
<title>No-MM_N0001-03.jpg</title>
</titleStmt>

<publicationStmt>
<p></p>
</publicationStmt>
<sourceDesc>
<p>2704 x 4064</p>
</sourceDesc>
 </fileDesc>
 <encodingDesc>


 
  <tagsDecl xml:id="imtAnnotationCategories"><rendition xml:id="transcription"><label>Contains the transcribed and TEI P5 encoded text of the objects</label><code rend="rectangle" lang="text/css">color: #ff0000</code></rendition><rendition xml:id="commentary"><label>Kommentarer</label><code rend="rectangle" lang="text/css">color: #00ff00</code></rendition><rendition xml:id="philologicalNotes"><label>Edisjonsfilologiske noter</label><code rend="rectangle" lang="text/css">color: #0000ff</code></rendition><rendition xml:id="textForSearch"><desc>transcriptional</desc><label>Søkbar tekst</label><code rend="rectangle" lang="text/css">color: #000000</code></rendition></tagsDecl><appInfo>
     <application ident="ImageMarkupTool01" version="1.8.1.2" notAfter="2009-03-12T16:36:58">
     <label>
     Image Markup Tool</label><desc>
     Tool for annotating images using TEI</desc><ref type="appURI" target="http://www.tapor.uvic.ca/~mholmes/image_markup/">
     </ref><ptr target="#imtAnnotatedImage"></ptr><ptr target="#imtImageAnnotations"></ptr><ptr target="#imtAnnotationCategories"></ptr></application>
     
     
     </appInfo></encodingDesc>
</teiHeader>
 <facsimile xml:id="imtAnnotatedImage"><surface><graphic url="No-MM_N0001-03.jpg" width="2704px" height="4064px"></graphic><zone xml:id="imtArea_0" rendition="transcription" ulx="168" uly="240" lrx="2576" lry="3800" rend="visible"></zone></surface></facsimile>
 <text>
  <body>
   <div xml:id="imtImageAnnotations"><div corresp="#imtArea_0" type="imtAnnotation"><head>&#x00A0;</head><div>
    <p><del rend="overwritten">S</del>Jeg tog det samme bor som sidst. 
    <lb/>Det varte en stun inden man 
     <lb/>begynte &#x2013; man studerte spilletabeller 
     <lb/>&#x2013; man vexlet seddeler &#x2013; <del rend="overstrike">Me</del></p>
    <p>Endeli &#x2013; <del rend="overwritten">S</del>Faites le jeu messieurs 
     <lb/>&#x2013; <del rend="overstrike">Jeg</del> Det var bare et par som 
     <lb/>sat <del rend="overstrike">en</del> <del rend="overstrike">no</del> <del rend="overstrike">en</del> noen småsummer &#x2013;
     <lb/>man vilde sondere <del rend="overstrike">ter</del> prøve <del rend="overwritten">&#x2013;</del>sig frem &#x2013;</p> 
    <p><del rend="overstrike">Jeg</del> <del rend="overstrike"><del rend="overwritten"><gap/></del>Spillet gik en stun afvexlende 
     <lb/>&#x2013; ingen suiter</del> &#x2013;</p>
    <p><del rend="overstrike">Endeli kom rødt 4 gange &#x2013; jeg 
     <lb/>sætter <del rend="overstrike">på</del> 5 på sort &#x2013;</del></p>
    <p>Jeg hadde foran mig de guldstykker 
     <lb/>jeg havde vundet i går &#x2013; og så &#x2013; vidste 
     <lb/>jeg jeg havde den seddelen &#x2013; i lommen 
     <lb/>den jeg skulde leve for i <del rend="overwritten"><gap/></del>en hel måned &#x2013;</p>
    <p><del rend="overwritten">S</del>Men den skulde jeg ikke røre &#x2013;</p> 
    <p>Spillet gik en stun afvexlende &#x2013; ingen 
     <lb/>suiter &#x2013;</p> 
    <p>Endelig kom rødt 4 gange &#x2013; jeg sætter 
     <lb/>10 på <del rend="overstrike">rødt</del> sort &#x2013; rødt kommer igjen &#x2013; <unclear reason="writing">ut</unclear> &#x2013;</p>
    <p>&#x2013; Ja jeg vil vente
    <lb/><del rend="overstrike">rød</del> <del rend="overstrike">Sort kom atter &#x2013;</del> 
    <lb/><del rend="overstrike">Jeg</del> <del rend="overstrike">det er</del></p>
    </div></div></div>
  </body>
 </text>
</TEI>
