<?xml version="1.0" encoding="UTF-8"?>
<!DOCTYPE TEI PUBLIC "-//TEI P5 MunchTEI//DTD TEI P5 Unified for Edvard Munch's Texts//EN" "file:/O:/Munchs tekster/Transkripsjoner/MunchTEI.dtd" >
<TEI xmlns="http://www.tei-c.org/ns/1.0" version="5.0" xml:id="No-MM_N0035-00-01r">
<teiHeader>
 <fileDesc>
<titleStmt>
<title>No-MM_N0035-00-01r.jpg</title>
</titleStmt>

<publicationStmt>
<p></p>
</publicationStmt>
<sourceDesc>
<p>4064 x 2704</p>
</sourceDesc>
 </fileDesc>
 <encodingDesc>


 
  <tagsDecl xml:id="imtAnnotationCategories"><rendition xml:id="transcription"><label>Contains the transcribed and TEI P5 encoded text of the objects</label><code rend="rectangle" lang="text/css">color: #ff0000</code></rendition><rendition xml:id="commentary"><label>Kommentarer</label><code rend="rectangle" lang="text/css">color: #00ff00</code></rendition><rendition xml:id="philologicalNotes"><label>Edisjonsfilologiske noter</label><code rend="rectangle" lang="text/css">color: #0000ff</code></rendition><rendition xml:id="textForSearch"><desc>transcriptional</desc><label>Søkbar tekst</label><code rend="rectangle" lang="text/css">color: #000000</code></rendition></tagsDecl><appInfo>
     <application ident="ImageMarkupTool01" version="1.8.1.2" notAfter="2009-03-19T16:44:53">
     <label>
     Image Markup Tool</label><desc>
     Tool for annotating images using TEI</desc><ref type="appURI" target="http://www.tapor.uvic.ca/~mholmes/image_markup/">
     </ref><ptr target="#imtAnnotatedImage"></ptr><ptr target="#imtImageAnnotations"></ptr><ptr target="#imtAnnotationCategories"></ptr></application>
     
     
     </appInfo></encodingDesc>
</teiHeader>
 <facsimile xml:id="imtAnnotatedImage"><surface><graphic url="No-MM_N0035-00-01r.jpg" width="4064px" height="2704px"></graphic><zone xml:id="imtArea_0" rendition="transcription" ulx="228" uly="324" lrx="3632" lry="2516" rend="visible"></zone></surface></facsimile>
 <text>
  <body>
   <div xml:id="imtImageAnnotations"><div corresp="#imtArea_0" type="imtAnnotation"><head>&#x00A0;</head><div>
    <p rend="noIndent">livsfrisen &#x2013; Jeg syntes det var vigti at 
    <lb/>dette arbeide der allerede i <date when="1902">1902</date> udstilledes 
    <lb/>som en sluttet <del rend="overstrike">fris</del> stor fris i <orgName key="i5">Secessionen
    <lb/>i Berlin</orgName> <del rend="overstrike">ikke</del> og ikke skulde helt 
    <lb/>gå i sand medens <persName key="pe741">Vigelands</persName> fontæne 
    <lb/><del rend="overstrike">2</del> 3 år efter begyn<del rend="overwritten"><gap/></del>tes på og nu har antat
    <lb/>så store dimensioner</p>
    <p>Det er ikke <unclear reason="writing">bare</unclear> ærgrelser jeg har heraf 
    <lb/>når jeg hvor jeg kommer ligetil de sidste 
    <lb/>dage får høre om mine <del rend="overstrike">mange villaer</del> 
    <lb/>utal af villaer og min opsamling 
    <lb/>af billeder &#x2013; Det er kommet til utlannet 
    <lb/>hvor jeg har fået en skjæv stilling blandt 
    <lb/>mange venner &#x2013; og det har nok forvoldt mig 
    <lb/>stor skade heroppe ved således at fremstilles</p> 
    </div></div></div>
  </body>
 </text>
</TEI>
