<?xml version="1.0" encoding="UTF-8"?>
<!DOCTYPE TEI PUBLIC "-//TEI P5 MunchTEI//DTD TEI P5 Unified for Edvard Munch's Texts//EN" "file:/O:/Munchs tekster/Transkripsjoner/MunchTEI.dtd" >
<TEI xmlns="http://www.tei-c.org/ns/1.0" version="5.0" xml:id="No-MM_N0021-03">
<teiHeader>
 <fileDesc>
<titleStmt>
<title>No-MM_N0021-03.jpg</title>
</titleStmt>

<publicationStmt>
<p></p>
</publicationStmt>
<sourceDesc>
<p>2704 x 4064</p>
</sourceDesc>
 </fileDesc>
 <encodingDesc>


 
  <tagsDecl xml:id="imtAnnotationCategories"><rendition xml:id="transcription"><label>Contains the transcribed and TEI P5 encoded text of the objects</label><code rend="rectangle" lang="text/css">color: #ff0000</code></rendition><rendition xml:id="commentary"><label>Kommentarer</label><code rend="rectangle" lang="text/css">color: #00ff00</code></rendition><rendition xml:id="philologicalNotes"><label>Edisjonsfilologiske noter</label><code rend="rectangle" lang="text/css">color: #0000ff</code></rendition><rendition xml:id="textForSearch"><desc>transcriptional</desc><label>Søkbar tekst</label><code rend="rectangle" lang="text/css">color: #000000</code></rendition></tagsDecl><appInfo>
     <application ident="ImageMarkupTool01" version="1.8.1.2" notAfter="2009-03-17T16:09:16">
     <label>
     Image Markup Tool</label><desc>
     Tool for annotating images using TEI</desc><ref type="appURI" target="http://www.tapor.uvic.ca/~mholmes/image_markup/">
     </ref><ptr target="#imtAnnotatedImage"></ptr><ptr target="#imtImageAnnotations"></ptr><ptr target="#imtAnnotationCategories"></ptr></application>
     
     
     </appInfo></encodingDesc>
</teiHeader>
 <facsimile xml:id="imtAnnotatedImage"><surface><graphic url="No-MM_N0021-03.jpg" width="2704px" height="4064px"></graphic><zone xml:id="imtArea_0" rendition="transcription" ulx="144" uly="296" lrx="2660" lry="3780" rend="visible"></zone></surface></facsimile>
 <text>
  <body>
   <div xml:id="imtImageAnnotations"><div corresp="#imtArea_0" type="imtAnnotation"><head>&#x00A0;</head><div>
    <p rend="noIndent">to tårne &#x2013; <del rend="overstrike">og</del> du går gjennem 
    <lb/>de mørke gange under de brede 
     <lb/>palmeblade &#x2013; på den gjord du 
    <lb/>ved er <unclear reason="writing">gjødet</unclear> med hundredes 
     <lb/>blod &#x2013; alle <unclear reason="writing">deres Mod</unclear> der ikke 
    <lb/>hadde askeladdens held </p>
    <p><add place="inBetweenLines">Og tusind strømmer hid</add></p>
    <p><del rend="overstrike">Her hører de over om <gap/> osså 
    <lb/>om dig en</del> 
    <lb/><add place="inBetweenLines">fra alle verdens kanter forat søge
    <lb/>lykke</add></p> 
    <p>Her ved <placeName key="pl232">Rivieraen</placeName> i 
    <lb/>dette strålende <del rend="overstrike">lys</del> solskin 
    <lb/>drømmer man om lykke</p>
    <p>Hør disse navne <del rend="overstrike">Ne</del> <placeName key="pl125">Menton</placeName> 
     <lb/><placeName key="pl70">Nizza</placeName> &#x2013; <placeName key="pl129">Villa franche</placeName> &#x2013; 
     <lb/><placeName key="pl108">Monte Carlo</placeName> &#x2013; <del rend="overstrike">Så</del> er det 
    <lb/>ikke som glæden ligger i disse 
     <lb/>or &#x2013; <del rend="overstrike"><gap/></del><add place="inBetweenLines"> Man er nu kommen
    <lb/><del rend="overstrike"><placeName key="pl70">Nizza</placeName></del> <placeName key="pl70">Nizza</placeName> <placeName key="pl114">Middelhavets</placeName> drøm</add>
    <lb/><del rend="overwritten"><gap/></del><del rend="overstrike">Den Januar dag</del> går
    <lb/><add place="inBetweenLines"><del rend="overstrike">bræder sig</del> <del rend="overstrike">soler sig</del> <del rend="overstrike">tager</del> jeg</add>
    <lb/>jeg nedover <placeName key="pl115">Pro<unclear reason="blurredInk">menade</unclear> des 
     <lb/>Anglais</placeName> &#x2013; <del rend="overstrike">der</del> <gap reason="blurredInk"/></p>
    </div></div></div>
  </body>
 </text>
</TEI>
