<?xml version="1.0" encoding="UTF-8"?>
<!DOCTYPE TEI PUBLIC "-//TEI P5 MunchTEI//DTD TEI P5 Unified for Edvard Munch's Texts//EN" "file:/O:/Munchs tekster/Transkripsjoner/MunchTEI.dtd" >
<TEI xmlns="http://www.tei-c.org/ns/1.0" version="5.0" xml:id="No-MM_N0141-00-01r">
<teiHeader>
 <fileDesc>
<titleStmt>
<title>No-MM_N0141-00-01r.jpg</title>
</titleStmt>

<publicationStmt>
<p></p>
</publicationStmt>
<sourceDesc>
<p>2704 x 4064</p>
</sourceDesc>
 </fileDesc>
 <encodingDesc>


 
  <tagsDecl xml:id="imtAnnotationCategories"><rendition xml:id="transcription"><label>Contains the transcribed and TEI P5 encoded text of the objects</label><code rend="rectangle" lang="text/css">color: #ff0000</code></rendition><rendition xml:id="commentary"><label>Kommentarer</label><code rend="rectangle" lang="text/css">color: #00ff00</code></rendition><rendition xml:id="philologicalNotes"><label>Edisjonsfilologiske noter</label><code rend="rectangle" lang="text/css">color: #0000ff</code></rendition><rendition xml:id="textForSearch"><desc>transcriptional</desc><label>Søkbar tekst</label><code rend="rectangle" lang="text/css">color: #000000</code></rendition></tagsDecl><appInfo>
     <application ident="ImageMarkupTool01" version="1.8.1.3" notAfter="2009-04-23T10:49:48">
     <label>
     Image Markup Tool</label><desc>
     Tool for annotating images using TEI</desc><ref type="appURI" target="http://www.tapor.uvic.ca/~mholmes/image_markup/">
     </ref><ptr target="#imtAnnotatedImage"></ptr><ptr target="#imtImageAnnotations"></ptr><ptr target="#imtAnnotationCategories"></ptr></application>
     
     
     </appInfo></encodingDesc>
</teiHeader>
 <facsimile xml:id="imtAnnotatedImage"><surface><graphic url="No-MM_N0141-00-01r.jpg" width="2704px" height="4064px"></graphic><zone xml:id="imtArea_0" rendition="commentary" ulx="429" uly="414" lrx="2163" lry="1762" rend="visible"></zone><zone xml:id="imtArea_1" rendition="transcription" ulx="362" uly="1754" lrx="2434" lry="3953" rend="visible"></zone></surface></facsimile>
 <text>
  <body>
   <div xml:id="imtImageAnnotations"><div corresp="#imtArea_0" type="imtAnnotation"><head>Tegning</head><div></div></div><div corresp="#imtArea_1" type="imtAnnotation"><head>&#x00A0;</head><div>
    <p>December 4<hi rend="raised">de</hi>
     <lb/>T<del rend="overwritten"><gap/></del>rykning <note>heller kode Nilsen og Olsen som uidentifisert institusjon?</note><persName key="pe486">Nilsen</persName> 160 Kr
    <lb/><orgName key="i535">Halvorsen og Larsen</orgName> <del rend="overwritten">2</del>400 Kr
    <lb/><persName key="pe486">Olsen</persName><seg type="typographicalSpace"/>439 Kr
    <lb/><seg type="accidentalSpace"/>+ 60 
    <lb/><unclear>Skåle</unclear> til Gravurer 1<del rend="overwritten">2</del>50
    <lb/>Farver <orgName key="i107">Bjerke</orgName> 180 kr
    <lb/>D<gap reason="writing"/> 500<seg type="interpunctionalSpace"/>1830
    <lb/><del rend="overstrike"><orgName key="i535">Halvorsen og Larsen</orgName> <del rend="overwritten"><gap/></del>500</del> Kr
    <lb/>Reise <placeName key="pl20">Kristiania</placeName> 400 Kr
    <lb/>2500 Kr</p>
    </div></div></div>
  </body>
 </text>
</TEI>