<?xml version="1.0" encoding="UTF-8"?>
<!DOCTYPE TEI PUBLIC "-//TEI P5 MunchTEI//DTD TEI P5 Unified for Edvard Munch's Texts//EN" "file:/O:/Munchs tekster/Transkripsjoner/MunchTEI.dtd" >
<TEI xmlns="http://www.tei-c.org/ns/1.0" version="5.0" xml:id="No-MM_N0094-03">
<teiHeader>
 <fileDesc>
<titleStmt>
<title>No-MM_N0094-03.jpg</title>
</titleStmt>

<publicationStmt>
<p></p>
</publicationStmt>
<sourceDesc>
<p>2704 x 4064</p>
</sourceDesc>
 </fileDesc>
 <encodingDesc>


 
  <tagsDecl xml:id="imtAnnotationCategories"><rendition xml:id="transcription"><label>Contains the transcribed and TEI P5 encoded text of the objects</label><code rend="rectangle" lang="text/css">color: #ff0000</code></rendition><rendition xml:id="commentary"><label>Kommentarer</label><code rend="rectangle" lang="text/css">color: #00ff00</code></rendition><rendition xml:id="philologicalNotes"><label>Edisjonsfilologiske noter</label><code rend="rectangle" lang="text/css">color: #0000ff</code></rendition><rendition xml:id="textForSearch"><desc>transcriptional</desc><label>Søkbar tekst</label><code rend="rectangle" lang="text/css">color: #000000</code></rendition></tagsDecl><appInfo>
     <application ident="ImageMarkupTool01" version="1.8.1.3" notAfter="2009-03-27T14:46:15">
     <label>
     Image Markup Tool</label><desc>
     Tool for annotating images using TEI</desc><ref type="appURI" target="http://www.tapor.uvic.ca/~mholmes/image_markup/">
     </ref><ptr target="#imtAnnotatedImage"></ptr><ptr target="#imtImageAnnotations"></ptr><ptr target="#imtAnnotationCategories"></ptr></application>
     
     
     </appInfo></encodingDesc>
</teiHeader>
 <facsimile xml:id="imtAnnotatedImage"><surface><graphic url="No-MM_N0094-03.jpg" width="2704px" height="4064px"></graphic><zone xml:id="imtArea_0" rendition="transcription" ulx="131" uly="322" lrx="2441" lry="3766" rend="visible"></zone></surface></facsimile>
 <text>
  <body>
   <div xml:id="imtImageAnnotations"><div corresp="#imtArea_0" type="imtAnnotation"><head>&#x00A0;</head><div>
    <p rend="extraAir">Man har følelsen af 
    <lb/><del rend="overstrike"><gap/></del> at foreldre mere har 
    <lb/>ha<del rend="overwritten">t</del>vt omsorg forat at
    <lb/><del rend="overstrike">p</del> holde værelset den syge 
    <lb/>og sig selv pene og pudsede
    <lb/>end havt <unclear reason="writing">tanger</unclear> for 
    <lb/><del rend="overstrike">de</del> barnene &#x2013;</p>
    <p>Publikummet vandrer 
    <lb/>gjennem salerne og det gl<del rend="overwritten"><gap/></del>aner 
    <lb/>dorskt og dumt på de 
    <lb/>mange billeder de har 
    <lb/>seet hundrede ganger før 
    <lb/>og jo oftere de har 
    <lb/>seet bilderne før før jo 
    <lb/><del rend="overstrike">jog</del> mere forsoner de sig med 
    <lb/>dem. <del rend="overstrike">Benekter</del></p> 
    <p>Publikum er <del rend="overstrike">nu</del> synes vist<del rend="overwritten"><gap/></del>nok 
    <lb/>bedre om udstillingen nu</p>
    </div></div></div>
  </body>
 </text>
</TEI>
