<?xml version="1.0" encoding="UTF-8"?>
<!DOCTYPE TEI PUBLIC "-//TEI P5 MunchTEI//DTD TEI P5 Unified for Edvard Munch's Texts//EN" "file:/O:/Munchs tekster/Transkripsjoner/MunchTEI.dtd" >
<TEI xmlns="http://www.tei-c.org/ns/1.0" version="5.0" xml:id="No-MM_N0068-02">
<teiHeader>
 <fileDesc>
<titleStmt>
<title>No-MM_N0068-02.jpg</title>
</titleStmt>

<publicationStmt>
<p></p>
</publicationStmt>
<sourceDesc>
<p>2550 x 3509</p>
</sourceDesc>
 </fileDesc>
 <encodingDesc>


 
  <tagsDecl xml:id="imtAnnotationCategories"><rendition xml:id="transcription"><label>Contains the transcribed and TEI P5 encoded text of the objects</label><code rend="rectangle" lang="text/css">color: #ff0000</code></rendition><rendition xml:id="commentary"><label>Kommentarer</label><code rend="rectangle" lang="text/css">color: #00ff00</code></rendition><rendition xml:id="philologicalNotes"><label>Edisjonsfilologiske noter</label><code rend="rectangle" lang="text/css">color: #0000ff</code></rendition><rendition xml:id="textForSearch"><desc>transcriptional</desc><label>Søkbar tekst</label><code rend="rectangle" lang="text/css">color: #000000</code></rendition></tagsDecl><appInfo>
     <application ident="ImageMarkupTool01" version="1.8.1.4" notAfter="2011-11-16T11:49:02">
     <label>
     Image Markup Tool</label><desc>
     Tool for annotating images using TEI</desc><ref type="appURI" target="http://www.tapor.uvic.ca/~mholmes/image_markup/">
     </ref><ptr target="#imtAnnotatedImage"></ptr><ptr target="#imtImageAnnotations"></ptr><ptr target="#imtAnnotationCategories"></ptr></application>
     
     
     </appInfo></encodingDesc>
</teiHeader>
 <facsimile xml:id="imtAnnotatedImage"><surface><graphic url="No-MM_N0068-02.jpg" width="2550px" height="3509px"></graphic><zone xml:id="imtArea_0" rendition="transcription" ulx="276" uly="264" lrx="2427" lry="3428" rend="visible"></zone></surface></facsimile>
 <text>
  <body>
   <div xml:id="imtImageAnnotations"><div corresp="#imtArea_0" type="imtAnnotation"><head>&#x00A0;</head><div>
    <p rend="extraAir">&#x2013; Til et billede de tre kvinner på Livsfrisen havde han
     <lb/>blot haansord &#x2013; et billede der høist sandsynlig har tilskyndet <persName key="pe218">Ibsen</persName> til hans
     <lb/><del rend="overstrike">billede</del> symbol i <ref type="lemma" target="co243">de døde vaagner</ref> de tre kvinner
    <lb/>den ideale kvinne <del rend="overstrike">liv</del> skjøgen og Nonnen</p>
    <p>Jeg har aldrig før tat til gjenmæle ligeoverfor kritikken &#x2013; 
    <lb/>og kommer vel aldrig efter det at gjøre det dette er et 
    <lb/>undtagelsestilfælde den</p>
    <p rend="extraAir"><add place="inline">Frisens særstilling &#x2013; både på grund af det anselige Arbeid 
    <lb/>og på grund af  den <gap reason="writing"/> hadske udfald &#x2013; og dens sorg 
    <lb/>later begeistringen</add></p>
    <p>Da <ref type="lemma" target="co17">Maja</ref> spør Billedhugger <ref type="lemma" target="co229">Rubek</ref> om hans livs hovedværk
    <lb/>opstandelsen sier han det blir  <unclear reason="writing">bestridt</unclear> <del rend="overstrike">i Tyskland</del>
    <lb/>i utlandet</p> 
    <p>Jeg ønsker ikke at det skal gå ligedan med denne frise &#x2013;
     <lb/>der har optat så meget af mit Liv &#x2013; Det skal ikke  helt 
     <lb/>af få det ødelagt til trods for alle forfølgelser og
    <lb/>vanskeligheder</p>
    <p>Jeg forlanger ikke &#x2013; det gjentar vel hr <persName key="">Øverland</persName> osså 
    <lb/>af forordet &#x2013; at skal betragtes som ferdig frise &#x2013; Men 
    <lb/>jeg forlanger at et så vigtig og stort værk skal man 
    <lb/>omhyggeligere tænke over før man affeier det &#x2013;
    <lb/>Man skal se at få tag i intentionerne og det påstår jeg 
    <lb/>ikke er vanskelig &#x2013;</p>
    <p>Det kan ikke lykkes nogen at få undrat dens dekorative 
    <lb/>værdien</p>
    <p>Som jeg har skrevet før i anledning kritikken &#x2013; som er 
    <lb/>over halvparten omtrent sammenhængende i form og linier 
    <lb/><del rend="overstrike">At de er dekorative holdt vil vel ikke</del> Det kan vel 
    <lb/>omtrent bevises</p>
    <p>At de enkelte billeder er dekorative vil vel hr. <persName key="">Øverland</persName> 
     <lb/>ikke bestride</p>
    <p>Jeg mener bare at hr <persName key="">Øverland</persName> skulde gått mer ind på 
     <lb/>intentionerne</p>    
   </div></div></div>
  </body>
 </text>
</TEI>