<?xml version="1.0" encoding="UTF-8"?>
<!DOCTYPE TEI PUBLIC "-//TEI P5 MunchTEI//DTD TEI P5 Unified for Edvard Munch's Texts//EN" "file:/O:/Munchs tekster/Transkripsjoner/MunchTEI.dtd" >
<TEI xmlns="http://www.tei-c.org/ns/1.0" version="5.0" xml:id="No-MM_N0136-00-01v">
<teiHeader>
 <fileDesc>
<titleStmt>
<title>No-MM_N0136-00-01v.jpg</title>
</titleStmt>

<publicationStmt>
<p></p>
</publicationStmt>
<sourceDesc>
<p>2704 x 4064</p>
</sourceDesc>
 </fileDesc>
 <encodingDesc>


 
  <tagsDecl xml:id="imtAnnotationCategories"><rendition xml:id="transcription"><label>Contains the transcribed and TEI P5 encoded text of the objects</label><code rend="rectangle" lang="text/css">color: #ff0000</code></rendition><rendition xml:id="commentary"><label>Kommentarer</label><code rend="rectangle" lang="text/css">color: #00ff00</code></rendition><rendition xml:id="philologicalNotes"><label>Edisjonsfilologiske noter</label><code rend="rectangle" lang="text/css">color: #0000ff</code></rendition><rendition xml:id="textForSearch"><desc>transcriptional</desc><label>Søkbar tekst</label><code rend="rectangle" lang="text/css">color: #000000</code></rendition></tagsDecl><appInfo>
     <application ident="ImageMarkupTool01" version="1.8.1.3" notAfter="2009-04-22T14:56:10">
     <label>
     Image Markup Tool</label><desc>
     Tool for annotating images using TEI</desc><ref type="appURI" target="http://www.tapor.uvic.ca/~mholmes/image_markup/">
     </ref><ptr target="#imtAnnotatedImage"></ptr><ptr target="#imtImageAnnotations"></ptr><ptr target="#imtAnnotationCategories"></ptr></application>
     
     
     </appInfo></encodingDesc>
</teiHeader>
 <facsimile xml:id="imtAnnotatedImage"><surface><graphic url="No-MM_N0136-00-01v.jpg" width="2704px" height="4064px"></graphic><zone xml:id="imtArea_0" rendition="transcription" ulx="251" uly="155" lrx="2657" lry="3873" rend="visible"></zone><zone xml:id="imtArea_1" rendition="transcription" ulx="64" uly="891" lrx="307" lry="3662" rend="visible"></zone></surface></facsimile>
 <text>
  <body>
   <div xml:id="imtImageAnnotations"><div corresp="#imtArea_0" type="imtAnnotation"><head>&#x00A0;</head><div>
    <p rend="noIndent">på <ref type="lemma" target="co2">Aulabilledene</ref></p>
    <p>N<del rend="overwritten"><gap/></del>ei det var nok ikke bestilling
    <lb/>Jeg måtte arbeide på dem på
    <lb/>egen risiko i 5 år &#x2013; og jeg fik
    <lb/>først da jeg endeli erklærte dem færdi
    <lb/><del rend="overstrike">udbetalt honorar</del> <add place="inline">efter disse år &#x2013; vide at
    <lb/>de endeli var antat</add></p>
    <p>Jeg skulde male disse svære
    <lb/>lærreder her inde &#x2013; Slig min
    <lb/>malermaade var vilde jeg
    <lb/>male på lærred &#x2013; Jeg vilde ikke
    <lb/>kaste bort det jeg havde arbeidet
    <lb/>for i f<del rend="overwritten"><gap/></del>arverne hele mit kunstnerliv
    <lb/><add place="inBetweenLines">og jeg fandt at freskomaleri &#x2013; <del rend="overwritten"><gap/></del>det ikke var en form kunstart</add>
    <lb/><add place="margin-right">selvom <persName key="pe837">Michelangelo</persName> brugte det før olien opfandtes</add>
    <lb/>&#x2013; <del rend="overstrike">Hv</del> Hvordan altså male dem
    <lb/>her &#x2013;</p>
    <p>Jeg bygget 3 vægger mod
    <lb/><del rend="overstrike">Hu</del> husvæggen mot syd &#x2013;
     <lb/>Lidt tag omtrent 1&#x00BD; m<del rend="overwritten">t</del>eter
    <lb/>gik indover til <del rend="overstrike"><gap/></del> beskyttelse <del rend="overstrike">f</del>
    <lb/>billederne mot regn
    <lb/>Ellers var himmelen tag
    <lb/>Atelieret kostet 400 kr og <del rend="overstrike">var</del>
    <lb/>fungerede udmærket &#x2013; vinter og
    <lb/><del rend="overstrike">som</del> sommer &#x2013;</p>
    <p>Huset havde fåt en <gap reason="writing"/> &#x2013;
    <lb/>&#x2013; Nu vilde man kalde det funkis
    <lb/>Det var det første funktionelle hus i landet
    <lb/>reist &#x2013; i <date when="1912">1912</date></p>
    
   </div></div><div corresp="#imtArea_1" type="imtAnnotation"><head>&#x00A0;</head><div>
    <p><del rend="overstrike">B</del> Stort areal var nødvendig for at bygge og for brandfare</p>
   </div></div></div>
  </body>
 </text>
</TEI>
