<?xml version="1.0" encoding="UTF-8"?>
<!DOCTYPE TEI PUBLIC "-//TEI P5 MunchTEI//DTD TEI P5 Unified for Edvard Munch's Texts//EN" "file:/O:/Munchs tekster/Transkripsjoner/MunchTEI.dtd" >
<TEI xmlns="http://www.tei-c.org/ns/1.0" version="5.0" xml:id="No-MM_N0120-02">
<teiHeader>
 <fileDesc>
<titleStmt>
<title>No-MM_N0120-02.jpg</title>
</titleStmt>

<publicationStmt>
<p></p>
</publicationStmt>
<sourceDesc>
<p>2704 x 4064</p>
</sourceDesc>
 </fileDesc>
 <encodingDesc>


 
  <tagsDecl xml:id="imtAnnotationCategories"><rendition xml:id="transcription"><label>Contains the transcribed and TEI P5 encoded text of the objects</label><code rend="rectangle" lang="text/css">color: #ff0000</code></rendition><rendition xml:id="commentary"><label>Kommentarer</label><code rend="rectangle" lang="text/css">color: #00ff00</code></rendition><rendition xml:id="philologicalNotes"><label>Edisjonsfilologiske noter</label><code rend="rectangle" lang="text/css">color: #0000ff</code></rendition><rendition xml:id="textForSearch"><desc>transcriptional</desc><label>Søkbar tekst</label><code rend="rectangle" lang="text/css">color: #000000</code></rendition></tagsDecl><appInfo>
     <application ident="ImageMarkupTool01" version="1.8.1.3" notAfter="2009-04-14T15:48:14">
     <label>
     Image Markup Tool</label><desc>
     Tool for annotating images using TEI</desc><ref type="appURI" target="http://www.tapor.uvic.ca/~mholmes/image_markup/">
     </ref><ptr target="#imtAnnotatedImage"></ptr><ptr target="#imtImageAnnotations"></ptr><ptr target="#imtAnnotationCategories"></ptr></application>
     
     
     </appInfo></encodingDesc>
</teiHeader>
 <facsimile xml:id="imtAnnotatedImage"><surface><graphic url="No-MM_N0120-02.jpg" width="2704px" height="4064px"></graphic><zone xml:id="imtArea_0" rendition="transcription" ulx="254" uly="485" lrx="2564" lry="3682" rend="visible"></zone></surface></facsimile>
 <text>
  <body>
   <div xml:id="imtImageAnnotations"><div corresp="#imtArea_0" type="imtAnnotation"><head>&#x00A0;</head><div>
    <p>Kom <del rend="overstrike">og</del> å hjælp mig med soppen &#x2013;
    <lb/>Han gav sig i kast med at rense &#x2013; Nei &#x2013; aldeles
    <lb/>galt sa <ref type="lemma" target="co5">fru <del rend="overwritten">h</del>Heiberg</ref> &#x2013; de kan ikke<seg type="interpunctionalSpace"/>hvilken
    <lb/>klodsmajor &#x2013; Så satte han sig til at se på
    <lb/>hende arbeide &#x2013;</p>
    <p>Hvor <gap reason="scribble"/> grov hud hun har sa <del rend="overwritten">b</del><ref type="lemma" target="co6">Brandt</ref> til
    <lb/>sig selv og hvor munden er stor &#x2013;
    <lb/>Nei hun var ikke slig som de kvinder han
    <lb/>hadde halvvågen hadde drømt om på sofaen &#x2013;</p>
    <p>Så nu er jeg færdig &#x2013;</p>
    <p>Kom vi lægger på kaminen &#x2013; ska de se
    <lb/>hvor hyggeligt det blir &#x2013; Ræk mig <del rend="overstrike">det</del></p>
    <p><del rend="overstrike">Så</del> <unclear><del rend="overstrike">træbæter</del></unclear> fyrstikkene &#x2013; så nu brænder det
    <lb/>Blees lidt til &#x2013; så &#x2013; Sæt dem nu der
     <lb/>ved ilden de fryser &#x2013; <del rend="overstrike">Jo &#x2013; H</del> Hun satte
    <lb/>sig i en lænestol &#x2013; la sig tilbage i halvmørket
    <lb/>lyset fra kaminen ga hendes <del rend="overstrike">en kobber</del>
    <lb/>ansigt kobberagtig  farve.</p>
    <p>Hvor høitideligt og stille det var &#x2013; <del rend="overstrike">man
    <lb/>kunde ha hørt en knappenål falde.</del></p>
    <p>Hva heder de til fornavn &#x2013; sa hun</p>
    <p><ref type="lemma" target="co13">Bernhard</ref></p>
    <p>De skulle ikke ha hedt det, noget annet &#x2013;
    <lb/>som<seg type="accidentalSpace"/>&#x2013; et franskt navn de ligner en franskmand &#x2013;
    <lb/>&#x2013; Syns de det &#x2013;
    <lb/><del rend="overstrike">Det var atter gravens stilhed</del>
    <lb/>Så var det ingen som sa noet</p>
    <p><ref type="lemma" target="co6">Brandt</ref> kunde ikke finde på noget<seg type="interpunctionalSpace"/>hvor han var dum</p>
    </div></div></div>
  </body>
 </text>
</TEI>
