<?xml version="1.0" encoding="UTF-8"?>
<!DOCTYPE TEI PUBLIC "-//TEI P5 MunchTEI//DTD TEI P5 Unified for Edvard Munch's Texts//EN" "file:/O:/Munchs tekster/Transkripsjoner/MunchTEI.dtd" >
<TEI xmlns="http://www.tei-c.org/ns/1.0" version="5.0" xml:id="No-MM_N0020-03">
<teiHeader>
 <fileDesc>
<titleStmt>
<title>No-MM_N0020-03.jpg</title>
</titleStmt>

<publicationStmt>
<p></p>
</publicationStmt>
<sourceDesc>
<p>2704 x 4064</p>
</sourceDesc>
 </fileDesc>
 <encodingDesc>


 
  <tagsDecl xml:id="imtAnnotationCategories"><rendition xml:id="transcription"><label>Contains the transcribed and TEI P5 encoded text of the objects</label><code rend="rectangle" lang="text/css">color: #ff0000</code></rendition><rendition xml:id="commentary"><label>Kommentarer</label><code rend="rectangle" lang="text/css">color: #00ff00</code></rendition><rendition xml:id="philologicalNotes"><label>Edisjonsfilologiske noter</label><code rend="rectangle" lang="text/css">color: #0000ff</code></rendition><rendition xml:id="textForSearch"><desc>transcriptional</desc><label>Søkbar tekst</label><code rend="rectangle" lang="text/css">color: #000000</code></rendition></tagsDecl><appInfo>
     <application ident="ImageMarkupTool01" version="1.8.1.2" notAfter="2009-03-17T13:56:46">
     <label>
     Image Markup Tool</label><desc>
     Tool for annotating images using TEI</desc><ref type="appURI" target="http://www.tapor.uvic.ca/~mholmes/image_markup/">
     </ref><ptr target="#imtAnnotatedImage"></ptr><ptr target="#imtImageAnnotations"></ptr><ptr target="#imtAnnotationCategories"></ptr></application>
     
     
     </appInfo></encodingDesc>
</teiHeader>
 <facsimile xml:id="imtAnnotatedImage"><surface><graphic url="No-MM_N0020-03.jpg" width="2704px" height="4064px"></graphic><zone xml:id="imtArea_0" rendition="transcription" ulx="312" uly="372" lrx="2608" lry="3772" rend="visible"></zone></surface></facsimile>
 <text>
  <body>
   <div xml:id="imtImageAnnotations"><div corresp="#imtArea_0" type="imtAnnotation"><head>&#x00A0;</head><div>
    <p rend="noIndent">du forhexet &#x2013; du må igjen 
     <lb/>in i de strålende sale &#x2013; hvor 
    <lb/><del rend="overstrike">Der følger du</del>
    <lb/>guldet glindser på det smaragdgrønne 
     <lb/>bor &#x2013; hvor luften er <del rend="overwritten"><gap/></del>bedøvende 
    <lb/>lummer og mættet med parfume 
     <lb/>&#x2013; og lykken vinker dig imod &#x2013;
     <lb/>Tusinder kommer hid &#x2013; Utallige 
    <lb/>i <del rend="overwritten"><gap/></del>xpresstog farer fremt og tilbage 
    <lb/>mellem de nærliggende byer 
    <lb/>og fører med sig en strøm 
    <lb/>af lykkesøgende</p>
    <p><gap reason="scribble"/>Jorden <unclear reason="writing">er</unclear> <del rend="overstrike"><gap/></del> <del rend="overstrike">der</del> der 
    <lb/>i havens dunkle gange 
     <lb/>er mættet med <add place="supralinear"><gap reason="writing"/></add> blod &#x2013; blod 
    <lb/>af de der ikke havde askeladdens
     <lb/>held &#x2013; <del rend="overstrike">De røde</del> Pariserbladene 
    <lb/>melder om at den sidste måned 
    <lb/><del rend="overstrike">h</del>der har været 30 selvmord
     <lb/>&#x2013; sidste dag <unclear reason="writing">her</unclear> &#x2013; Intet hjælper
    <lb/>Man går der første gang blot forat</p>
    </div></div></div>
  </body>
 </text>
</TEI>
