<?xml version="1.0" encoding="UTF-8"?>
<!DOCTYPE TEI PUBLIC "-//TEI P5 MunchTEI//DTD TEI P5 Unified for Edvard Munch's Texts//EN" "file:/O:/Munchs tekster/Transkripsjoner/MunchTEI.dtd" >
<TEI xmlns="http://www.tei-c.org/ns/1.0" version="5.0" xml:id="No-MM_N0033-04">
<teiHeader>
 <fileDesc>
<titleStmt>
<title>No-MM_N0033-04.jpg</title>
</titleStmt>

<publicationStmt>
<p></p>
</publicationStmt>
<sourceDesc>
<p>2704 x 4064</p>
</sourceDesc>
 </fileDesc>
 <encodingDesc>


 
  <tagsDecl xml:id="imtAnnotationCategories"><rendition xml:id="transcription"><label>Contains the transcribed and TEI P5 encoded text of the objects</label><code rend="rectangle" lang="text/css">color: #ff0000</code></rendition><rendition xml:id="commentary"><label>Kommentarer</label><code rend="rectangle" lang="text/css">color: #00ff00</code></rendition><rendition xml:id="philologicalNotes"><label>Edisjonsfilologiske noter</label><code rend="rectangle" lang="text/css">color: #0000ff</code></rendition><rendition xml:id="textForSearch"><desc>transcriptional</desc><label>Søkbar tekst</label><code rend="rectangle" lang="text/css">color: #000000</code></rendition></tagsDecl><appInfo>
     <application ident="ImageMarkupTool01" version="1.8.1.4" notAfter="2010-04-20T14:13:51">
     <label>
     Image Markup Tool</label><desc>
     Tool for annotating images using TEI</desc><ref type="appURI" target="http://www.tapor.uvic.ca/~mholmes/image_markup/">
     </ref><ptr target="#imtAnnotatedImage"></ptr><ptr target="#imtImageAnnotations"></ptr><ptr target="#imtAnnotationCategories"></ptr></application>
     
     
     </appInfo></encodingDesc>
</teiHeader>
 <facsimile xml:id="imtAnnotatedImage"><surface><graphic url="No-MM_N0033-04.jpg" width="2704px" height="4064px"></graphic><zone xml:id="imtArea_0" rendition="transcription" ulx="581" uly="951" lrx="2207" lry="3046" rend="visible"></zone></surface></facsimile>
 <text>
  <body>
   <div xml:id="imtImageAnnotations"><div corresp="#imtArea_0" type="imtAnnotation"><head>&#x00A0;</head><div>
    <head><handShift new="EM3"/>Livsfrisen</head>
    <opener><dateline rend="extraAir"><handShift new="EM4"/><placeName key="pl155">St. Claud</placeName> <date when="1889">1889</date>.</dateline></opener>
    <p>Danseuse espagnole &#x2013; 1 fr. &#x2013; La mig gaa ind. &#x2013;</p>
    <p>Det var en lang sal med gallerier paa begge
     <lb/>sider &#x2013; under galleriene sat folk og drak ved
     <lb/>runde borde. &#x2013; I midten stod man, floshat i 
     <lb/>floshat &#x2013; innimellem damehatte!</p>
    <p>Længst inde over floshattene gik en liten dame
     <lb/>i lillafarvet tricot paa en line &#x2013; midt i den blaa-
     <lb/>graa tobaksfyldte luft. &#x2013;</p>
    <p>Jeg slentret opover mellem de staaende.</p>
    <p>Jeg saa efter et smukt pikeansigt &#x2013; nei &#x2013; jo
     <lb/>der var en som ikke var værst. &#x2013;</p>
    <p>Da hun opdaget mit blik fik hun et stivnet
     <lb/>maskeansigt og stirret tomt ut i luften.</p>
    <p>Jeg fandt en stol &#x2013; og lod mig falde ned i 
     <lb/>den træt og slap.</p>
    <p>Man klappet &#x2013; den lillafarvede danserinde
     <lb/>bukket smilende og forsvandt. &#x2013;</p>
    <p>Sangerne fra <placeName key="pl435">Rumænien</placeName> optraadte. &#x2013; Det var
     <lb/>kjærlighet og hat, længsel og forsoning &#x2013; og</p>
    <lb/><fw type="page">3</fw>
   </div></div></div>
  </body>
 </text>
</TEI>
