<?xml version="1.0" encoding="UTF-8"?>
<!DOCTYPE TEI PUBLIC "-//TEI P5 MunchTEI//DTD TEI P5 Unified for Edvard Munch's Texts//EN" "file:/O:/Munchs tekster/Transkripsjoner/MunchTEI.dtd" >
<TEI xmlns="http://www.tei-c.org/ns/1.0" version="5.0" xml:id="No-MM_N0061-00-01r">
<teiHeader>
 <fileDesc>
<titleStmt>
<title>No-MM_N0061-00-01r.jpg</title>
</titleStmt>

<publicationStmt>
<p></p>
</publicationStmt>
<sourceDesc>
<p>2704 x 4064</p>
</sourceDesc>
 </fileDesc>
 <encodingDesc>


 
  <tagsDecl xml:id="imtAnnotationCategories"><rendition xml:id="transcription"><label>Contains the transcribed and TEI P5 encoded text of the objects</label><code rend="rectangle" lang="text/css">color: #ff0000</code></rendition><rendition xml:id="commentary"><label>Kommentarer</label><code rend="rectangle" lang="text/css">color: #00ff00</code></rendition><rendition xml:id="philologicalNotes"><label>Edisjonsfilologiske noter</label><code rend="rectangle" lang="text/css">color: #0000ff</code></rendition><rendition xml:id="textForSearch"><desc>transcriptional</desc><label>Søkbar tekst</label><code rend="rectangle" lang="text/css">color: #000000</code></rendition></tagsDecl><appInfo>
     <application ident="ImageMarkupTool01" version="1.8.1.4" notAfter="2010-01-26T10:04:37">
     <label>
     Image Markup Tool</label><desc>
     Tool for annotating images using TEI</desc><ref type="appURI" target="http://www.tapor.uvic.ca/~mholmes/image_markup/">
     </ref><ptr target="#imtAnnotatedImage"></ptr><ptr target="#imtImageAnnotations"></ptr><ptr target="#imtAnnotationCategories"></ptr></application>
     
     
     </appInfo></encodingDesc>
</teiHeader>
 <facsimile xml:id="imtAnnotatedImage"><surface><graphic url="No-MM_N0061-00-01r.jpg" width="2704px" height="4064px"></graphic><zone xml:id="imtArea_0" rendition="transcription" ulx="207" uly="422" lrx="2497" lry="3643" rend="visible"></zone></surface></facsimile>
 <text>
  <body>
   <div xml:id="imtImageAnnotations"><div corresp="#imtArea_0" type="imtAnnotation"><head>&#x00A0;</head><div>
    <opener>Kjære <persName key="pe458">T.</persName></opener>
    <p>Jeg har set igjennem boken Din om
    <lb/>mig igjen og det var morsomt at gjenopfriske
    <lb/>fælles erindringer &#x2013;</p>
    <p>Det er jo umuligt at få et helt <del rend="overstrike">korr</del> rigtig 
    <lb/>billede i sine detaljer så omskiftende mit
    <lb/>liv har været &#x2013; Jeg får suplere det i 
    <lb/><del rend="overwritten"><gap/></del>en selvbiografi der næsten blir nødvendig
    <lb/>såmeget der er lavet omkring de forskjellige
    <lb/>hændelser &#x2013; Du spurte netop &#x2013; <del rend="overwritten"><gap/></del>om <date when="1905">1905</date>
     <lb/>og her er det kanske mest bro<del rend="overwritten">k</del>get &#x2013; Jeg hadde
    <lb/><del rend="overwritten"><gap/></del> alt vært i <placeName key="pl51">Tyskland</placeName> så der blev selv om
     <lb/>sommeren <del rend="overstrike"><gap/></del> korte reiser did &#x2013; osså</p>
    <p>Som helhet er Du dog <del rend="overstrike">b</del> sluppet nokså
    <lb/>heldi fra det med hensyn til <unclear reason="writing">mine</unclear>
    <lb/>ophold i dette år &#x2013;</p>
    <p>Jeg trodde Du havde havt greie på
     <lb/>episoden med <persName key="pe239">Karsten</persName> &#x2013; Jeg malte jo da
     <lb/>i <placeName key="pl42">Aasgaardstrand</placeName> hans &#x00AB;hvite&#x00BB; portræt &#x2013; <del rend="overwritten"><gap/></del>og
     <lb/>så var det annet der hændte.</p>
    <p>Jeg fortalte Dig meget om <ref type="lemma" target="co89">Hauklands
    <lb/>affæren</ref>. Det kunde være morsomt engang <unclear reason="writing">til</unclear>
     <lb/>fortælle lidt mer om enkelte ting <del rend="overwritten">&#x2013;</del>ellers</p>
    <p>Jeg fik et brev fra en tysker der har skrevet</p>
   </div></div></div>
  </body>
 </text>
</TEI>
