<?xml version="1.0" encoding="UTF-8"?>
<!DOCTYPE TEI PUBLIC "-//TEI P5 MunchTEI//DTD TEI P5 Unified for Edvard Munch's Texts//EN" "file:/O:/Munchs tekster/Transkripsjoner/MunchTEI.dtd" >
<TEI xmlns="http://www.tei-c.org/ns/1.0" version="5.0" xml:id="No-MM_N0121-00-01r">
<teiHeader>
 <fileDesc>
<titleStmt>
<title>No-MM_N0121-00-01r.jpg</title>
</titleStmt>

<publicationStmt>
<p></p>
</publicationStmt>
<sourceDesc>
<p>2704 x 4064</p>
</sourceDesc>
 </fileDesc>
 <encodingDesc>


 
  <tagsDecl xml:id="imtAnnotationCategories"><rendition xml:id="transcription"><label>Contains the transcribed and TEI P5 encoded text of the objects</label><code rend="rectangle" lang="text/css">color: #ff0000</code></rendition><rendition xml:id="commentary"><label>Kommentarer</label><code rend="rectangle" lang="text/css">color: #00ff00</code></rendition><rendition xml:id="philologicalNotes"><label>Edisjonsfilologiske noter</label><code rend="rectangle" lang="text/css">color: #0000ff</code></rendition><rendition xml:id="textForSearch"><desc>transcriptional</desc><label>Søkbar tekst</label><code rend="rectangle" lang="text/css">color: #000000</code></rendition></tagsDecl><appInfo>
     <application ident="ImageMarkupTool01" version="1.8.1.3" notAfter="2009-04-15T13:51:38">
     <label>
     Image Markup Tool</label><desc>
     Tool for annotating images using TEI</desc><ref type="appURI" target="http://www.tapor.uvic.ca/~mholmes/image_markup/">
     </ref><ptr target="#imtAnnotatedImage"></ptr><ptr target="#imtImageAnnotations"></ptr><ptr target="#imtAnnotationCategories"></ptr></application>
     
     
     </appInfo></encodingDesc>
</teiHeader>
 <facsimile xml:id="imtAnnotatedImage"><surface><graphic url="No-MM_N0121-00-01r.jpg" width="2704px" height="4064px"></graphic><zone xml:id="imtArea_0" rendition="transcription" ulx="247" uly="541" lrx="2402" lry="3770" rend="visible"></zone></surface></facsimile>
 <text>
  <body>
   <div xml:id="imtImageAnnotations"><div corresp="#imtArea_0" type="imtAnnotation"><head>&#x00A0;</head><div>
    <p>Man reiste sig fra det store
    <lb/>bor.</p>
    <p><ref type="lemma" target="co6">Brandt</ref> og <ref type="lemma" target="co5">fru Heiberg</ref> var i ivrig
    <lb/>samtale &#x2013; Hun hadde arrangeret det
    <lb/>sån at hun kom til at sidde
    <lb/>ved siden af ham.</p>
    <p>Ja <placeName key="pl16">Paris</placeName> er det eneste &#x2013; sa
    <lb/><ref type="lemma" target="co5">fru Heiberg</ref> idet hun reiste sig &#x2013;
    <lb/>Man kan gjøre hva man vil</p>
    <p><del rend="overwritten">E</del>Huser de når man vågner
    <lb/>første dagen i <placeName key="pl16">Paris</placeName> &#x2013; <add place="supralinear">sa <ref type="lemma" target="co6">Brandt</ref></add> <del rend="overstrike">man hører</del> 
    <lb/>grøntsælgerne som synger
    <lb/>og al <del rend="overstrike">den</del> støien og ramlen fra
    <lb/>gaden &#x2013; Å solen som skinner
    <lb/>ind &#x2013; solen er anderledes der <gap reason="scribble"/>end
    <lb/>her &#x2013; og når man <del rend="overwritten"><gap/></del>slår vinduskodder
    <lb/>og gardiner til side og åbner vinduerne
    <lb/>og ser ud over <del rend="overwritten"><gap/></del>alle tager som
    <lb/>blåner bortover &#x2013; Er det ikke
    <lb/><del rend="overwritten"><gap/></del>deili &#x2013;</p>
    <p>Han hadde talt sig hed og
    <lb/>lat munden gå</p>
    </div></div></div>
  </body>
 </text>
</TEI>
