<?xml version="1.0" encoding="UTF-8"?>
<!DOCTYPE TEI PUBLIC "-//TEI P5 MunchTEI//DTD TEI P5 Unified for Edvard Munch's Texts//EN" "file:/O:/Munchs tekster/Transkripsjoner/MunchTEI.dtd" >
<TEI xmlns="http://www.tei-c.org/ns/1.0" version="5.0" xml:id="No-MM_N0037-00-01v">
<teiHeader>
 <fileDesc>
<titleStmt>
<title>No-MM_N0037-00-01v.jpg</title>
</titleStmt>

<publicationStmt>
<p></p>
</publicationStmt>
<sourceDesc>
<p>4064 x 2704</p>
</sourceDesc>
 </fileDesc>
 <encodingDesc>


 
  <tagsDecl xml:id="imtAnnotationCategories"><rendition xml:id="transcription"><label>Contains the transcribed and TEI P5 encoded text of the objects</label><code rend="rectangle" lang="text/css">color: #ff0000</code></rendition><rendition xml:id="commentary"><label>Kommentarer</label><code rend="rectangle" lang="text/css">color: #00ff00</code></rendition><rendition xml:id="philologicalNotes"><label>Edisjonsfilologiske noter</label><code rend="rectangle" lang="text/css">color: #0000ff</code></rendition><rendition xml:id="textForSearch"><desc>transcriptional</desc><label>Søkbar tekst</label><code rend="rectangle" lang="text/css">color: #000000</code></rendition></tagsDecl><appInfo>
     <application ident="ImageMarkupTool01" version="1.8.1.2" notAfter="2009-03-20T14:50:48">
     <label>
     Image Markup Tool</label><desc>
     Tool for annotating images using TEI</desc><ref type="appURI" target="http://www.tapor.uvic.ca/~mholmes/image_markup/">
     </ref><ptr target="#imtAnnotatedImage"></ptr><ptr target="#imtImageAnnotations"></ptr><ptr target="#imtAnnotationCategories"></ptr></application>
     
     
     </appInfo></encodingDesc>
</teiHeader>
 <facsimile xml:id="imtAnnotatedImage"><surface><graphic url="No-MM_N0037-00-01v.jpg" width="4064px" height="2704px"></graphic><zone xml:id="imtArea_0" rendition="transcription" ulx="120" uly="136" lrx="3636" lry="2436" rend="visible"></zone></surface></facsimile>
 <text>
  <body>
   <div xml:id="imtImageAnnotations"><div corresp="#imtArea_0" type="imtAnnotation"><head>&#x00A0;</head><div>
    <p rend="noIndent">af <persName key="pe756">Heyerdahls</persName> billeder. Jeg fandt at <persName key="pe271">Krohg</persName> 
    <lb/>ikke eiet komposition og at stykkerne faldt 
    <lb/>ut af rammen &#x2013;</p>
    <p rend="extraAir">Med hensyn til det syge barn så var
     <lb/>man jo i den tid jeg kalder &#x00AB;pudetiden&#x00BB;
    <lb/>Der var mange malere der malte syge 
    <lb/>barn mot en pude &#x2013; men det var jo 
    <lb/>ikke motivet der gjorde mitt syge barn</p>
    <p>Jeg var i tvil om hvad der b<gap reason="writing"/>
    <lb/><unclear reason="writing">beretter</unclear> om mit <del rend="overstrike"><gap/></del> hjem som sygdommens 
    <lb/>og dødens hjem &#x2013; <del rend="overstrike">Vist h</del> Vist har jeg aldrig 
    <lb/>overkommet intrykkene herfra &#x2013; Det har osså 
    <lb/>været bestemmende for min kunst &#x2013;</p>
    <p>Livsfrisen handler jo om arven som en forbannelse</p>
    </div></div></div>
  </body>
 </text>
</TEI>
