<?xml version="1.0" encoding="UTF-8"?>
<!DOCTYPE TEI PUBLIC "-//TEI P5 MunchTEI//DTD TEI P5 Unified for Edvard Munch's Texts//EN" "file:/O:/Munchs tekster/Transkripsjoner/MunchTEI.dtd" >
<TEI xmlns="http://www.tei-c.org/ns/1.0" version="5.0" xml:id="No-MM_N0120-01">
<teiHeader>
 <fileDesc>
<titleStmt>
<title>No-MM_N0120-01.jpg</title>
</titleStmt>

<publicationStmt>
<p></p>
</publicationStmt>
<sourceDesc>
<p>2704 x 4064</p>
</sourceDesc>
 </fileDesc>
 <encodingDesc>


 
  <tagsDecl xml:id="imtAnnotationCategories"><rendition xml:id="transcription"><label>Contains the transcribed and TEI P5 encoded text of the objects</label><code rend="rectangle" lang="text/css">color: #ff0000</code></rendition><rendition xml:id="commentary"><label>Kommentarer</label><code rend="rectangle" lang="text/css">color: #00ff00</code></rendition><rendition xml:id="philologicalNotes"><label>Edisjonsfilologiske noter</label><code rend="rectangle" lang="text/css">color: #0000ff</code></rendition><rendition xml:id="textForSearch"><desc>transcriptional</desc><label>Søkbar tekst</label><code rend="rectangle" lang="text/css">color: #000000</code></rendition></tagsDecl><appInfo>
     <application ident="ImageMarkupTool01" version="1.8.1.3" notAfter="2009-04-14T15:47:44">
     <label>
     Image Markup Tool</label><desc>
     Tool for annotating images using TEI</desc><ref type="appURI" target="http://www.tapor.uvic.ca/~mholmes/image_markup/">
     </ref><ptr target="#imtAnnotatedImage"></ptr><ptr target="#imtImageAnnotations"></ptr><ptr target="#imtAnnotationCategories"></ptr></application>
     
     
     </appInfo></encodingDesc>
</teiHeader>
 <facsimile xml:id="imtAnnotatedImage"><surface><graphic url="No-MM_N0120-01.jpg" width="2704px" height="4064px"></graphic><zone xml:id="imtArea_0" rendition="transcription" ulx="68" uly="517" lrx="2597" lry="3571" rend="visible"></zone></surface></facsimile>
 <text>
  <body>
   <div xml:id="imtImageAnnotations"><div corresp="#imtArea_0" type="imtAnnotation"><head>&#x00A0;</head><div>
    <p>Bare h<del rend="overwritten">a</del>un vilde syns om ham i eftermiddag 
    <lb/>osså &#x2013;</p>
    <p>Hvor længe hun blir &#x2013; tænkte <ref type="lemma" target="co6">Brandt</ref> &#x2013; Han
    <lb/>ble trættere og trættere. Vådt og ækkelt var det
    <lb/>allesteds &#x2013; han kunde ikke få sidde</p>
    <p>Han så på skyerne som drog som svære
    <lb/>armeer over <del rend="overstrike">himm</del> kirkespire &#x2013; Det
    <lb/><unclear reason="writing">tynget</unclear> på ham formelig disse skyerne &#x2013;</p>
    <p>Han ønsket at gå hjem at han ikke
    <lb/>skulde træffe hende</p>
    <p>Så hørte han en <del rend="overwritten"><gap/></del>hest i trav &#x2013; Fru
    <lb/>viste sig i en Kariol &#x2013;</p>
    <p>Goddag har de ventet?</p>
    <p>Aa nei &#x2013;</p>
    <p>Hun <del rend="overstrike"><del rend="overwritten"><gap/></del>spa</del> sprang ud a kariolen &#x2013; og ga
    <lb/>gutten tømmerne &#x2013; Kom så går vi ind &#x2013;</p>
    <p><gap reason="writing"/> &#x2013; <unclear reason="writing">III</unclear></p>
    <p><ref type="lemma" target="co6">Brandt</ref> stod ved vinduet og så ud &#x2013;
    <lb/><del rend="overstrike">Det virker</del> <ref type="lemma" target="co5">Fru Heiberg</ref> sad ved boret og rensket
    <lb/>sop til aften &#x2013; Hvor trist veir sa <ref type="lemma" target="co6">Brandt</ref> &#x2013;
    <lb/><del rend="overstrike">det virker så på mig sån veir</del> &#x2013; <del rend="overstrike">Se på
    <lb/>kjærgåren og kirken</del> Den ser uhyggelig ud kirken
    <lb/>og gravene nu &#x2013; <del rend="overwritten"><gap/></del>Blir de aldrig trist <del rend="overstrike">ved en</del> sådan
    <lb/><del rend="overwritten">kirkegår</del>veir &#x2013; Å man blir vant til det &#x2013;
    <lb/>Du <gap reason="scribble"/> må finde på noet morsomt tænkte <del rend="overwritten"><gap/></del><ref type="lemma" target="co6">Brandt</ref>
    <lb/>&#x2013; Han så sig rådvild om i værelset &#x2013;
    <lb/>Det lå så tungt og mørkt alt derinde &#x2013;</p>
    </div></div></div>
  </body>
 </text>
</TEI>
