<?xml version="1.0" encoding="UTF-8"?>
<!DOCTYPE TEI PUBLIC "-//TEI P5 MunchTEI//DTD TEI P5 Unified for Edvard Munch's Texts//EN" "file:/O:/Munchs tekster/Transkripsjoner/MunchTEI.dtd" >
<TEI xmlns="http://www.tei-c.org/ns/1.0" version="5.0" xml:id="No-MM_N0077-00-06r">
<teiHeader>
 <fileDesc>
<titleStmt>
<title>No-MM_N0077-00-06r.jpg</title>
</titleStmt>

<publicationStmt>
<p></p>
</publicationStmt>
<sourceDesc>
<p>2704 x 4064</p>
</sourceDesc>
 </fileDesc>
 <encodingDesc>


 
  <tagsDecl xml:id="imtAnnotationCategories"><rendition xml:id="transcription"><label>Contains the transcribed and TEI P5 encoded text of the objects</label><code rend="rectangle" lang="text/css">color: #ff0000</code></rendition><rendition xml:id="commentary"><label>Kommentarer</label><code rend="rectangle" lang="text/css">color: #00ff00</code></rendition><rendition xml:id="philologicalNotes"><label>Edisjonsfilologiske noter</label><code rend="rectangle" lang="text/css">color: #0000ff</code></rendition><rendition xml:id="textForSearch"><desc>transcriptional</desc><label>Søkbar tekst</label><code rend="rectangle" lang="text/css">color: #000000</code></rendition></tagsDecl><appInfo>
     <application ident="ImageMarkupTool01" version="1.8.1.7" notAfter="2010-04-26T14:26:05">
     <label>
     Image Markup Tool</label><desc>
     Tool for annotating images using TEI</desc><ref type="appURI" target="http://www.tapor.uvic.ca/~mholmes/image_markup/">
     </ref><ptr target="#imtAnnotatedImage"></ptr><ptr target="#imtImageAnnotations"></ptr><ptr target="#imtAnnotationCategories"></ptr></application>
     
     
     </appInfo></encodingDesc>
</teiHeader>
 <facsimile xml:id="imtAnnotatedImage"><surface><graphic url="No-MM_N0077-00-06r.jpg" width="2704px" height="4064px"></graphic><zone xml:id="imtArea_0" rendition="transcription" ulx="663" uly="1165" lrx="2144" lry="2657" rend="visible"></zone></surface></facsimile>
 <text>
  <body>
   <div xml:id="imtImageAnnotations"><div corresp="#imtArea_0" type="imtAnnotation"><head>&#x00A0;</head>
    <div>
     <head>Mot lyset.</head>
     <p>Jeg indleverte til <ref type="lemma" target="co2">Aulakonkurransen</ref> to utkast
      <lb/>&#x2013; Historien &#x2013; som blev antat &#x2013; og det andet
      <lb/>Mot lyset &#x2013; Menneskebjerget eller menneskesøi-
      <lb/>len &#x2013; en mængde nakne mennesker der søker mot
      <lb/>lyset &#x2013; og som taarner sig op som en søile mot
      <lb/>solen &#x2013;</p>
     <p>Dette skulde være fondbillede &#x2013; de øvrige
      <lb/>felter paa salens langsider skulde være menne-
      <lb/>skene i kamp og bevægelse &#x2013;</p>
     <p>Det ene stormen &#x2013; mennesker der drives av
      <lb/>en naturkatastrofe paa flukt &#x2013; paa den anden side
      <lb/>regnbuen &#x2013; mennesker i hvile og haab om fred
      <lb/>og sol &#x2013;</p>
     <p>Denne serie arbeider jeg paa ute paa <placeName key="pl2">Skøien</placeName>
      <lb/>&#x2013; det blir nu en slags fortsættelse av livsfri-
      <lb/>sen &#x2013;</p>
     <fw type="sheet" place="margin-bot">6</fw>
    </div></div></div>
  </body>
 </text>
</TEI>