<?xml version="1.0" encoding="UTF-8"?>
<!DOCTYPE TEI PUBLIC "-//TEI P5 MunchTEI//DTD TEI P5 Unified for Edvard Munch's Texts//EN" "file:/O:/Munchs tekster/Transkripsjoner/MunchTEI.dtd" >
<TEI xmlns="http://www.tei-c.org/ns/1.0" version="5.0" xml:id="No-MM_N0128-02">
<teiHeader>
 <fileDesc>
<titleStmt>
<title>No-MM_N0128-02.jpg</title>
</titleStmt>

<publicationStmt>
<p></p>
</publicationStmt>
<sourceDesc>
<p>2704 x 4064</p>
</sourceDesc>
 </fileDesc>
 <encodingDesc>


 
  <tagsDecl xml:id="imtAnnotationCategories"><rendition xml:id="transcription"><label>Contains the transcribed and TEI P5 encoded text of the objects</label><code rend="rectangle" lang="text/css">color: #ff0000</code></rendition><rendition xml:id="commentary"><label>Kommentarer</label><code rend="rectangle" lang="text/css">color: #00ff00</code></rendition><rendition xml:id="philologicalNotes"><label>Edisjonsfilologiske noter</label><code rend="rectangle" lang="text/css">color: #0000ff</code></rendition><rendition xml:id="textForSearch"><desc>transcriptional</desc><label>Søkbar tekst</label><code rend="rectangle" lang="text/css">color: #000000</code></rendition></tagsDecl><appInfo>
     <application ident="ImageMarkupTool01" version="1.8.1.3" notAfter="2009-04-20T13:19:38">
     <label>
     Image Markup Tool</label><desc>
     Tool for annotating images using TEI</desc><ref type="appURI" target="http://www.tapor.uvic.ca/~mholmes/image_markup/">
     </ref><ptr target="#imtAnnotatedImage"></ptr><ptr target="#imtImageAnnotations"></ptr><ptr target="#imtAnnotationCategories"></ptr></application>
     
     
     </appInfo></encodingDesc>
</teiHeader>
 <facsimile xml:id="imtAnnotatedImage"><surface><graphic url="No-MM_N0128-02.jpg" width="2704px" height="4064px"></graphic><zone xml:id="imtArea_0" rendition="transcription" ulx="342" uly="441" lrx="2581" lry="3948" rend="visible"></zone></surface></facsimile>
 <text>
  <body>
   <div xml:id="imtImageAnnotations"><div corresp="#imtArea_0" type="imtAnnotation"><head>&#x00A0;</head><div>
    <p><handShift new="EM1"/>Min søster er holdt ud<del rend="overwritten"><gap/></del>enfor
    <lb/>alt &#x00AB;stygt&#x00BB;</p>
    <p>Hun ved s<del rend="overwritten"><gap/></del>å vidt hvad det vil
    <lb/>si at kysse en herre. det vil si
    <lb/>ikke praktisk <del rend="overstrike">onei</del> å langt
    <lb/>fra men af omtale</p>
    <p rend="extraAir">Hun får ikke lov til at
     <lb/>læse &#x00AB;stygge bøger&#x00BB;. <del rend="overstrike"><gap/></del> Ikke
    <lb/>moderne sager for <del rend="overwritten">de</del>alle moderne
    <lb/>sager skriver <unclear reason="writing">stygt</unclear>.</p>
    <p>Hun <del rend="overstrike">h</del> var en tur i
    <lb/><placeName key="pl51">tyskland</placeName> fulgte en lidt sindsvag
    <lb/>kusine.</p>
    <p><del rend="overstrike">J</del> Hun fik lov til det mærkelig
    <lb/><del rend="overstrike"><gap/></del> nok &#x2013;</p>
    <p>Der havde hun, det var vist
    <lb/>i <placeName key="pl31">Zürich</placeName> et eventyr som hadde
    <lb/>sat hende i <del rend="overstrike">slem</del> stor forfærdelse</p>
    </div></div></div>
  </body>
 </text>
</TEI>
