<?xml version="1.0" encoding="UTF-8"?>
<!DOCTYPE TEI PUBLIC "-//TEI P5 MunchTEI//DTD TEI P5 Unified for Edvard Munch's Texts//EN" "file:/O:/Munchs tekster/Transkripsjoner/MunchTEI.dtd" >
<TEI xmlns="http://www.tei-c.org/ns/1.0" version="5.0" xml:id="No-MM_N0037-00-02v">
<teiHeader>
 <fileDesc>
<titleStmt>
<title>No-MM_N0037-00-02v.jpg</title>
</titleStmt>

<publicationStmt>
<p></p>
</publicationStmt>
<sourceDesc>
<p>4064 x 2704</p>
</sourceDesc>
 </fileDesc>
 <encodingDesc>


 
  <tagsDecl xml:id="imtAnnotationCategories"><rendition xml:id="transcription"><label>Contains the transcribed and TEI P5 encoded text of the objects</label><code rend="rectangle" lang="text/css">color: #ff0000</code></rendition><rendition xml:id="commentary"><label>Kommentarer</label><code rend="rectangle" lang="text/css">color: #00ff00</code></rendition><rendition xml:id="philologicalNotes"><label>Edisjonsfilologiske noter</label><code rend="rectangle" lang="text/css">color: #0000ff</code></rendition><rendition xml:id="textForSearch"><desc>transcriptional</desc><label>Søkbar tekst</label><code rend="rectangle" lang="text/css">color: #000000</code></rendition></tagsDecl><appInfo>
     <application ident="ImageMarkupTool01" version="1.8.1.2" notAfter="2009-03-20T14:52:49">
     <label>
     Image Markup Tool</label><desc>
     Tool for annotating images using TEI</desc><ref type="appURI" target="http://www.tapor.uvic.ca/~mholmes/image_markup/">
     </ref><ptr target="#imtAnnotatedImage"></ptr><ptr target="#imtImageAnnotations"></ptr><ptr target="#imtAnnotationCategories"></ptr></application>
     
     
     </appInfo></encodingDesc>
</teiHeader>
 <facsimile xml:id="imtAnnotatedImage"><surface><graphic url="No-MM_N0037-00-02v.jpg" width="4064px" height="2704px"></graphic><zone xml:id="imtArea_0" rendition="transcription" ulx="296" uly="432" lrx="3912" lry="2588" rend="visible"></zone></surface></facsimile>
 <text>
  <body>
   <div xml:id="imtImageAnnotations"><div corresp="#imtArea_0" type="imtAnnotation"><head>&#x00A0;</head><div>
    <p>Altså en slags <ref type="lemma" target="co79">Osvald</ref>stemning &#x2013;</p>
    <p>Derfor menes ikke at dette skulde gjøre min
     <lb/>min kunst syg &#x2013; Tværtimod mener jeg <gap reason="scribble"/> min
     <lb/>Kunst er en sund reaktion &#x2013; Jeg har aldri vært
     <lb/>syg når jeg har malt &#x2013;</p>
    <p>Det er tøv <del rend="overwritten"><gap/></del>og udannet snak når <persName key="pe846">Scharfenberg</persName>
    <lb/>angriber min kunst fordi det er en arvelig <del rend="overstrike">træ</del>
    <lb/>tæring og galskab i min familie &#x2013;</p>
    <p>Derimod har disse gjennemgående syge år
    <lb/>havt <del rend="overstrike">slig igj <gap/> bestemmelse</del> <add place="supralinear">været afgjørende for mit hele liv og livssyn</add> for <hi rend="underlined">mit</hi> livs
    <lb/>vei og <del rend="diagonalOverstrike"><del rend="overstrike">noget</del> i mit liv at det næsten er
    <lb/>nødvendigt for mig at forklare det som følge af
    <lb/>disse år</del></p>
    <p>Jeg vil si at den absolutte umulighed jeg de sidste
    <lb/>20 år har havt forat omgåes menesker naturligvis
    <lb/>kommer heraf &#x2013; Nu synes jeg det kan være nok det</p>
   </div></div></div>
  </body>
 </text>
</TEI>
