<?xml version="1.0" encoding="UTF-8"?>
<!DOCTYPE TEI PUBLIC "-//TEI P5 MunchTEI//DTD TEI P5 Unified for Edvard Munch's Texts//EN" "file:/O:/Munchs tekster/Transkripsjoner/MunchTEI.dtd" >
<TEI xmlns="http://www.tei-c.org/ns/1.0" version="5.0" xml:id="No-MM_N0105-01">
<teiHeader>
 <fileDesc>
<titleStmt>
<title>No-MM_N0105-01.jpg</title>
</titleStmt>

<publicationStmt>
<p></p>
</publicationStmt>
<sourceDesc>
<p>2704 x 4064</p>
</sourceDesc>
 </fileDesc>
 <encodingDesc>


 
  <tagsDecl xml:id="imtAnnotationCategories"><rendition xml:id="transcription"><label>Contains the transcribed and TEI P5 encoded text of the objects</label><code rend="rectangle" lang="text/css">color: #ff0000</code></rendition><rendition xml:id="commentary"><label>Kommentarer</label><code rend="rectangle" lang="text/css">color: #00ff00</code></rendition><rendition xml:id="philologicalNotes"><label>Edisjonsfilologiske noter</label><code rend="rectangle" lang="text/css">color: #0000ff</code></rendition><rendition xml:id="textForSearch"><desc>transcriptional</desc><label>Søkbar tekst</label><code rend="rectangle" lang="text/css">color: #000000</code></rendition></tagsDecl><appInfo>
     <application ident="ImageMarkupTool01" version="1.8.1.3" notAfter="2009-04-03T11:59:52">
     <label>
     Image Markup Tool</label><desc>
     Tool for annotating images using TEI</desc><ref type="appURI" target="http://www.tapor.uvic.ca/~mholmes/image_markup/">
     </ref><ptr target="#imtAnnotatedImage"></ptr><ptr target="#imtImageAnnotations"></ptr><ptr target="#imtAnnotationCategories"></ptr></application>
     
     
     </appInfo></encodingDesc>
</teiHeader>
 <facsimile xml:id="imtAnnotatedImage"><surface><graphic url="No-MM_N0105-01.jpg" width="2704px" height="4064px"></graphic><zone xml:id="imtArea_0" rendition="transcription" ulx="223" uly="298" lrx="2315" lry="3809" rend="visible"></zone><zone xml:id="imtArea_1" rendition="transcription" ulx="2167" uly="776" lrx="2421" lry="3420" rend="visible"></zone></surface></facsimile>
 <text>
  <body>
   <div xml:id="imtImageAnnotations"><div corresp="#imtArea_0" type="imtAnnotation"><head>&#x00A0;</head><div>
    <p>Han hadde ikke været gla
    <lb/>i hende som nu &#x2013; <del rend="overwritten"><gap/></del>denne <del rend="overstrike">deilige</del>
    <lb/>kvinden som <unclear><del rend="overstrike">vist</del></unclear> var ulykkelig
    <lb/><del rend="overstrike">h</del> og så deilig &#x2013; var
    <lb/>gla i ham &#x2013; <del rend="overstrike">og</del> at det var
    <lb/>mulig.</p>
    <p><del rend="overstrike">Han så</del></p>
    <p><del rend="overstrike">Den n</del></p>
    <p>Den næste dag var han
    <lb/>på <orgName key="i83">Grand</orgName> tidlig om morgenen 
    <lb/>han hadde ikke kunnet
    <lb/>sove &#x2013; mon hun kom idag &#x2013;
    <lb/>han gik på <orgName key="i85">Gravesen</orgName> &#x2013;
    <lb/>så var han ude igjen &#x2013;
    <lb/><del rend="overstrike">Han</del> <del rend="overstrike">Var</del> Timerne <del rend="overstrike">g</del> vilde
    <lb/>ikke gå &#x2013; ved 3 tiden
    <lb/>var <del rend="overstrike">v</del> han på bryggen for
    <lb/>at se om hun kom 
    <lb/>hun var der ikke &#x2013; det 
    <lb/>var ikke at holde &#x2013; skulde 
    <lb/>han reise i morgen ned til 
    <lb/>hende &#x2013; men kanske hun kom 
    <lb/>i morgen &#x2013; hvad skulde han gjøre</p> 
   </div></div><div corresp="#imtArea_1" type="imtAnnotation"><head>&#x00A0;</head><div>
    <p>Han erindrede hun hadde sagt ingen er gla i mig</p>
   </div></div></div>
  </body>
 </text>
</TEI>
