<?xml version="1.0" encoding="UTF-8"?>
<!DOCTYPE TEI PUBLIC "-//TEI P5 MunchTEI//DTD TEI P5 Unified for Edvard Munch's Texts//EN" "file:/O:/Munchs tekster/Transkripsjoner/MunchTEI.dtd" >
<TEI xmlns="http://www.tei-c.org/ns/1.0" version="5.0" xml:id="No-MM_N0148-00-01r">
<teiHeader>
 <fileDesc>
<titleStmt>
<title>No-MM_N0148-00-01r.jpg</title>
</titleStmt>

<publicationStmt>
<p></p>
</publicationStmt>
<sourceDesc>
<p>2704 x 4064</p>
</sourceDesc>
 </fileDesc>
 <encodingDesc>


 
  <tagsDecl xml:id="imtAnnotationCategories"><rendition xml:id="transcription"><label>Contains the transcribed and TEI P5 encoded text of the objects</label><code rend="rectangle" lang="text/css">color: #ff0000</code></rendition><rendition xml:id="commentary"><label>Kommentarer</label><code rend="rectangle" lang="text/css">color: #00ff00</code></rendition><rendition xml:id="philologicalNotes"><label>Edisjonsfilologiske noter</label><code rend="rectangle" lang="text/css">color: #0000ff</code></rendition><rendition xml:id="textForSearch"><desc>transcriptional</desc><label>Søkbar tekst</label><code rend="rectangle" lang="text/css">color: #000000</code></rendition></tagsDecl><appInfo>
     <application ident="ImageMarkupTool01" version="1.8.1.3" notAfter="2009-04-27T14:49:11">
     <label>
     Image Markup Tool</label><desc>
     Tool for annotating images using TEI</desc><ref type="appURI" target="http://www.tapor.uvic.ca/~mholmes/image_markup/">
     </ref><ptr target="#imtAnnotatedImage"></ptr><ptr target="#imtImageAnnotations"></ptr><ptr target="#imtAnnotationCategories"></ptr></application>
     
     
     </appInfo></encodingDesc>
</teiHeader>
 <facsimile xml:id="imtAnnotatedImage"><surface><graphic url="No-MM_N0148-00-01r.jpg" width="2704px" height="4064px"></graphic><zone xml:id="imtArea_0" rendition="transcription" ulx="247" uly="461" lrx="2362" lry="3264" rend="visible"></zone></surface></facsimile>
 <text>
  <body>
   <div xml:id="imtImageAnnotations"><div corresp="#imtArea_0" type="imtAnnotation"><head>&#x00A0;</head><div>
    <p><persName key="pe435">Thorvald Stang</persName> <del rend="overwritten"><gap/></del>søn
    <lb/>af Statsraad <persName key="pe1299">Stang</persName> <del rend="overstrike">Georg</del> og
    <lb/><persName key="pe433">Georg Stangs</persName> bror var
    <lb/>i stridsårene fra <date when="1880">80 årene</date>
    <lb/><persName key="pe627">Munchs</persName> bedste ven. Han
    <lb/>støttet ham <del rend="overstrike">efter</del> <add place="supralinear">med</add> de små
    <lb/><del rend="overstrike">ævner</del> resourcer han havde
    <lb/>hva han kunde og kunde
    <lb/>mangen gang hjælpe ham
    <lb/>i mangt et knipetag &#x2013;
    <lb/><persName key="pe435">Stang</persName> døde som overretssagfører
    <lb/>i <placeName key="pl200">Kristiandsand</placeName> &#x2013; fra e<del rend="overwritten">t</del>n stor
    <lb/>vennekreds der sat ham
    <lb/>høit som e<del rend="overwritten">n</del>t nobelt menneske
    <lb/>og trofast ven</p>
    </div></div></div>
  </body>
 </text>
</TEI>
