<?xml version="1.0" encoding="UTF-8"?>
<!DOCTYPE TEI PUBLIC "-//TEI P5 MunchTEI//DTD TEI P5 Unified for Edvard Munch's Texts//EN" "file:/O:/Munchs tekster/Transkripsjoner/MunchTEI.dtd" >
<TEI xmlns="http://www.tei-c.org/ns/1.0" version="5.0" xml:id="No-MM_N0068-03">
<teiHeader>
 <fileDesc>
<titleStmt>
<title>No-MM_N0068-03.jpg</title>
</titleStmt>

<publicationStmt>
<p></p>
</publicationStmt>
<sourceDesc>
<p>2550 x 3509</p>
</sourceDesc>
 </fileDesc>
 <encodingDesc>


 
  <tagsDecl xml:id="imtAnnotationCategories"><rendition xml:id="transcription"><label>Contains the transcribed and TEI P5 encoded text of the objects</label><code rend="rectangle" lang="text/css">color: #ff0000</code></rendition><rendition xml:id="commentary"><label>Kommentarer</label><code rend="rectangle" lang="text/css">color: #00ff00</code></rendition><rendition xml:id="philologicalNotes"><label>Edisjonsfilologiske noter</label><code rend="rectangle" lang="text/css">color: #0000ff</code></rendition><rendition xml:id="textForSearch"><desc>transcriptional</desc><label>Søkbar tekst</label><code rend="rectangle" lang="text/css">color: #000000</code></rendition></tagsDecl><appInfo>
     <application ident="ImageMarkupTool01" version="1.8.1.4" notAfter="2011-11-16T11:49:41">
     <label>
     Image Markup Tool</label><desc>
     Tool for annotating images using TEI</desc><ref type="appURI" target="http://www.tapor.uvic.ca/~mholmes/image_markup/">
     </ref><ptr target="#imtAnnotatedImage"></ptr><ptr target="#imtImageAnnotations"></ptr><ptr target="#imtAnnotationCategories"></ptr></application>
     
     
     </appInfo></encodingDesc>
</teiHeader>
 <facsimile xml:id="imtAnnotatedImage"><surface><graphic url="No-MM_N0068-03.jpg" width="2550px" height="3509px"></graphic><zone xml:id="imtArea_0" rendition="transcription" ulx="336" uly="289" lrx="2324" lry="2877" rend="visible"></zone></surface></facsimile>
 <text>
  <body>
   <div xml:id="imtImageAnnotations"><div corresp="#imtArea_0" type="imtAnnotation"><head>&#x00A0;</head><div>
    <p rend="noIndent">Jeg fandt blot at et så vigtig værk ikke skulde affeies &#x2013;
    <lb/>på den maaten</p>
    <p>Når jeg selv i forordet forklarer den ikke er færdig 
     <lb/>og skal omarbeides &#x2013; så er det selvfølgelig intentionen 
     <lb/>og mulighederne for en fries der bør bedømmes &#x2013;</p>
    <p rend="extraAir">Her påstår jeg der taes feil når de benegter mulighederne 
     <lb/>&#x2013; Jeg mener de skulde ligge klart i dagen &#x2013;</p>
    <p>Jeg har aldrig tidligere tat til gjenmæle mot en kritikk 
     <lb/>og gudernes skal vide jeg har taalt gå igjennom adskilligt 
     <lb/>i den retning &#x2013; Hr <persName key="pe1217">Hauges</persName> ildelugtende gasarter har heller 
     <lb/>aldrig berørt mig et minuts søvn &#x2013;</p>
    <p>Når jeg nu for en gangs skyld har tat til gjenmæle &#x2013;
     <lb/>så er det aligevel et særlig tilfælde <del rend="overstrike">Det særlige ved
      <lb/><persName key="pe1217">Haugs</persName> &#x00AB;kritikker&#x00BB; er</del></p>
    <p>Jeg skal udover det da det ikke er tilstrækkelig pointeret 
     <lb/>i den udtalelsen som jeg yterliere har underskrevet &#x2013; Det er 
     <lb/><gap reason="writing"/> det at <persName key="pe1217">Haug</persName> i virkeligheden ikke kritiserer &#x2013; Sinte 
     <lb/>kritikker <del rend="overstrike">tar man fra kan man</del> og dårlige kritikker har 
     <lb/>det været mange af fra <persName key="pe1217">Haug</persName> &#x2013; og de vil existere fremdeles</p>
    <p>Men såmeget har jeg set af kritik her og i udlandet vil 
     <lb/>jeg aabent bekjende slig som <persName key="pe1217">Haugs</persName> har jeg aldrig set 
     <lb/>mage til &#x2013;</p>
    <p>Det er blot en sammenskrabet blanding af Haansord, 
     <lb/>gemenheder og latterliggjørelser &#x2013; det kan ikke kaldes 
     <lb/>kritik &#x2013;</p>
    <p>Da han var i <orgName key="i376">Socialdemokraten</orgName> så var han værre det var 
     <lb/>jo et rent pøbelsprog han brugte &#x2013; Han <del rend="overstrike">havde vist</del> 
     <lb/>havde nok den store misopfatning at <orgName key="i376">Socialdemokratens</orgName> 
     <lb/>læsere var pøbeler &#x2013;</p>
    <p><del rend="overstrike">Nu i</del> <orgName key="i101">Aftenposten</orgName> <del rend="overstrike">har</del></p>    
   </div></div></div>
  </body>
 </text>
</TEI>