<?xml version="1.0" encoding="UTF-8"?>
<!DOCTYPE TEI PUBLIC "-//TEI P5 MunchTEI//DTD TEI P5 Unified for Edvard Munch's Texts//EN" "file:/O:/Munchs tekster/Transkripsjoner/MunchTEI.dtd" >
<TEI xmlns="http://www.tei-c.org/ns/1.0" version="5.0" xml:id="No-MM_N0026-02">
<teiHeader>
 <fileDesc>
<titleStmt>
<title>No-MM_N0026-02.jpg</title>
</titleStmt>

<publicationStmt>
<p></p>
</publicationStmt>
<sourceDesc>
<p>2704 x 4064</p>
</sourceDesc>
 </fileDesc>
 <encodingDesc>


 
  <tagsDecl xml:id="imtAnnotationCategories"><rendition xml:id="transcription"><label>Contains the transcribed and TEI P5 encoded text of the objects</label><code rend="rectangle" lang="text/css">color: #ff0000</code></rendition><rendition xml:id="commentary"><label>Kommentarer</label><code rend="rectangle" lang="text/css">color: #00ff00</code></rendition><rendition xml:id="philologicalNotes"><label>Edisjonsfilologiske noter</label><code rend="rectangle" lang="text/css">color: #0000ff</code></rendition><rendition xml:id="textForSearch"><desc>transcriptional</desc><label>Søkbar tekst</label><code rend="rectangle" lang="text/css">color: #000000</code></rendition></tagsDecl><appInfo>
     <application ident="ImageMarkupTool01" version="1.8.1.2" notAfter="2009-03-18T15:05:35">
     <label>
     Image Markup Tool</label><desc>
     Tool for annotating images using TEI</desc><ref type="appURI" target="http://www.tapor.uvic.ca/~mholmes/image_markup/">
     </ref><ptr target="#imtAnnotatedImage"></ptr><ptr target="#imtImageAnnotations"></ptr><ptr target="#imtAnnotationCategories"></ptr></application>
     
     
     </appInfo></encodingDesc>
</teiHeader>
 <facsimile xml:id="imtAnnotatedImage"><surface><graphic url="No-MM_N0026-02.jpg" width="2704px" height="4064px"></graphic><zone xml:id="imtArea_0" rendition="transcription" ulx="184" uly="336" lrx="2336" lry="3140" rend="visible"></zone></surface></facsimile>
 <text>
  <body>
   <div xml:id="imtImageAnnotations"><div corresp="#imtArea_0" type="imtAnnotation"><head>&#x00A0;</head><div>
    <p rend="noIndent">Backfisch &#x2013;</p>
    <sp><p>Gud om en ville dø 
    <lb/>for mig &#x2013; selv om <del rend="overwritten"><gap/></del>han 
    <lb/>døde af Kjedsomhed &#x2013;</p></sp>
    <sp><speaker>Overkvinden</speaker> <p>det er den 
    <lb/>sande Frihed &#x2013;</p></sp> 
    <sp><p>Kan man ikke leve 
    <lb/>så dør man stolt &#x2013;</p></sp>
    <p rend="noIndent"><del rend="overstrike">Overkvinden</del></p>
    <lb/><sp><speaker>Digteren &#x2013;</speaker>  
    <p>Du gjør store mænd 
    <lb/>5 er døde af Forspiselser 
    <lb/>og Drig &#x2013; Det var rigtig 
    <lb/>de døde &#x2013;</p></sp> 
    <p><del rend="overstrike">Gutter</del> <add place="supralinear"><del rend="overstrike"><gap/></del></add> 
    <lb/>Du</p>
    </div></div></div>
  </body>
 </text>
</TEI>
