<?xml version="1.0" encoding="UTF-8"?>
<!DOCTYPE TEI PUBLIC "-//TEI P5 MunchTEI//DTD TEI P5 Unified for Edvard Munch's Texts//EN" "file:/O:/Munchs tekster/Transkripsjoner/MunchTEI.dtd" >
<TEI xmlns="http://www.tei-c.org/ns/1.0" version="5.0" xml:id="No-MM_N0046-00-01r">
<teiHeader>
 <fileDesc>
<titleStmt>
<title>No-MM_N0046-00-01r.jpg</title>
</titleStmt>

<publicationStmt>
<p></p>
</publicationStmt>
<sourceDesc>
<p>2704 x 4064</p>
</sourceDesc>
 </fileDesc>
 <encodingDesc>


 
  <tagsDecl xml:id="imtAnnotationCategories"><rendition xml:id="transcription"><label>Contains the transcribed and TEI P5 encoded text of the objects</label><code rend="rectangle" lang="text/css">color: #ff0000</code></rendition><rendition xml:id="commentary"><label>Kommentarer</label><code rend="rectangle" lang="text/css">color: #00ff00</code></rendition><rendition xml:id="philologicalNotes"><label>Edisjonsfilologiske noter</label><code rend="rectangle" lang="text/css">color: #0000ff</code></rendition><rendition xml:id="textForSearch"><desc>transcriptional</desc><label>Søkbar tekst</label><code rend="rectangle" lang="text/css">color: #000000</code></rendition></tagsDecl><appInfo>
     <application ident="ImageMarkupTool01" version="1.8.1.3" notAfter="2009-03-23T13:11:48">
     <label>
     Image Markup Tool</label><desc>
     Tool for annotating images using TEI</desc><ref type="appURI" target="http://www.tapor.uvic.ca/~mholmes/image_markup/">
     </ref><ptr target="#imtAnnotatedImage"></ptr><ptr target="#imtImageAnnotations"></ptr><ptr target="#imtAnnotationCategories"></ptr></application>
     
     
     </appInfo></encodingDesc>
</teiHeader>
 <facsimile xml:id="imtAnnotatedImage"><surface><graphic url="No-MM_N0046-00-01r.jpg" width="2704px" height="4064px"></graphic><zone xml:id="imtArea_0" rendition="transcription" ulx="187" uly="815" lrx="2537" lry="3495" rend="visible"></zone></surface></facsimile>
 <text>
  <body>
   <div xml:id="imtImageAnnotations"><div corresp="#imtArea_0" type="imtAnnotation"><head>&#x00A0;</head><div>
    <p>For at kunne forstå mine udtalelser 
    <lb/>om at jeg fandt det at være en forbrytelse 
    <lb/>af mig at gifte mig skal jeg oplyse om:
    <lb/>min mor-mor døde af tuberkulose 
    <lb/><del rend="overstrike">li</del> Min mor døde af tuberkulose 
    <lb/>ligeledes hennes søster <persName key="pe1294">Hansine</persName></p>
    <p>Min tante der kom til os har vistnok 
    <lb/>været tuberkuløs. Hun led hele sit liv 
    <lb/>af forkjølelser med blodspytning samt 
    <lb/>bronchit. Min søster <persName key="pe845">Sofie</persName> døde af tuberkulose</p>
    <p>Vi <del rend="overstrike">børn</del> andre børn led under opvæxten 
    <lb/>af stærke forkjølelser &#x2013; Jeg kom syg til verden 
    <lb/>blev hjemdøbt og min far trodde ikke 
    <lb/>jeg skulde leve &#x2013; Jeg måtte næsten helt 
    <lb/>forsømme skolen &#x2013; <del rend="overwritten"><gap/></del>Blev stadig angrebet 
    <lb/>af voldsomme forkjølelses sygdomme 
    <lb/>og gigtfeber &#x2013; Havde blodstyrtning og 
    <lb/>blodspytning. Min bror havde svagt 
    <lb/>bryst og døde ung af lungebetændelse</p>
    </div></div></div>
  </body>
 </text>
</TEI>
