<?xml version="1.0" encoding="UTF-8"?>
<!DOCTYPE TEI PUBLIC "-//TEI P5 MunchTEI//DTD TEI P5 Unified for Edvard Munch's Texts//EN" "file:/O:/Munchs tekster/Transkripsjoner/MunchTEI.dtd" >
<TEI xmlns="http://www.tei-c.org/ns/1.0" version="5.0" xml:id="No-MM_N0117-01">
<teiHeader>
 <fileDesc>
<titleStmt>
<title>No-MM_N0117-01.jpg</title>
</titleStmt>

<publicationStmt>
<p></p>
</publicationStmt>
<sourceDesc>
<p>2704 x 4064</p>
</sourceDesc>
 </fileDesc>
 <encodingDesc>


 
  <tagsDecl xml:id="imtAnnotationCategories"><rendition xml:id="transcription"><label>Contains the transcribed and TEI P5 encoded text of the objects</label><code rend="rectangle" lang="text/css">color: #ff0000</code></rendition><rendition xml:id="commentary"><label>Kommentarer</label><code rend="rectangle" lang="text/css">color: #00ff00</code></rendition><rendition xml:id="philologicalNotes"><label>Edisjonsfilologiske noter</label><code rend="rectangle" lang="text/css">color: #0000ff</code></rendition><rendition xml:id="textForSearch"><desc>transcriptional</desc><label>Søkbar tekst</label><code rend="rectangle" lang="text/css">color: #000000</code></rendition></tagsDecl><appInfo>
     <application ident="ImageMarkupTool01" version="1.8.1.3" notAfter="2009-04-14T15:17:28">
     <label>
     Image Markup Tool</label><desc>
     Tool for annotating images using TEI</desc><ref type="appURI" target="http://www.tapor.uvic.ca/~mholmes/image_markup/">
     </ref><ptr target="#imtAnnotatedImage"></ptr><ptr target="#imtImageAnnotations"></ptr><ptr target="#imtAnnotationCategories"></ptr></application>
     
     
     </appInfo></encodingDesc>
</teiHeader>
 <facsimile xml:id="imtAnnotatedImage"><surface><graphic url="No-MM_N0117-01.jpg" width="2704px" height="4064px"></graphic><zone xml:id="imtArea_0" rendition="transcription" ulx="159" uly="445" lrx="2477" lry="3141" rend="visible"></zone></surface></facsimile>
 <text>
  <body>
   <div xml:id="imtImageAnnotations"><div corresp="#imtArea_0" type="imtAnnotation"><head>&#x00A0;</head><div>
    <p rend="noIndent">Digter</p>
    <p>Don Ramido il Spartano
    <lb/>&#x2013; Dolk og Sværd og Gi<del rend="overwritten">v</del>ft
    <lb/>&#x2013; Her er jo Tragedie
    <lb/><del rend="overwritten"><gap/></del>Som ved <note>kodes? Arnodalen: "pl54")</note>Arnofloden
    <lb/>&#x2013; Femte Akt i St<del rend="overwritten"><gap/></del>ykket
     <lb/><unclear reason="writing">tankeful</unclear></p>
    <p>Hat <unclear reason="writing">et</unclear> Hængsel
    <lb/>Livets Stængsel &#x2013;
    <lb/>&#x2013; Om jeg havde blot Konfligten
    <lb/>&#x2013; hvordan var de andre Akter &#x2013;
    <lb/>&#x2013; <del rend="overstrike">så var</del></p>
   </div></div></div>
  </body>
 </text>
</TEI>