<?xml version="1.0" encoding="UTF-8"?>
<!DOCTYPE TEI PUBLIC "-//TEI P5 MunchTEI//DTD TEI P5 Unified for Edvard Munch's Texts//EN" "file:/O:/Munchs tekster/Transkripsjoner/MunchTEI.dtd" >
<TEI xmlns="http://www.tei-c.org/ns/1.0" version="5.0" xml:id="No-MM_N0016-01v">
<teiHeader>
 <fileDesc>
<titleStmt>
<title>No-MM_N0016-01v.jpg</title>
</titleStmt>

<publicationStmt>
<p></p>
</publicationStmt>
<sourceDesc>
<p>2704 x 4064</p>
</sourceDesc>
 </fileDesc>
 <encodingDesc>


 
  <tagsDecl xml:id="imtAnnotationCategories"><rendition xml:id="transcription"><label>Contains the transcribed and TEI P5 encoded text of the objects</label><code rend="rectangle" lang="text/css">color: #ff0000</code></rendition><rendition xml:id="commentary"><label>Kommentarer</label><code rend="rectangle" lang="text/css">color: #00ff00</code></rendition><rendition xml:id="philologicalNotes"><label>Edisjonsfilologiske noter</label><code rend="rectangle" lang="text/css">color: #0000ff</code></rendition><rendition xml:id="textForSearch"><desc>transcriptional</desc><label>Søkbar tekst</label><code rend="rectangle" lang="text/css">color: #000000</code></rendition></tagsDecl><appInfo>
     <application ident="ImageMarkupTool01" version="1.8.1.2" notAfter="2009-03-16T11:47:21">
     <label>
     Image Markup Tool</label><desc>
     Tool for annotating images using TEI</desc><ref type="appURI" target="http://www.tapor.uvic.ca/~mholmes/image_markup/">
     </ref><ptr target="#imtAnnotatedImage"></ptr><ptr target="#imtImageAnnotations"></ptr><ptr target="#imtAnnotationCategories"></ptr></application>
     
     
     </appInfo></encodingDesc>
</teiHeader>
 <facsimile xml:id="imtAnnotatedImage"><surface><graphic url="No-MM_N0016-01v.jpg" width="2704px" height="4064px"></graphic><zone xml:id="imtArea_0" rendition="transcription" ulx="252" uly="212" lrx="2536" lry="3780" rend="visible"></zone></surface></facsimile>
 <text>
  <body>
   <div xml:id="imtImageAnnotations"><div corresp="#imtArea_0" type="imtAnnotation"><head>&#x00A0;</head><div>
    <p>Det var det med hende.</p>
    <p>Hvorfor fortalte jeg ham ikke 
     <lb/>alt &#x2013; han hadde da forståt hvorfor 
     <lb/>jeg var så opfarende &#x2013; så nervøs &#x2013; 
     <lb/>så mangen gang så hård og kold &#x2013;
    <lb/><del rend="overstrike"><gap/></del> hvorfor jeg ikke ble hjemme 
     <lb/>når han bad om det &#x2013;
    <lb/>at jeg så ofte kom hjem om 
     <lb/>natten &#x2013; jeg måtte jo ud &#x2013; ud, 
    <lb/>og <gap reason="scribble"/> se at jage fra mig tankerne 
     <lb/>&#x2013; jeg måtte jo ud for at glemme <add place="inline">hende</add> 
     <lb/><del rend="overwritten">s</del>og ud for at opsøge hende &#x2013; de 
     <lb/>steder hun hadde været &#x2013;</p>
    <p><del rend="overstrike">Men</del></p>
    <p>Hvor jeg ønsket <del rend="overstrike">vi kun</del> 
    <lb/>a<del rend="overstrike">n</del>t engang kom en tid hvor vi 
    <lb/>kunde snakke hyggelig sammen 
     <lb/>&#x2013; at jeg kunde tat det grå hode 
     <lb/>ind til mig &#x2013;</p>
    <p>Men når jeg følte <del rend="overstrike">at</del> det 
     <lb/>var det rette det sande &#x2013; <del rend="overstrike">jeg</del> <del rend="overstrike">kjæmpet 
    <lb/>da så</del> da så du <del rend="overstrike">d</del> døden der.</p>
    <p>Jeg kunde ikke<seg type="accidentalSpace"/>være i den
    <lb/>tro</p>
    </div></div></div>
  </body>
 </text>
</TEI>
