<?xml version="1.0" encoding="UTF-8"?>
<!DOCTYPE TEI PUBLIC "-//TEI P5 MunchTEI//DTD TEI P5 Unified for Edvard Munch's Texts//EN" "file:/O:/Munchs tekster/Transkripsjoner/MunchTEI.dtd" >
<TEI xmlns="http://www.tei-c.org/ns/1.0" version="5.0" xml:id="No-MM_N0015-02">
<teiHeader>
 <fileDesc>
<titleStmt>
<title>No-MM_N0015-02.jpg</title>
</titleStmt>

<publicationStmt>
<p></p>
</publicationStmt>
<sourceDesc>
<p>2704 x 4064</p>
</sourceDesc>
 </fileDesc>
 <encodingDesc>


 
  <tagsDecl xml:id="imtAnnotationCategories"><rendition xml:id="transcription"><label>Contains the transcribed and TEI P5 encoded text of the objects</label><code rend="rectangle" lang="text/css">color: #ff0000</code></rendition><rendition xml:id="commentary"><label>Kommentarer</label><code rend="rectangle" lang="text/css">color: #00ff00</code></rendition><rendition xml:id="philologicalNotes"><label>Edisjonsfilologiske noter</label><code rend="rectangle" lang="text/css">color: #0000ff</code></rendition><rendition xml:id="textForSearch"><desc>transcriptional</desc><label>Søkbar tekst</label><code rend="rectangle" lang="text/css">color: #000000</code></rendition></tagsDecl><appInfo>
     <application ident="ImageMarkupTool01" version="1.8.1.2" notAfter="2009-03-16T11:14:50">
     <label>
     Image Markup Tool</label><desc>
     Tool for annotating images using TEI</desc><ref type="appURI" target="http://www.tapor.uvic.ca/~mholmes/image_markup/">
     </ref><ptr target="#imtAnnotatedImage"></ptr><ptr target="#imtImageAnnotations"></ptr><ptr target="#imtAnnotationCategories"></ptr></application>
     
     
     </appInfo></encodingDesc>
</teiHeader>
 <facsimile xml:id="imtAnnotatedImage"><surface><graphic url="No-MM_N0015-02.jpg" width="2704px" height="4064px"></graphic><zone xml:id="imtArea_0" rendition="transcription" ulx="208" uly="316" lrx="2532" lry="3828" rend="visible"></zone></surface></facsimile>
 <text>
  <body>
   <div xml:id="imtImageAnnotations"><div corresp="#imtArea_0" type="imtAnnotation"><head>&#x00A0;</head><div>
    <p rend="noIndent">syg der.
    <lb/><add place="inline">Jeg</add> <del rend="overstrike">Så</del> måtte <del rend="overstrike">jeg</del> skrive ofte &#x2013; så 
    <lb/>de vidste jeg var frisk.</p>
    <p><del rend="overstrike">Så var</del> vognen for døren &#x2013; <del rend="overstrike">jeg tog 
     <lb/>farvel</del> Farvel da &#x2013; far fulgte mig 
     <lb/>ud i gangen &#x2013; Så hadde jeg
     <lb/><del rend="overstrike">Så</del> glemt noget &#x2013; <del rend="overstrike">og så</del> tog jeg 
     <lb/>ham endnu engang i hånden &#x2013; 
    <lb/><del rend="overstrike">Jeg</del> Så <del rend="overstrike">råbte</del> tante nedover trappene 
    <lb/>at jeg måtte ta <del rend="overstrike">ta</del> godt 
     <lb/>under mig på dampbåden &#x2013;</p>
    <p>Dernede var <ref type="lemma" target="co23">Petra</ref> og <ref type="lemma" target="co75">Kristian</ref> 
    <lb/><add place="inBetweenLines">og en hel del af mine kammerater</add> 
     <lb/>&#x2013; <del rend="overstrike">men</del> Dampbåden skulde ikke 
    <lb/>gå før <del rend="overstrike">fler</del> <del rend="overwritten">flere</del>to timer efter.</p> 
    <p>Nu kunde jeg være sammen 
     <lb/>med dem hjemme endnu lidt &#x2013;</p>
    <p><del rend="overstrike">Jeg</del> Dampbåden er forsinket 
    <lb/>så hadde jeg ikke noget andet 
     <lb/>at gjøre så jeg &#x2013; <del rend="overstrike">så</del> gik jeg 
     <lb/>lisså gjerne hjem &#x2013; jeg var lidt <del rend="overstrike">for</del> 
     <lb/>generet &#x2013;</p>
    <p>Så snakket <del rend="overstrike"><del rend="overwritten"><gap/></del><gap/></del> vi lidt om 
     <lb/>hvordan veiret var &#x2013; var det</p>
    </div></div></div>
  </body>
 </text>
</TEI>
