<?xml version="1.0" encoding="UTF-8"?>
<!DOCTYPE TEI PUBLIC "-//TEI P5 MunchTEI//DTD TEI P5 Unified for Edvard Munch's Texts//EN" "file:/O:/Munchs tekster/Transkripsjoner/MunchTEI.dtd" >
<TEI xmlns="http://www.tei-c.org/ns/1.0" version="5.0" xml:id="No-MM_N0087-00-01r">
<teiHeader>
 <fileDesc>
<titleStmt>
<title>No-MM_N0087-00-01r.jpg</title>
</titleStmt>

<publicationStmt>
<p></p>
</publicationStmt>
<sourceDesc>
<p>2704 x 4064</p>
</sourceDesc>
 </fileDesc>
 <encodingDesc>


 
  <tagsDecl xml:id="imtAnnotationCategories"><rendition xml:id="transcription"><label>Contains the transcribed and TEI P5 encoded text of the objects</label><code rend="rectangle" lang="text/css">color: #ff0000</code></rendition><rendition xml:id="commentary"><label>Kommentarer</label><code rend="rectangle" lang="text/css">color: #00ff00</code></rendition><rendition xml:id="philologicalNotes"><label>Edisjonsfilologiske noter</label><code rend="rectangle" lang="text/css">color: #0000ff</code></rendition><rendition xml:id="textForSearch"><desc>transcriptional</desc><label>Søkbar tekst</label><code rend="rectangle" lang="text/css">color: #000000</code></rendition></tagsDecl><appInfo>
     <application ident="ImageMarkupTool01" version="1.8.1.3" notAfter="2009-03-27T13:48:06">
     <label>
     Image Markup Tool</label><desc>
     Tool for annotating images using TEI</desc><ref type="appURI" target="http://www.tapor.uvic.ca/~mholmes/image_markup/">
     </ref><ptr target="#imtAnnotatedImage"></ptr><ptr target="#imtImageAnnotations"></ptr><ptr target="#imtAnnotationCategories"></ptr></application>
     
     
     </appInfo></encodingDesc>
</teiHeader>
 <facsimile xml:id="imtAnnotatedImage"><surface><graphic url="No-MM_N0087-00-01r.jpg" width="2704px" height="4064px"></graphic><zone xml:id="imtArea_0" rendition="transcription" ulx="139" uly="716" lrx="2600" lry="2676" rend="visible"></zone></surface></facsimile>
 <text>
  <body>
   <div xml:id="imtImageAnnotations"><div corresp="#imtArea_0" type="imtAnnotation"><head>&#x00A0;</head><div>
    <p>Det er ikke noget at si på at <add place="supralinear">bygningen til</add> 
    <lb/><persName key="pe443">Rolf Stenersens</persName> gave af norsk kunst 
     <lb/>kommer til <placeName key="pl2">Nordre Skøien</placeName> &#x2013; men jeg kan ikke 
    <lb/>ta standpunkt til <del rend="overstrike">hvilket</del> på hvilket 
    <lb/>sted den <del rend="overstrike">skal</del> <del rend="overstrike">blir</del> bygget &#x2013; Skkyn<del rend="overwritten"><gap/></del>dige må 
    <lb/>behandle arkitekt <persName key="pe196">Hollands</persName> anke</p>
    <p>Jeg vil gjøre <del rend="overstrike">om</del> opmærksom på at 
    <lb/>denne samling <del rend="overstrike">ikke må</del> af norsk 
    <lb/>kunst ikke må forveksles med den plan 
    <lb/><add place="inBetweenLines">om at bygge mussæum til mine billeder</add> 
    <lb/>der har været oppe men som jeg ennu 
    <lb/>ikke har tat noe <gap reason="scribble"/>standpunkt har tat</p>
    </div></div></div>
  </body>
 </text>
</TEI>
