<?xml version="1.0" encoding="UTF-8"?>
<!DOCTYPE TEI PUBLIC "-//TEI P5 MunchTEI//DTD TEI P5 Unified for Edvard Munch's Texts//EN" "file:/O:/Munchs tekster/Transkripsjoner/MunchTEI.dtd" >
<TEI xmlns="http://www.tei-c.org/ns/1.0" version="5.0" xml:id="No-MM_N0028-00-01r">
<teiHeader>
 <fileDesc>
<titleStmt>
<title>No-MM_N0028-00-01r.jpg</title>
</titleStmt>

<publicationStmt>
<p></p>
</publicationStmt>
<sourceDesc>
<p>2704 x 4064</p>
</sourceDesc>
 </fileDesc>
 <encodingDesc>


 
  <tagsDecl xml:id="imtAnnotationCategories"><rendition xml:id="transcription"><label>Contains the transcribed and TEI P5 encoded text of the objects</label><code rend="rectangle" lang="text/css">color: #ff0000</code></rendition><rendition xml:id="commentary"><label>Kommentarer</label><code rend="rectangle" lang="text/css">color: #00ff00</code></rendition><rendition xml:id="philologicalNotes"><label>Edisjonsfilologiske noter</label><code rend="rectangle" lang="text/css">color: #0000ff</code></rendition><rendition xml:id="textForSearch"><desc>transcriptional</desc><label>Søkbar tekst</label><code rend="rectangle" lang="text/css">color: #000000</code></rendition></tagsDecl><appInfo>
     <application ident="ImageMarkupTool01" version="1.8.1.2" notAfter="2009-03-18T17:07:51">
     <label>
     Image Markup Tool</label><desc>
     Tool for annotating images using TEI</desc><ref type="appURI" target="http://www.tapor.uvic.ca/~mholmes/image_markup/">
     </ref><ptr target="#imtAnnotatedImage"></ptr><ptr target="#imtImageAnnotations"></ptr><ptr target="#imtAnnotationCategories"></ptr></application>
     
     
     </appInfo></encodingDesc>
</teiHeader>
 <facsimile xml:id="imtAnnotatedImage"><surface><graphic url="No-MM_N0028-00-01r.jpg" width="2704px" height="4064px"></graphic><zone xml:id="imtArea_0" rendition="transcription" ulx="308" uly="736" lrx="2596" lry="3104" rend="visible"></zone></surface></facsimile>
 <text>
  <body>
   <div xml:id="imtImageAnnotations"><div corresp="#imtArea_0" type="imtAnnotation"><head>&#x00A0;</head><div>
    <sp><speaker>Alfa</speaker> <p>&#x2013; Alle er døde<seg type="interpunctionalSpace"/>blot jeg er 
    <lb/>undkommen &#x2013; blot vi to er igjen &#x2013;
    <lb/>&#x2013; Den gamle er osså død &#x2013; og så er 
    <lb/>alt han vidste &#x2013; om alle de store dager 
    <lb/>og riger glemte &#x2013;</p></sp>
    <sp><p>&#x2013; Nu <del rend="overwritten"><gap/></del>vil vi blot elske hinanden 
    <lb/>&#x2013; og sidde ved stranden sammen &#x2013;
    <lb/>og vi vil ikke røre ved de ting som ødelagde 
    <lb/>verden</p></sp>
    <sp><speaker>Omega</speaker> <p rend="noLineBreakBefore">&#x2013; ja hun omfavner &#x2013;</p></sp>
    <lb/><sp><stage>Omega farer op &#x2013;</stage> <p rend="noLineBreakBefore">ser du det &#x2013;</p></sp> 
    <sp><speaker>A<del rend="overwritten"><gap/></del>lfa</speaker> <p rend="noLineBreakBefore">hva er det &#x2013;</p></sp>
    <stage>Omega bøier sig <del rend="overwritten"><gap/></del>bort &#x2013; <del rend="overstrike">hun</del> og hvisker 
    <lb/>til sig selv &#x2013;</stage> <sp><p rend="noLineBreakBefore">Slanger &#x2013; det eneste levende 
    <lb/>foruden os der er tilbage &#x2013;</p></sp>
    </div></div></div>
  </body>
 </text>
</TEI>
