<?xml version="1.0" encoding="UTF-8"?>
<!DOCTYPE TEI PUBLIC "-//TEI P5 MunchTEI//DTD TEI P5 Unified for Edvard Munch's Texts//EN" "file:/O:/Munchs tekster/Transkripsjoner/MunchTEI.dtd" >
<TEI xmlns="http://www.tei-c.org/ns/1.0" version="5.0" xml:id="No-MM_N0037-00-02r">
<teiHeader>
 <fileDesc>
<titleStmt>
<title>No-MM_N0037-00-02r.jpg</title>
</titleStmt>

<publicationStmt>
<p></p>
</publicationStmt>
<sourceDesc>
<p>4064 x 2704</p>
</sourceDesc>
 </fileDesc>
 <encodingDesc>


 
  <tagsDecl xml:id="imtAnnotationCategories"><rendition xml:id="transcription"><label>Contains the transcribed and TEI P5 encoded text of the objects</label><code rend="rectangle" lang="text/css">color: #ff0000</code></rendition><rendition xml:id="commentary"><label>Kommentarer</label><code rend="rectangle" lang="text/css">color: #00ff00</code></rendition><rendition xml:id="philologicalNotes"><label>Edisjonsfilologiske noter</label><code rend="rectangle" lang="text/css">color: #0000ff</code></rendition><rendition xml:id="textForSearch"><desc>transcriptional</desc><label>Søkbar tekst</label><code rend="rectangle" lang="text/css">color: #000000</code></rendition></tagsDecl><appInfo>
     <application ident="ImageMarkupTool01" version="1.8.1.2" notAfter="2009-03-20T14:51:16">
     <label>
     Image Markup Tool</label><desc>
     Tool for annotating images using TEI</desc><ref type="appURI" target="http://www.tapor.uvic.ca/~mholmes/image_markup/">
     </ref><ptr target="#imtAnnotatedImage"></ptr><ptr target="#imtImageAnnotations"></ptr><ptr target="#imtAnnotationCategories"></ptr></application>
     
     
     </appInfo></encodingDesc>
</teiHeader>
 <facsimile xml:id="imtAnnotatedImage"><surface><graphic url="No-MM_N0037-00-02r.jpg" width="4064px" height="2704px"></graphic><zone xml:id="imtArea_0" rendition="transcription" ulx="300" uly="204" lrx="3208" lry="2416" rend="visible"></zone></surface></facsimile>
 <text>
  <body>
   <div xml:id="imtImageAnnotations"><div corresp="#imtArea_0" type="imtAnnotation"><head>&#x00A0;</head><div>
    <p rend="noIndent">Du i boken antyder</p>
    <p>Det var arvens uretfærdighed der
    <lb/>vel gav mig oprørsaanden &#x2013;</p>
    <p rend="extraAir">Men <del rend="overstrike"><gap/></del> om dette er vel
    <lb/>ikke nu tiden til at tale om</p>
    <p>Du nævner intet om tuberkulosen der
    <lb/>herjet i min mor og mormors familie og <gap reason="writing"/></p>
    <p>Jeg havde jo <gap reason="writing"/> gigtfebere lungesygdomme
     <lb/>med blodstyrtning &#x2013; <del rend="overstrike">Da <unclear>la</unclear> var jeg lige i døden</del>
     <lb/>i et døgn &#x2013;</p>
    <p>Jeg mener det dog har en vis vigtighed
    <lb/>især den <del rend="overwritten"><gap/></del>arven som <del rend="overstrike">sagt var</del> <gap reason="writing"/>
    <lb/>var bestemmende for mit livssyn</p>
    <p><unclear reason="writing">De tar side når jeg galskab</unclear></p>
     </div></div></div>
  </body>
 </text>
</TEI>
