<?xml version="1.0" encoding="UTF-8"?>
<!DOCTYPE TEI PUBLIC "-//TEI P5 MunchTEI//DTD TEI P5 Unified for Edvard Munch's Texts//EN" "file:/O:/Munchs tekster/Transkripsjoner/MunchTEI.dtd" >
<TEI xmlns="http://www.tei-c.org/ns/1.0" version="5.0" xml:id="No-MM_N0085-02">
<teiHeader>
 <fileDesc>
<titleStmt>
<title>No-MM_N0085-02.jpg</title>
</titleStmt>

<publicationStmt>
<p></p>
</publicationStmt>
<sourceDesc>
<p>2704 x 4064</p>
</sourceDesc>
 </fileDesc>
 <encodingDesc>


 
  <tagsDecl xml:id="imtAnnotationCategories"><rendition xml:id="transcription"><label>Contains the transcribed and TEI P5 encoded text of the objects</label><code rend="rectangle" lang="text/css">color: #ff0000</code></rendition><rendition xml:id="commentary"><label>Kommentarer</label><code rend="rectangle" lang="text/css">color: #00ff00</code></rendition><rendition xml:id="philologicalNotes"><label>Edisjonsfilologiske noter</label><code rend="rectangle" lang="text/css">color: #0000ff</code></rendition><rendition xml:id="textForSearch"><desc>transcriptional</desc><label>Søkbar tekst</label><code rend="rectangle" lang="text/css">color: #000000</code></rendition></tagsDecl><appInfo>
     <application ident="ImageMarkupTool01" version="1.8.1.3" notAfter="2009-03-27T13:21:25">
     <label>
     Image Markup Tool</label><desc>
     Tool for annotating images using TEI</desc><ref type="appURI" target="http://www.tapor.uvic.ca/~mholmes/image_markup/">
     </ref><ptr target="#imtAnnotatedImage"></ptr><ptr target="#imtImageAnnotations"></ptr><ptr target="#imtAnnotationCategories"></ptr></application>
     
     
     </appInfo></encodingDesc>
</teiHeader>
 <facsimile xml:id="imtAnnotatedImage"><surface><graphic url="No-MM_N0085-02.jpg" width="2704px" height="4064px"></graphic><zone xml:id="imtArea_0" rendition="transcription" ulx="60" uly="418" lrx="2378" lry="3734" rend="visible"></zone></surface></facsimile>
 <text>
  <body>
   <div xml:id="imtImageAnnotations"><div corresp="#imtArea_0" type="imtAnnotation"><head>&#x00A0;</head><div>
    <p rend="noIndent">Med Hensyn til den
    <lb/><del rend="overstrike">kunstneriske o</del> <del rend="overstrike">Omtale</del> 
    <lb/><del rend="overwritten"><gap/></del>den modtagelse min 
    <lb/>Udstilling fik i Pressen
    <lb/>i <placeName key="pl22">Kjøbenhavn</placeName> vil jeg si 
    <lb/>den glædet mig &#x2013; Der 
    <lb/>var megen Anerkjendelse <add place="supralinear">og Angrebene var dannede</add> 
    <lb/>og ingen Avis <del rend="overstrike">brugte</del> <add place="supralinear">kaldte</add> <unclear reason="writing">det</unclear> 
    <lb/>hvad (især de finere 
    <lb/>Aviser som <orgName key="i101">Aftenposten</orgName>) 
    <lb/>for Svinemaler, Grise-
    <lb/>maler <gap reason="writing"/> medens 
    <lb/>en <del rend="overstrike">Række</del> del andre 
    <lb/>Aviser ikke fandt min 
    <lb/>Udstilling Omtale værd</p>  
   </div></div></div>
  </body>
 </text>
</TEI>
