<?xml version="1.0" encoding="UTF-8"?>
<!DOCTYPE TEI PUBLIC "-//TEI P5 MunchTEI//DTD TEI P5 Unified for Edvard Munch's Texts//EN" "file:/O:/Munchs tekster/Transkripsjoner/MunchTEI.dtd" >
<TEI xmlns="http://www.tei-c.org/ns/1.0" version="5.0" xml:id="No-MM_N0018-03">
<teiHeader>
 <fileDesc>
<titleStmt>
<title>No-MM_N0018-03.jpg</title>
</titleStmt>

<publicationStmt>
<p></p>
</publicationStmt>
<sourceDesc>
<p>2704 x 4064</p>
</sourceDesc>
 </fileDesc>
 <encodingDesc>


 
  <tagsDecl xml:id="imtAnnotationCategories"><rendition xml:id="transcription"><label>Contains the transcribed and TEI P5 encoded text of the objects</label><code rend="rectangle" lang="text/css">color: #ff0000</code></rendition><rendition xml:id="commentary"><label>Kommentarer</label><code rend="rectangle" lang="text/css">color: #00ff00</code></rendition><rendition xml:id="philologicalNotes"><label>Edisjonsfilologiske noter</label><code rend="rectangle" lang="text/css">color: #0000ff</code></rendition><rendition xml:id="textForSearch"><desc>transcriptional</desc><label>Søkbar tekst</label><code rend="rectangle" lang="text/css">color: #000000</code></rendition></tagsDecl><appInfo>
     <application ident="ImageMarkupTool01" version="1.8.1.2" notAfter="2009-03-17T10:55:56">
     <label>
     Image Markup Tool</label><desc>
     Tool for annotating images using TEI</desc><ref type="appURI" target="http://www.tapor.uvic.ca/~mholmes/image_markup/">
     </ref><ptr target="#imtAnnotatedImage"></ptr><ptr target="#imtImageAnnotations"></ptr><ptr target="#imtAnnotationCategories"></ptr></application>
     
     
     </appInfo></encodingDesc>
</teiHeader>
 <facsimile xml:id="imtAnnotatedImage"><surface><graphic url="No-MM_N0018-03.jpg" width="2704px" height="4064px"></graphic><zone xml:id="imtArea_0" rendition="transcription" ulx="252" uly="292" lrx="2528" lry="3816" rend="visible"></zone></surface></facsimile>
 <text>
  <body>
   <div xml:id="imtImageAnnotations"><div corresp="#imtArea_0" type="imtAnnotation"><head>&#x00A0;</head><div>
     <p rend="noIndent">lyset svinder så fort 
    <lb/><del rend="overstrike">taget</del> Alt begynder at tegne sig 
    <lb/>som siloutter mod vinduet 
    <lb/>derude er <del rend="overstrike">tag og</del> piber og tag  hvorpå
    <lb/>Sneen ligger i tyndt lag. 
    <lb/>Ilden <del rend="overstrike">skinner</del> i ovnen lyser
    <lb/><del rend="overstrike">rødt</del> sparsomt <del rend="overwritten"><gap/></del>i røde stråler.</p>
    <p rend="extraAir"><del rend="diagonalOverstrike">Vi hadde tat det lille cabinette
    <lb/>på <orgName key="i83">Grand</orgName>. Det var første <del rend="overwritten"><gap/></del>gang 
    <lb/>de hjemme hadde været der 
    <lb/>De <ref type="lemma" target="co73"><unclear reason="writing">Kristian</unclear></ref> vil ha</del></p>
    <p><del rend="overwritten"><gap/></del>Der er en by i byen, de dødes 
    <lb/>by <del rend="overstrike">den ligger</del> Kjærgård.
     <lb/>der er brede gader &#x2013; sidegader 
    <lb/>og <del rend="overstrike">hovedgader</del> Boulevarder.</p>
    <p>Der ligger <unclear reason="writing">gravene</unclear> side om 
    <lb/>side noen høie andre lave 
    <lb/><del rend="overstrike">der bor stille folk. </del>De 
    <lb/>der <del rend="overstrike">fins</del> <del rend="overstrike">ku</del> er tårne og paladser 
     <lb/>&#x2013; der bor stille folk de døde</p> 
    </div></div></div>
  </body>
 </text>
</TEI>