<?xml version="1.0" encoding="UTF-8"?>
<!DOCTYPE TEI PUBLIC "-//TEI P5 MunchTEI//DTD TEI P5 Unified for Edvard Munch's Texts//EN" "file:/O:/Munchs tekster/Transkripsjoner/MunchTEI.dtd" >
<TEI xmlns="http://www.tei-c.org/ns/1.0" version="5.0" xml:id="No-MM_N0044-00-01r">
<teiHeader>
 <fileDesc>
<titleStmt>
<title>No-MM_N0044-00-01r.jpg</title>
</titleStmt>

<publicationStmt>
<p></p>
</publicationStmt>
<sourceDesc>
<p>4064 x 2704</p>
</sourceDesc>
 </fileDesc>
 <encodingDesc>


 
  <tagsDecl xml:id="imtAnnotationCategories"><rendition xml:id="transcription"><label>Contains the transcribed and TEI P5 encoded text of the objects</label><code rend="rectangle" lang="text/css">color: #ff0000</code></rendition><rendition xml:id="commentary"><label>Kommentarer</label><code rend="rectangle" lang="text/css">color: #00ff00</code></rendition><rendition xml:id="philologicalNotes"><label>Edisjonsfilologiske noter</label><code rend="rectangle" lang="text/css">color: #0000ff</code></rendition><rendition xml:id="textForSearch"><desc>transcriptional</desc><label>Søkbar tekst</label><code rend="rectangle" lang="text/css">color: #000000</code></rendition></tagsDecl><appInfo>
     <application ident="ImageMarkupTool01" version="1.8.1.3" notAfter="2009-03-23T11:47:46">
     <label>
     Image Markup Tool</label><desc>
     Tool for annotating images using TEI</desc><ref type="appURI" target="http://www.tapor.uvic.ca/~mholmes/image_markup/">
     </ref><ptr target="#imtAnnotatedImage"></ptr><ptr target="#imtImageAnnotations"></ptr><ptr target="#imtAnnotationCategories"></ptr></application>
     
     
     </appInfo></encodingDesc>
</teiHeader>
 <facsimile xml:id="imtAnnotatedImage"><surface><graphic url="No-MM_N0044-00-01r.jpg" width="4064px" height="2704px"></graphic><zone xml:id="imtArea_0" rendition="transcription" ulx="209" uly="193" lrx="3871" lry="2561" rend="visible"></zone></surface></facsimile>
 <text>
  <body>
   <div xml:id="imtImageAnnotations"><div corresp="#imtArea_0" type="imtAnnotation"><head>&#x00A0;</head><div>
    <p rend="noIndent">Når jeg har såmange billeder så er det 
    <lb/>fordi jeg <del rend="overstrike">har</del> er vandt til at male med 
    <lb/>mange billeder om mig &#x2013; <del rend="overstrike">Jeg</del> <del rend="overstrike">gj</del> <del rend="overstrike">Jeg maler</del>
    <lb/>De fleste billeder er store studier &#x2013; jeg maler 
    <lb/>mine studier i stor målestok &#x2013; Forat de 
    <lb/>ikke skal komme bort har jeg <del rend="overwritten">s</del>tat 
    <lb/>de på blindrammer &#x2013; Jeg tænker de 
    <lb/>gamle malere havde tusindvis af studier 
    <lb/>og tegninger sammenrullede &#x2013; <del rend="overstrike">det <gap/> var</del></p>
    <p>De gjorde osså nytte på udstillinger &#x2013; De var 
    <lb/>overhovedet nødvendige for mig &#x2013;</p>
    <p>De to eiendomme jeg har hvoraf <del rend="overstrike">H</del> <placeName key="pl46">Nedre Ramme</placeName> 
    <lb/>er et forfaldent hus jeg bruger til atelier &#x2013; og en <gap reason="scribble"/> 
    <lb/>strimmel skjærgaard med sten og lidt skov &#x2013;</p>
    </div></div></div>
  </body>
 </text>
</TEI>
