<?xml version="1.0" encoding="UTF-8"?>
<!DOCTYPE TEI PUBLIC "-//TEI P5 MunchTEI//DTD TEI P5 Unified for Edvard Munch's Texts//EN" "file:/O:/Munchs tekster/Transkripsjoner/MunchTEI.dtd" >
<TEI xmlns="http://www.tei-c.org/ns/1.0" version="5.0" xml:id="No-MM_N0005-01">
<teiHeader>
 <fileDesc>
<titleStmt>
<title>No-MM_N0005-01.jpg</title>
</titleStmt>

<publicationStmt>
<p></p>
</publicationStmt>
<sourceDesc>
<p>2704 x 4064</p>
</sourceDesc>
 </fileDesc>
 <encodingDesc>


 
  <tagsDecl xml:id="imtAnnotationCategories"><rendition xml:id="transcription"><label>Contains the transcribed and TEI P5 encoded text of the objects</label><code rend="rectangle" lang="text/css">color: #ff0000</code></rendition><rendition xml:id="commentary"><label>Kommentarer</label><code rend="rectangle" lang="text/css">color: #00ff00</code></rendition><rendition xml:id="philologicalNotes"><label>Edisjonsfilologiske noter</label><code rend="rectangle" lang="text/css">color: #0000ff</code></rendition><rendition xml:id="textForSearch"><desc>transcriptional</desc><label>Søkbar tekst</label><code rend="rectangle" lang="text/css">color: #000000</code></rendition></tagsDecl><appInfo>
     <application ident="ImageMarkupTool01" version="1.8.1.2" notAfter="2009-03-13T11:38:02">
     <label>
     Image Markup Tool</label><desc>
     Tool for annotating images using TEI</desc><ref type="appURI" target="http://www.tapor.uvic.ca/~mholmes/image_markup/">
     </ref><ptr target="#imtAnnotatedImage"></ptr><ptr target="#imtImageAnnotations"></ptr><ptr target="#imtAnnotationCategories"></ptr></application>
     
     
     </appInfo></encodingDesc>
</teiHeader>
 <facsimile xml:id="imtAnnotatedImage"><surface><graphic url="No-MM_N0005-01.jpg" width="2704px" height="4064px"></graphic><zone xml:id="imtArea_0" rendition="transcription" ulx="236" uly="400" lrx="2328" lry="3724" rend="visible"></zone></surface></facsimile>
 <text>
  <body>
   <div xml:id="imtImageAnnotations"><div corresp="#imtArea_0" type="imtAnnotation"><head>&#x00A0;</head><div>
    <p>God dag <del rend="overwritten"><gap/></del>God dag &#x2013; jeg vilde 
     <lb/>gå bort til mit arbeide &#x2013;
     <lb/>Du <persName key="pe627">Munch</persName> &#x2013; ja</p>
    <p><del rend="overstrike">og</del> <del rend="overwritten">h</del>Han gik ud i gangen og 
    <lb/>gjorde tegn til mig at jeg 
     <lb/>skulde følge ham &#x2013; han holdt 
    <lb/>et papir i hånden.</p>
    <p>Det måtte være noget vigtigt. 
     <lb/>Nå hvad er det &#x2013; er det brev 
    <lb/>til mig.</p>
    <p>Han sa så stille og rart 
    <lb/>det er nok noget jeg må 
     <lb/>tale med dig om &#x2013; jeg har 
     <lb/>hørt &#x2013; han så på brevet &#x2013;
     <lb/>Det er vist hændt noget &#x2013; noget 
     <lb/>med de hjemme. &#x2013; Her er 
    <lb/>et telegram.</p>
    <p>Det varede en stund inden 
     <lb/>jeg fik åbnet brevet &#x2013; mine 
    <lb/>hænder skalv <del rend="overstrike">og</del></p>
    <p>Jeg stirrer og stirrer som i 
    <lb/>tåge og finder tilslut ud</p> 
    </div></div></div>
  </body>
 </text>
</TEI>
