<?xml version="1.0" encoding="UTF-8"?>
<!DOCTYPE TEI PUBLIC "-//TEI P5 MunchTEI//DTD TEI P5 Unified for Edvard Munch's Texts//EN" "file:/O:/Munchs tekster/Transkripsjoner/MunchTEI.dtd" >
<TEI xmlns="http://www.tei-c.org/ns/1.0" version="5.0" xml:id="No-MM_N0060-02">
<teiHeader>
 <fileDesc>
<titleStmt>
<title>No-MM_N0060-02.jpg</title>
</titleStmt>

<publicationStmt>
<p></p>
</publicationStmt>
<sourceDesc>
<p>2704 x 4064</p>
</sourceDesc>
 </fileDesc>
 <encodingDesc>


 
  <tagsDecl xml:id="imtAnnotationCategories"><rendition xml:id="transcription"><label>Contains the transcribed and TEI P5 encoded text of the objects</label><code rend="rectangle" lang="text/css">color: #ff0000</code></rendition><rendition xml:id="commentary"><label>Kommentarer</label><code rend="rectangle" lang="text/css">color: #00ff00</code></rendition><rendition xml:id="philologicalNotes"><label>Edisjonsfilologiske noter</label><code rend="rectangle" lang="text/css">color: #0000ff</code></rendition><rendition xml:id="textForSearch"><desc>transcriptional</desc><label>Søkbar tekst</label><code rend="rectangle" lang="text/css">color: #000000</code></rendition></tagsDecl><appInfo>
     <application ident="ImageMarkupTool01" version="1.8.1.3" notAfter="2009-03-24T14:28:26">
     <label>
     Image Markup Tool</label><desc>
     Tool for annotating images using TEI</desc><ref type="appURI" target="http://www.tapor.uvic.ca/~mholmes/image_markup/">
     </ref><ptr target="#imtAnnotatedImage"></ptr><ptr target="#imtImageAnnotations"></ptr><ptr target="#imtAnnotationCategories"></ptr></application>
     
     
     </appInfo></encodingDesc>
</teiHeader>
 <facsimile xml:id="imtAnnotatedImage"><surface><graphic url="No-MM_N0060-02.jpg" width="2704px" height="4064px"></graphic><zone xml:id="imtArea_0" rendition="transcription" ulx="95" uly="135" lrx="2413" lry="3833" rend="visible"></zone></surface></facsimile>
 <text>
  <body>
   <div xml:id="imtImageAnnotations"><div corresp="#imtArea_0" type="imtAnnotation"><head>&#x00A0;</head><div>
    <p>Han fik et mere og mere forundret 
    <lb/>udtryk &#x2013;</p>
    <p>Har dere b<del rend="overwritten"><gap/></del>outikker åsså
    <lb/>kanske &#x2013; <del rend="overstrike">når</del></p>
    <p>Ja ha &#x2013; vi har boutikker &#x2013; og
     <lb/><del rend="overstrike">skrædder osså</del> kaffeer osså &#x2013;</p>
    <p><del rend="overstrike">En sk<gap/></del></p>
    <p><del rend="overstrike">Je</del>Han gik i dybe tanker
    <lb/>Jeg fortalte <del rend="overstrike">ham</del> jeg var maler
    <lb/>&#x2013; Er der kunst osså &#x2013;
    <lb/>Ja vi har <del rend="overstrike">bå</del> både <del rend="overstrike">forfatter</del> digtekunst
    <lb/>og malerkunst &#x2013; sågar bekjendte 
    <lb/>i udlandet &#x2013; Åsså kjender de bedre 
    <lb/>til <unclear rend="blurredInk">G</unclear>eografi end <del rend="overstrike">både franskmænd
    <lb/>og</del> Italierne</p>
    <p>&#x2013; <del rend="overstrike">Han så i den grad</del> <unclear reason="blurredInk">forbauset</unclear> 
    <lb/><del rend="overstrike">ud at forat han ikke</del> skulde</p>
    <p>Ja vi har osså kunst &#x2013; men
     <lb/><add place="inBetweenLines"><del rend="overstrike">hans</del> Han så på mig som om jeg gjorde nar af ham</add>
    <lb/>sa jeg <del rend="overstrike">forat han</del> men op til
    <lb/>rigmænderne er ikke civilisation 
    <lb/>nåd &#x2013; De syns det ikke er fint 
    <lb/>at ha bilder på væggen &#x2013; eller at 
    <lb/>støtte Kunsten &#x2013; og lar malerne <del rend="overwritten"><gap/></del>krepere 
    <lb/>a sult &#x2013;</p>
    <p>Han fik nu et mere forstående</p>    
   </div></div></div>
  </body>
 </text>
</TEI>
