<?xml version="1.0" encoding="UTF-8"?>

<?xml-stylesheet type="text/xsl" href="file:/O:/Munchs tekster/Transkripsjoner/eMunch_view.xsl"?>
<!DOCTYPE TEI PUBLIC "-//TEI P5 MunchTEI//DTD TEI P5 Unified for Edvard Munch's Texts//EN" "file:/O:/Munchs tekster/Transkripsjoner/MunchTEI.dtd">
<TEI xmlns="http://www.tei-c.org/ns/1.0">
    <teiHeader>
        <fileDesc>
            <titleStmt>
                <title>MM N 25. Blandet (notat og brevutkast)</title>
            </titleStmt>
            <publicationStmt><p/></publicationStmt>
            <sourceDesc><bibl xml:id="No-MM_N0025"/></sourceDesc>
        </fileDesc>
        <profileDesc>
            <langUsage>
                <language ident="no"/>
                <language ident="ge"/>
            </langUsage>
            <handNotes>
                <handNote xml:id="EM1" medium="pen_black">Svart blekk. Notat</handNote>
                <handNote xml:id="EM2" medium="pen_black">Svart blekk. Brevutkast</handNote>
            </handNotes>
        </profileDesc>
        <revisionDesc>
            <change who="#HB" when="2013-06-25">Objektet inneholder et påbegynt brevutkast på (det som er navnet som) side 1 og et notat på side 3, 2 og 1. Endret objekttype fra notat til blandet (notat og brevutkast). Endret rekkefølge fra side 1, 2, 3 til tekst-logisk rekkefølge, som er side 3, 2, 1.</change>
            <change xml:id="HB" who="#HB" when="2012-06-13">Endret objekttype.</change>
            <change who="#HED" when="2010-10-22">Ført inn rettelser etter korrektur.</change>
            <change xml:id="HED" who="#HED" when="2010-01-29">Kodet opp samlefil i Oxygen samt enkeltsidefiler, dels i ImageMarkupTool, dels i Oxygen.</change>
        </revisionDesc>
    </teiHeader>
    <text>
        <body>
            <div type="facsimile"  xml:id="No-MM_N0025-03">
                <include href="No-MM_N0025-03.xml" xpointer="imtAnnotationCategories">
                    <fallback>
                        FIXME: MISSING XINCLUDE CONTENT
                    </fallback>
                </include>
                <include href="No-MM_N0025-03.xml" xpointer="imtAnnotatedImage">
                    <fallback>
                        FIXME: MISSING XINCLUDE CONTENT
                    </fallback>
                </include>
                <include href="No-MM_N0025-03.xml" xpointer="imtImageAnnotations">
                    <fallback>
                        FIXME: MISSING XINCLUDE CONTENT
                    </fallback>
                </include>
            </div>
            <div type="facsimile"  xml:id="No-MM_N0025-02">
                <include href="No-MM_N0025-02.xml" xpointer="imtAnnotationCategories">
                    <fallback>
                        FIXME: MISSING XINCLUDE CONTENT
                    </fallback>
                </include>
                <include href="No-MM_N0025-02.xml" xpointer="imtAnnotatedImage">
                    <fallback>
                        FIXME: MISSING XINCLUDE CONTENT
                    </fallback>
                </include>
                <include href="No-MM_N0025-02.xml" xpointer="imtImageAnnotations">
                    <fallback>
                        FIXME: MISSING XINCLUDE CONTENT
                    </fallback>
                </include>
            </div>
            <div type="facsimile"  xml:id="No-MM_N0025-01">
                <include href="No-MM_N0025-01.xml" xpointer="imtAnnotationCategories">
                    <fallback>
                        FIXME: MISSING XINCLUDE CONTENT
                    </fallback>
                </include>
                <include href="No-MM_N0025-01.xml" xpointer="imtAnnotatedImage">
                    <fallback>
                        FIXME: MISSING XINCLUDE CONTENT
                    </fallback>
                </include>
                <include href="No-MM_N0025-01.xml" xpointer="imtImageAnnotations">
                    <fallback>
                        FIXME: MISSING XINCLUDE CONTENT
                    </fallback>
                </include>
            </div>
        </body>
    </text>
</TEI>