<?xml version="1.0" encoding="UTF-8"?>
<!DOCTYPE TEI PUBLIC "-//TEI P5 MunchTEI//DTD TEI P5 Unified for Edvard Munch's Texts//EN" "file:/O:/Munchs tekster/Transkripsjoner/MunchTEI.dtd" >
<TEI xmlns="http://www.tei-c.org/ns/1.0" version="5.0" xml:id="No-MM_N0033-03">
<teiHeader>
 <fileDesc>
<titleStmt>
<title>No-MM_N0033-03.jpg</title>
</titleStmt>

<publicationStmt>
<p></p>
</publicationStmt>
<sourceDesc>
<p>2704 x 4064</p>
</sourceDesc>
 </fileDesc>
 <encodingDesc>


 
  <tagsDecl xml:id="imtAnnotationCategories"><rendition xml:id="transcription"><label>Contains the transcribed and TEI P5 encoded text of the objects</label><code rend="rectangle" lang="text/css">color: #ff0000</code></rendition><rendition xml:id="commentary"><label>Kommentarer</label><code rend="rectangle" lang="text/css">color: #00ff00</code></rendition><rendition xml:id="philologicalNotes"><label>Edisjonsfilologiske noter</label><code rend="rectangle" lang="text/css">color: #0000ff</code></rendition><rendition xml:id="textForSearch"><desc>transcriptional</desc><label>Søkbar tekst</label><code rend="rectangle" lang="text/css">color: #000000</code></rendition></tagsDecl><appInfo>
     <application ident="ImageMarkupTool01" version="1.8.1.4" notAfter="2010-01-27T11:53:09">
     <label>
     Image Markup Tool</label><desc>
     Tool for annotating images using TEI</desc><ref type="appURI" target="http://www.tapor.uvic.ca/~mholmes/image_markup/">
     </ref><ptr target="#imtAnnotatedImage"></ptr><ptr target="#imtImageAnnotations"></ptr><ptr target="#imtAnnotationCategories"></ptr></application>
     
     
     </appInfo></encodingDesc>
</teiHeader>
 <facsimile xml:id="imtAnnotatedImage"><surface><graphic url="No-MM_N0033-03.jpg" width="2704px" height="4064px"></graphic><zone xml:id="imtArea_0" rendition="transcription" ulx="44" uly="354" lrx="2470" lry="3122" rend="visible"></zone></surface></facsimile>
 <text>
  <body>
   <div xml:id="imtImageAnnotations"><div corresp="#imtArea_0" type="imtAnnotation"><head>&#x00A0;</head><div>
    <p>Der skulde ikke længer <add place="supralinear">(bare<del rend="overwritten">?</del>))</add> males interieurer, <del rend="overstrike">og</del>
    <lb/>folk som læser og kvinner som strikker</p>
    <p>Det skulde være levende mennesker som
    <lb/>puster og føler, lider og elsker</p>
    <p>Jeg følte jeg skulde gjøre dette &#x2013; det skulde
     <lb/>gå så let &#x2013; Kjødet skulde forme sig og
     <lb/>farverne leve &#x2013;</p>
    <p>Der blev pause &#x2013; musikken hørte op</p>
    <p>Jeg var lidt trist</p>
    <p>Jeg husket hvor mange <del rend="overstrike">jeg</del> gange jeg før havde
     <lb/>følt noget lignende &#x2013; og når jeg havde
     <lb/>gjort <del rend="overstrike">det</del> billedet færdi &#x2013; rystede man på
    <lb/>hode og <del rend="overstrike"><gap/></del> smilte</p>
    <p>Jeg var atter ute på den blå <placeName key="pl408">Boulevard
     <lb/>des Italiens</placeName> &#x2013; med de hvite elektriske
     <lb/>lamper og de gule gasblus &#x2013; <del rend="overwritten">m</del>og med de
    <lb/>tusinde fremmede ansikter der så så spøgelses-
    <lb/>agtige ut i det elektriske lys &#x2013;</p>
   </div></div></div>
  </body>
 </text>
</TEI>
