<?xml version="1.0" encoding="UTF-8"?>
<!DOCTYPE TEI PUBLIC "-//TEI P5 MunchTEI//DTD TEI P5 Unified for Edvard Munch's Texts//EN" "file:/O:/Munchs tekster/Transkripsjoner/MunchTEI.dtd" >
<TEI xmlns="http://www.tei-c.org/ns/1.0" version="5.0" xml:id="No-MM_N0074-00-01r">
<teiHeader>
 <fileDesc>
<titleStmt>
<title>No-MM_N0074-00-01r.jpg</title>
</titleStmt>

<publicationStmt>
<p></p>
</publicationStmt>
<sourceDesc>
<p>2704 x 4064</p>
</sourceDesc>
 </fileDesc>
 <encodingDesc>


 
  <tagsDecl xml:id="imtAnnotationCategories"><rendition xml:id="transcription"><label>Contains the transcribed and TEI P5 encoded text of the objects</label><code rend="rectangle" lang="text/css">color: #ff0000</code></rendition><rendition xml:id="commentary"><label>Kommentarer</label><code rend="rectangle" lang="text/css">color: #00ff00</code></rendition><rendition xml:id="philologicalNotes"><label>Edisjonsfilologiske noter</label><code rend="rectangle" lang="text/css">color: #0000ff</code></rendition><rendition xml:id="textForSearch"><desc>transcriptional</desc><label>Søkbar tekst</label><code rend="rectangle" lang="text/css">color: #000000</code></rendition></tagsDecl><appInfo>
     <application ident="ImageMarkupTool01" version="1.8.1.3" notAfter="2009-03-25T16:54:24">
     <label>
     Image Markup Tool</label><desc>
     Tool for annotating images using TEI</desc><ref type="appURI" target="http://www.tapor.uvic.ca/~mholmes/image_markup/">
     </ref><ptr target="#imtAnnotatedImage"></ptr><ptr target="#imtImageAnnotations"></ptr><ptr target="#imtAnnotationCategories"></ptr></application>
     
     
     </appInfo></encodingDesc>
</teiHeader>
 <facsimile xml:id="imtAnnotatedImage"><surface><graphic url="No-MM_N0074-00-01r.jpg" width="2704px" height="4064px"></graphic><zone xml:id="imtArea_0" rendition="transcription" ulx="314" uly="445" lrx="2509" lry="3431" rend="visible"></zone></surface></facsimile>
 <text>
  <body>
   <div xml:id="imtImageAnnotations"><div corresp="#imtArea_0" type="imtAnnotation"><head>&#x00A0;</head><div>
    <p>Jeg malte billeder efter billeder
    <lb/>efter de in tryk jeg i bevægede 
    <lb/>øieblikke havde fåt i mit øie &#x2013;
    <lb/>malte <del rend="overstrike">det</del> de linier og farver jeg 
    <lb/>havde siddende på <del rend="overstrike">baksiden</del> mit 
    <lb/><del rend="overstrike">af m</del> indre øie &#x2013; på <del rend="overstrike">netine</del> 
    <lb/>nethinden &#x2013;</p>
    <p>Jeg malte da blot det jeg erindret 
    <lb/>uten at føie noget til &#x2013; uten 
    <lb/>enkeltheder jeg ikke længer så 
    <lb/>&#x2013; Deraf <del rend="overstrike"><gap/></del> enkeltheden ved 
    <lb/>billederne &#x2013; den tilsyneladende 
    <lb/>tomhed &#x2013;</p>
    <p>Jeg malte intryk fra 
    <lb/>barnetiden &#x2013; De utviskede farver fra 
    <lb/>den tid &#x2013;</p>
    <p>Ved at male de farver og linier 
    <lb/>og former jeg i e<del rend="overwritten">t</del>n bevæget stemning 
    <lb/>havde set &#x2013; vilde jeg atter som 
    <lb/>i en fonograf få den bevægede 
    <lb/>stemning til atter at dirre frem &#x2013;</p>
    <p>Slig opstod billederne i livsfrisen</p>
    </div></div></div>
  </body>
 </text>
</TEI>
