<?xml version="1.0" encoding="UTF-8"?>
<!DOCTYPE TEI PUBLIC "-//TEI P5 MunchTEI//DTD TEI P5 Unified for Edvard Munch's Texts//EN" "file:/O:/Munchs tekster/Transkripsjoner/MunchTEI.dtd">
<TEI xmlns="http://www.tei-c.org/ns/1.0" version="5.0" xml:id="No-MM_N0116_1v">
<teiHeader>
 <fileDesc>
<titleStmt>
<title>No-MM_N0116-00-01v.jpg</title>
</titleStmt>

<publicationStmt>
<p></p>
</publicationStmt>
<sourceDesc>
<p>2704 x 4064</p>
</sourceDesc>
 </fileDesc>
 <encodingDesc>


 <tagsDecl xml:id="imtAnnotationCategories"><rendition xml:id="transcription"><desc>transcriptional</desc><label>Contains the transcribed and TEI P5 encoded text of the objects</label><code rend="rectangle" lang="text/css">color: #ff0000</code></rendition><rendition xml:id="commentary"><label>Comments</label><code rend="rectangle" lang="text/css">color: #00ff00</code></rendition><rendition xml:id="philologicalNotes"><label>Editorial notes</label><code rend="rectangle" lang="text/css">color: #0000ff</code></rendition></tagsDecl><appInfo>
     <application ident="ImageMarkupTool01" version="1.8.1.3" notAfter="2009-05-05T22:48:52">
     <label>
     Image Markup Tool</label><desc>
     Tool for annotating images using TEI</desc><ref type="appURI" target="http://www.tapor.uvic.ca/~mholmes/image_markup/">
     </ref><ptr target="#imtAnnotatedImage"></ptr><ptr target="#imtImageAnnotations"></ptr><ptr target="#imtAnnotationCategories"></ptr></application>
     
     
     </appInfo></encodingDesc>
</teiHeader>
 <facsimile xml:id="imtAnnotatedImage"><surface><graphic url="No-MM_N0116-00-01v.jpg" width="700px" height="1052px"></graphic><zone xml:id="imtArea_0" rendition="transcription" ulx="34" uly="132" lrx="666" lry="938" rend="visible"></zone></surface></facsimile>
<text>
 <body>
<div xml:id="imtImageAnnotations"><div facs="#imtArea_0" type="imtAnnotation"><head>&#x00A0;</head>
 <div>
  <p rend="extraAir">Klokken var 7 træt standsede
   <lb/>han ved torvet hvorfor Han vidste ikke
   <lb/>be<del rend="overwritten">t</del>stemt hvorfor han gjorde det &#x2013; <del rend="overstrike">Atter og atter
    <lb/>k</del> På sine spadserture kom han altid tilbage
   <lb/>til de steder hvor hun <del rend="overstrike">va</del> pleiede at gå
   <lb/>og det var på hendes tid. Men han vidste
   <lb/>jo så godt det ikke vilde han jo <gap reason="writing"></gap> <gap reason="writing"></gap>
   <lb/>før så mange gange truffet hende og
   <lb/><del rend="overstrike">Men det var hende</del>
   <lb/>Gaslygterne flimrede i blæsten <del rend="overstrike">Det var</del> hin lørdag
   <lb/>eftermiddag <del rend="overstrike">folk</del> og der var mange mennesker ude
   <lb/>Opover <placeName key="pl149">Karl Johan</placeName> myldrede det af paraplyer
   <lb/><del rend="overstrike">og</del> der skjøndsomt passerte <gap reason="writing"/> hverandre Der
   <lb/>og så sig om<seg type="interpunctionalSpace"/>han havde jo ingen at se efter
   <lb/>På denne tid pleiede hun at komme
   <lb/>til ham på atelie<unclear reason="writing">ret</unclear></p>
  <p>Han kjendte langt <del rend="overstrike">på</del> borte den
   <lb/>ene af de to kvinder vidste han var
   <lb/>hende<seg type="interpunctionalSpace"/>Hjerte banket voldsomt<seg type="interpunctionalSpace"/>Han <del rend="overstrike">vo</del> hver
   <lb/>gang <del rend="overstrike">ha</del> at han i hendes sku<gap reason="writing"></gap>
   <lb/>Han måtte tale med</p>
  <p>Hvor skal i <unclear reason="coveredByDrawing">hen? hun</unclear> <gap reason="writing"/> gjorde sin stemme
   <lb/>munter. Hjem</p></div></div></div>
</body>
</text>
</TEI>