<?xml version="1.0" encoding="UTF-8"?>
<!DOCTYPE TEI PUBLIC "-//TEI P5 MunchTEI//DTD TEI P5 Unified for Edvard Munch's Texts//EN" "file:/O:/Munchs tekster/Transkripsjoner/MunchTEI.dtd" >
<TEI xmlns="http://www.tei-c.org/ns/1.0" version="5.0" xml:id="No-MM_N0084-03">
<teiHeader>
 <fileDesc>
<titleStmt>
<title>No-MM_N0084-03.jpg</title>
</titleStmt>

<publicationStmt>
<p></p>
</publicationStmt>
<sourceDesc>
<p>2704 x 4064</p>
</sourceDesc>
 </fileDesc>
 <encodingDesc>


 
  <tagsDecl xml:id="imtAnnotationCategories"><rendition xml:id="transcription"><label>Contains the transcribed and TEI P5 encoded text of the objects</label><code rend="rectangle" lang="text/css">color: #ff0000</code></rendition><rendition xml:id="commentary"><label>Kommentarer</label><code rend="rectangle" lang="text/css">color: #00ff00</code></rendition><rendition xml:id="philologicalNotes"><label>Edisjonsfilologiske noter</label><code rend="rectangle" lang="text/css">color: #0000ff</code></rendition><rendition xml:id="textForSearch"><desc>transcriptional</desc><label>Søkbar tekst</label><code rend="rectangle" lang="text/css">color: #000000</code></rendition></tagsDecl><appInfo>
     <application ident="ImageMarkupTool01" version="1.8.1.3" notAfter="2009-03-27T10:25:47">
     <label>
     Image Markup Tool</label><desc>
     Tool for annotating images using TEI</desc><ref type="appURI" target="http://www.tapor.uvic.ca/~mholmes/image_markup/">
     </ref><ptr target="#imtAnnotatedImage"></ptr><ptr target="#imtImageAnnotations"></ptr><ptr target="#imtAnnotationCategories"></ptr></application>
     
     
     </appInfo></encodingDesc>
</teiHeader>
 <facsimile xml:id="imtAnnotatedImage"><surface><graphic url="No-MM_N0084-03.jpg" width="2704px" height="4064px"></graphic><zone xml:id="imtArea_0" rendition="transcription" ulx="68" uly="425" lrx="2549" lry="3797" rend="visible"></zone></surface></facsimile>
 <text>
  <body>
   <div xml:id="imtImageAnnotations"><div corresp="#imtArea_0" type="imtAnnotation"><head>&#x00A0;</head><div>
    <p>Da <orgName key="i101">Aftenposten</orgName> <del rend="overwritten"><gap/></del>der 
    <lb/>ironisk nok er prisbelønnet
    <lb/>med S Olavs orden for Kunst og bilder
    <lb/><add place="inBetweenLines">(Det må vel være som Kunstens gjødselsbærer)</add>
    <lb/><orgName key="i79">Morgenbladet</orgName> (andre <del rend="overwritten">b</del>Blad 
    <lb/>har ikke giddet at referere 
    <lb/>nogen for Maler er ikke det 
    <lb/>samme som Sangerinde
    <lb/>Skuespiller og Forfater) <del rend="overwritten">s</del>har <del rend="overstrike">ladet</del> 
    <lb/><del rend="overwritten">det <gap/></del>bestræbt sig for at <del rend="overstrike">la</del> 
    <lb/><del rend="overstrike">det</del> <del rend="overwritten">fo</del>Folk til at tro min 
    <lb/>Udstilling i <placeName key="pl22">Kjøbenhavn</placeName> 
    <lb/>var ren Fiasko idet 
    <lb/><del rend="overwritten"><gap/></del>der <del rend="overwritten"><gap/></del>er fremhævet en ubetydelig 
    <lb/>dansk Malers Galde der 
    <lb/>udgyedes efter Udstillingens 
    <lb/>Lukning <del rend="overwritten"><gap/></del>skal jeg be</p>      
   </div></div></div>
  </body>
 </text>
</TEI>