<?xml version="1.0" encoding="UTF-8"?>
<!DOCTYPE TEI PUBLIC "-//TEI P5 MunchTEI//DTD TEI P5 Unified for Edvard Munch's Texts//EN" "file:/O:/Munchs tekster/Transkripsjoner/MunchTEI.dtd" >
<TEI xmlns="http://www.tei-c.org/ns/1.0" version="5.0" xml:id="No-MM_N0132-00-01r">
<teiHeader>
 <fileDesc>
<titleStmt>
<title>No-MM_N0132-00-01r.jpg</title>
</titleStmt>

<publicationStmt>
<p></p>
</publicationStmt>
<sourceDesc>
<p>2704 x 4064</p>
</sourceDesc>
 </fileDesc>
 <encodingDesc>


 
  <tagsDecl xml:id="imtAnnotationCategories"><rendition xml:id="transcription"><label>Contains the transcribed and TEI P5 encoded text of the objects</label><code rend="rectangle" lang="text/css">color: #ff0000</code></rendition><rendition xml:id="commentary"><label>Kommentarer</label><code rend="rectangle" lang="text/css">color: #00ff00</code></rendition><rendition xml:id="philologicalNotes"><label>Edisjonsfilologiske noter</label><code rend="rectangle" lang="text/css">color: #0000ff</code></rendition><rendition xml:id="textForSearch"><desc>transcriptional</desc><label>Søkbar tekst</label><code rend="rectangle" lang="text/css">color: #000000</code></rendition></tagsDecl><appInfo>
     <application ident="ImageMarkupTool01" version="1.8.1.3" notAfter="2009-04-20T14:40:52">
     <label>
     Image Markup Tool</label><desc>
     Tool for annotating images using TEI</desc><ref type="appURI" target="http://www.tapor.uvic.ca/~mholmes/image_markup/">
     </ref><ptr target="#imtAnnotatedImage"></ptr><ptr target="#imtImageAnnotations"></ptr><ptr target="#imtAnnotationCategories"></ptr></application>
     
     
     </appInfo></encodingDesc>
</teiHeader>
 <facsimile xml:id="imtAnnotatedImage"><surface><graphic url="No-MM_N0132-00-01r.jpg" width="2704px" height="4064px"></graphic><zone xml:id="imtArea_0" rendition="transcription" ulx="533" uly="835" lrx="1456" lry="1018" rend="visible"></zone><zone xml:id="imtArea_1" rendition="transcription" ulx="175" uly="1547" lrx="2752" lry="3484" rend="visible"></zone><zone xml:id="imtArea_2" rendition="commentary" ulx="736" uly="951" lrx="1408" lry="1495" rend="visible"></zone><zone xml:id="imtArea_3" rendition="commentary" ulx="1014" uly="1937" lrx="1722" lry="3659" rend="visible"></zone></surface></facsimile>
 <text>
  <body>
   <div xml:id="imtImageAnnotations"><div corresp="#imtArea_0" type="imtAnnotation"><head>&#x00A0;</head><div>
    <p>En yndig blomst</p>
   </div></div><div corresp="#imtArea_1" type="imtAnnotation"><head>&#x00A0;</head><div>
    <p>Jeg <del rend="overstrike">ki</del> gik i vårdrømme i
    <lb/>Parken og ser på blomsterne &#x2013;
    <lb/>en sjelden blomst fanger mit
    <lb/>blik og holder det fast &#x2013; Endelig
    <lb/>v<del rend="overwritten"><gap/></del>ogner jeg op og opdager at det
    <lb/>er et knæ og ennu mer af det
    <lb/>ulovlige <del rend="overstrike">d</del> kvinden besidder &#x2013; <del rend="overstrike">altså</del> Det
    <lb/>var en del af en yndig kvindes legeme
    <lb/>alts.</p>
    <p>Slig går
    <lb/><del rend="overwritten">D</del>damerne her
    <lb/>i <del rend="overstrike">N</del> kjærlighed
    <lb/>til næsten &#x2013;</p>
    
   </div></div><div corresp="#imtArea_2" type="imtAnnotation"><head>Tegning</head><div></div></div><div corresp="#imtArea_3" type="imtAnnotation"><head>Tegning</head><div></div></div></div>
  </body>
 </text>
</TEI>