<?xml version="1.0" encoding="UTF-8"?>
<!DOCTYPE TEI PUBLIC "-//TEI P5 MunchTEI//DTD TEI P5 Unified for Edvard Munch's Texts//EN" "file:/O:/Munchs tekster/Transkripsjoner/MunchTEI.dtd" >
<TEI xmlns="http://www.tei-c.org/ns/1.0" version="5.0" xml:id="No-MM_N0105-02">
<teiHeader>
 <fileDesc>
<titleStmt>
<title>No-MM_N0105-02.jpg</title>
</titleStmt>

<publicationStmt>
<p></p>
</publicationStmt>
<sourceDesc>
<p>2704 x 4064</p>
</sourceDesc>
 </fileDesc>
 <encodingDesc>


 
  <tagsDecl xml:id="imtAnnotationCategories"><rendition xml:id="transcription"><label>Contains the transcribed and TEI P5 encoded text of the objects</label><code rend="rectangle" lang="text/css">color: #ff0000</code></rendition><rendition xml:id="commentary"><label>Kommentarer</label><code rend="rectangle" lang="text/css">color: #00ff00</code></rendition><rendition xml:id="philologicalNotes"><label>Edisjonsfilologiske noter</label><code rend="rectangle" lang="text/css">color: #0000ff</code></rendition><rendition xml:id="textForSearch"><desc>transcriptional</desc><label>Søkbar tekst</label><code rend="rectangle" lang="text/css">color: #000000</code></rendition></tagsDecl><appInfo>
     <application ident="ImageMarkupTool01" version="1.8.1.3" notAfter="2009-04-03T12:00:18">
     <label>
     Image Markup Tool</label><desc>
     Tool for annotating images using TEI</desc><ref type="appURI" target="http://www.tapor.uvic.ca/~mholmes/image_markup/">
     </ref><ptr target="#imtAnnotatedImage"></ptr><ptr target="#imtImageAnnotations"></ptr><ptr target="#imtAnnotationCategories"></ptr></application>
     
     
     </appInfo></encodingDesc>
</teiHeader>
 <facsimile xml:id="imtAnnotatedImage"><surface><graphic url="No-MM_N0105-02.jpg" width="2704px" height="4064px"></graphic><zone xml:id="imtArea_0" rendition="transcription" ulx="370" uly="219" lrx="2629" lry="3909" rend="visible"></zone></surface></facsimile>
 <text>
  <body>
   <div xml:id="imtImageAnnotations"><div corresp="#imtArea_0" type="imtAnnotation"><head>&#x00A0;</head><div>
    <p rend="noIndent">skrive &#x2013; han <del rend="overstrike">vidste</del> turde
    <lb/>ikke &#x2013; hun hadde forbudt
    <lb/>ham det &#x2013;</p>
    <p>At han han kunde <del rend="overstrike">ha</del>
    <lb/>reist fra hende &#x2013; Hun
    <lb/>hadde bedt ham bli &#x2013;</p>
    <p>Så <del rend="overstrike">var</del> kom hun <del rend="overstrike">m</del>
    <lb/>han stod bag et vindu
    <lb/>&#x2013; så hende komme &#x2013; han
    <lb/>var lykkelig<seg type="interpunctionalSpace"/>nu skulde
    <lb/>han træffe hende på
    <lb/><placeName key="pl149">Karl<del rend="overwritten">jo</del>Johan</placeName> &#x2013;</p>
    <p>Hele dagen var han
    <lb/>på gaden eller på <orgName key="i83">Grand</orgName>
    <lb/>og <del rend="overwritten"><gap/></del>den næste formiddag &#x2013;</p>
    <p>Ved middagstider var
    <lb/>hun der ikke <del rend="overstrike">han var</del>
    <lb/>skulde han gå hjem uden
    <lb/>at <del rend="overwritten"><gap/></del>se hende</p>
    <p>Så følte han hende
    <lb/>komme mod sig &#x2013; sammen</p>
    </div></div></div>
  </body>
 </text>
</TEI>
