<?xml version="1.0" encoding="UTF-8"?>
<!DOCTYPE TEI PUBLIC "-//TEI P5 MunchTEI//DTD TEI P5 Unified for Edvard Munch's Texts//EN" "file:/O:/Munchs tekster/Transkripsjoner/MunchTEI.dtd" >
<TEI xmlns="http://www.tei-c.org/ns/1.0" version="5.0" xml:id="No-MM_N0021-02">
<teiHeader>
 <fileDesc>
<titleStmt>
<title>No-MM_N0021-02.jpg</title>
</titleStmt>

<publicationStmt>
<p></p>
</publicationStmt>
<sourceDesc>
<p>2704 x 4064</p>
</sourceDesc>
 </fileDesc>
 <encodingDesc>


 
  <tagsDecl xml:id="imtAnnotationCategories"><rendition xml:id="transcription"><label>Contains the transcribed and TEI P5 encoded text of the objects</label><code rend="rectangle" lang="text/css">color: #ff0000</code></rendition><rendition xml:id="commentary"><label>Kommentarer</label><code rend="rectangle" lang="text/css">color: #00ff00</code></rendition><rendition xml:id="philologicalNotes"><label>Edisjonsfilologiske noter</label><code rend="rectangle" lang="text/css">color: #0000ff</code></rendition><rendition xml:id="textForSearch"><desc>transcriptional</desc><label>Søkbar tekst</label><code rend="rectangle" lang="text/css">color: #000000</code></rendition></tagsDecl><appInfo>
     <application ident="ImageMarkupTool01" version="1.8.1.2" notAfter="2009-03-17T16:08:47">
     <label>
     Image Markup Tool</label><desc>
     Tool for annotating images using TEI</desc><ref type="appURI" target="http://www.tapor.uvic.ca/~mholmes/image_markup/">
     </ref><ptr target="#imtAnnotatedImage"></ptr><ptr target="#imtImageAnnotations"></ptr><ptr target="#imtAnnotationCategories"></ptr></application>
     
     
     </appInfo></encodingDesc>
</teiHeader>
 <facsimile xml:id="imtAnnotatedImage"><surface><graphic url="No-MM_N0021-02.jpg" width="2704px" height="4064px"></graphic><zone xml:id="imtArea_0" rendition="transcription" ulx="188" uly="200" lrx="2592" lry="3876" rend="visible"></zone></surface></facsimile>
 <text>
  <body>
   <div xml:id="imtImageAnnotations"><div corresp="#imtArea_0" type="imtAnnotation"><head>&#x00A0;</head><div>
    <p rend="noIndent">indimellem palmer <del rend="overstrike">og</del> og oranger &#x2013;
     <lb/>og <del rend="overwritten">så</del>man spør hvem <del rend="overwritten"><gap/></del>bor der &#x2013;
    <lb/>s<del rend="overwritten">om</del>å får man vide at 
    <lb/>her bor en <gap reason="scribble"/> indisk Prins 
     <lb/>&#x2013; eller en russi<del rend="overwritten">g</del>sk fyrstinde &#x2013;
     <lb/>&#x2013; eller der nævnes et navn 
    <lb/>som man <del rend="overstrike">har</del> <del rend="overstrike">hørt</del> fra 
     <lb/>barn af har hørt berømme &#x2013;</p>
    <p>Og <placeName key="pl124">Monaco</placeName> &#x2013; det lille
     <lb/>forunderlige rige &#x2013; med 
    <lb/>den lille forunderlige eventyr
     <lb/>by &#x2013; <add place="inBetweenLines">Se det er <del rend="overstrike">afte</del> måneskinsaften
    <lb/>fra <placeName key="pl108">Monte Carlo</placeName></add>
     <lb/>&#x2013; fyrstens palads på <del rend="overstrike">h</del> klippen 
     <lb/>derborte &#x2013; <del rend="overstrike">som en g gammel</del>
     <lb/><add place="inBetweenLines"><del><gap/></del> strålende <del rend="overstrike">oplyst</del> &#x2013; med lysende lys</add> 
     <lb/>med tårne og ringmure &#x2013; og nedenunder
    <lb/><del rend="overstrike">er det <gap/></del> <del rend="overstrike">husene</del> byen <del rend="overstrike">hvis <unclear>ens</unclear>
    <lb/>lyser</del> mystisk i <del rend="overstrike"><gap/></del>
     <lb/>det blålige månedis &#x2013; under 
     <lb/>de høie fjelle &#x2013; og <add place="supralinear"><unclear reason="writing">over dig</unclear></add> <del rend="overstrike">S</del>op mod 
    <lb/>luften rage i spillebankens</p>
    </div></div></div>
  </body>
 </text>
</TEI>
