<?xml version="1.0" encoding="UTF-8"?>
<!DOCTYPE TEI PUBLIC "-//TEI P5 MunchTEI//DTD TEI P5 Unified for Edvard Munch's Texts//EN" "file:/O:/Munchs tekster/Transkripsjoner/MunchTEI.dtd" >
<TEI xmlns="http://www.tei-c.org/ns/1.0" version="5.0" xml:id="No-MM_N0003-00-01r">
<teiHeader>
 <fileDesc>
<titleStmt>
<title>No-MM_N0003-00-01r.jpg</title>
</titleStmt>

<publicationStmt>
<p></p>
</publicationStmt>
<sourceDesc>
<p>2704 x 4064</p>
</sourceDesc>
 </fileDesc>
 <encodingDesc>


 
  <tagsDecl xml:id="imtAnnotationCategories"><rendition xml:id="transcription"><label>Contains the transcribed and TEI P5 encoded text of the objects</label><code rend="rectangle" lang="text/css">color: #ff0000</code></rendition><rendition xml:id="commentary"><label>Kommentarer</label><code rend="rectangle" lang="text/css">color: #00ff00</code></rendition><rendition xml:id="philologicalNotes"><label>Edisjonsfilologiske noter</label><code rend="rectangle" lang="text/css">color: #0000ff</code></rendition><rendition xml:id="textForSearch"><desc>transcriptional</desc><label>Søkbar tekst</label><code rend="rectangle" lang="text/css">color: #000000</code></rendition></tagsDecl><appInfo>
     <application ident="ImageMarkupTool01" version="1.8.1.2" notAfter="2009-03-13T10:54:28">
     <label>
     Image Markup Tool</label><desc>
     Tool for annotating images using TEI</desc><ref type="appURI" target="http://www.tapor.uvic.ca/~mholmes/image_markup/">
     </ref><ptr target="#imtAnnotatedImage"></ptr><ptr target="#imtImageAnnotations"></ptr><ptr target="#imtAnnotationCategories"></ptr></application>
     
     
     </appInfo></encodingDesc>
</teiHeader>
 <facsimile xml:id="imtAnnotatedImage"><surface><graphic url="No-MM_N0003-00-01r.jpg" width="2704px" height="4064px"></graphic><zone xml:id="imtArea_0" rendition="transcription" ulx="172" uly="336" lrx="2544" lry="3736" rend="visible"></zone></surface></facsimile>
 <text>
  <body>
   <div xml:id="imtImageAnnotations"><div corresp="#imtArea_0" type="imtAnnotation"><head>&#x00A0;</head><div>
    <p><placeName key="pl70">Nizz</placeName> <del rend="overwritten"><gap/></del>er Glædens, sundhedens og skjønhedens 
    <lb/>by.</p>
    <p>Rundt om i <placeName key="pl100">Europa</placeName> er der 
     <lb/>siberisk kulde &#x2013; der meldes 
    <lb/>om <del rend="overstrike">st</del> snestorme i <placeName key="pl111">Algier</placeName> og 
    <lb/><placeName key="pl90">Italien</placeName> og fra <placeName key="pl112">Toulon</placeName> og 
    <lb/><placeName key="pl113">Marseille</placeName> <del rend="overstrike">og</del> <del rend="overstrike">b</del> om børn
    <lb/>ihjæ<add place="supralinear">l</add>frosne på gaderne.</p>
    <p>Imedens sidder jeg her i 
    <lb/><placeName key="pl70">Nizza</placeName> for åbne vinduer og 
    <lb/>soler mig. Januar har 
    <lb/>været en række solskinsdage 
    <lb/><del rend="overwritten"><gap/></del>varme som i Juni.</p>
    <p>La belle <placeName key="pl70">Nice</placeName>, <placeName key="pl114">Middelhavets</placeName> 
    <lb/>dronning har aldrig været mere 
    <lb/>strålende skjøn.</p>
    <p><del rend="overstrike">Br</del> <placeName key="pl115">Promenade des Anglais</placeName> 
    <lb/>ligger blændende i middagssolen 
    <lb/>med <del rend="overwritten">s</del>havet på den ene side og 
    <lb/>en uendelig række af hoteller og 
     <lb/>villaer på den anden &#x2013;</p>
    <p>Der vrimler af folk &#x2013; det lyser</p> 
    </div></div></div>
  </body>
 </text>
</TEI>
