<?xml version="1.0" encoding="UTF-8"?>
<!DOCTYPE TEI PUBLIC "-//TEI P5 MunchTEI//DTD TEI P5 Unified for Edvard Munch's Texts//EN" "file:/O:/Munchs tekster/Transkripsjoner/MunchTEI.dtd" >
<TEI xmlns="http://www.tei-c.org/ns/1.0" version="5.0" xml:id="No-MM_N0033-05">
<teiHeader>
 <fileDesc>
<titleStmt>
<title>No-MM_N0033-05.jpg</title>
</titleStmt>

<publicationStmt>
<p></p>
</publicationStmt>
<sourceDesc>
<p>2704 x 4064</p>
</sourceDesc>
 </fileDesc>
 <encodingDesc>


 
  <tagsDecl xml:id="imtAnnotationCategories"><rendition xml:id="transcription"><label>Contains the transcribed and TEI P5 encoded text of the objects</label><code rend="rectangle" lang="text/css">color: #ff0000</code></rendition><rendition xml:id="commentary"><label>Kommentarer</label><code rend="rectangle" lang="text/css">color: #00ff00</code></rendition><rendition xml:id="philologicalNotes"><label>Edisjonsfilologiske noter</label><code rend="rectangle" lang="text/css">color: #0000ff</code></rendition><rendition xml:id="textForSearch"><desc>transcriptional</desc><label>Søkbar tekst</label><code rend="rectangle" lang="text/css">color: #000000</code></rendition></tagsDecl><appInfo>
     <application ident="ImageMarkupTool01" version="1.8.1.4" notAfter="2010-04-20T14:13:04">
     <label>
     Image Markup Tool</label><desc>
     Tool for annotating images using TEI</desc><ref type="appURI" target="http://www.tapor.uvic.ca/~mholmes/image_markup/">
     </ref><ptr target="#imtAnnotatedImage"></ptr><ptr target="#imtImageAnnotations"></ptr><ptr target="#imtAnnotationCategories"></ptr></application>
     
     
     </appInfo></encodingDesc>
</teiHeader>
 <facsimile xml:id="imtAnnotatedImage"><surface><graphic url="No-MM_N0033-05.jpg" width="2704px" height="4064px"></graphic><zone xml:id="imtArea_0" rendition="transcription" ulx="386" uly="600" lrx="2354" lry="3010" rend="visible"></zone></surface></facsimile>
 <text>
  <body>
   <div xml:id="imtImageAnnotations"><div corresp="#imtArea_0" type="imtAnnotation"><head>&#x00A0;</head><div>
    <p rend="noIndent">skjønne drømme &#x2013; og den blø<del rend="overwritten">d</del><add place="inline" hand="EM2">t</add>e musik smeltet
     <lb/>sammen med farverne. Alle disse farver &#x2013; kulis-
     <lb/>serne med de grønne palmer og blaagraa vand &#x2013; 
     <lb/>de stærke farver i rumænernes drakter &#x2013; i den 
     <lb/>blaagraa dis.</p>
    <p>Musikken og farverne fanget mine tanker. De
    <lb/>fulgte med de lette skyer og baares av de bløte
    <lb/>toner ind i en verden av glade lyse drømme. &#x2013;</p>
    <p>Jeg skulde gjøre noget &#x2013; jeg følte det vilde
     <lb/>gaa saa let &#x2013; det skulde forme sig under mine
     <lb/>hænder som ved et trylleri. &#x2013;</p>
    <p>Saa skulde de faa se. &#x2013;</p>
    <p>En stærk nøken arm &#x2013; en brun kraftig nakke &#x2013;
    <lb/>op til det hvælvede bryst lægger en ung kvinde
    <lb/>sit hoved. &#x2013;</p>
    <p>Hun lukker øinene og lytter med aapen bæ-
    <lb/>vende mund til de ord han hvisker ind i hendes
    <lb/>lange utslaatte haar.</p>
    <p>Jeg skulde forme det slik jeg nu saa det men
    <lb/>i den blaa dis. &#x2013;</p>
    <p>Disse to i det øieblik de ikke er sig selv med
    <lb/>kun et led av de tusener slægtsled der knytter
    <lb/>slægter til slægter. &#x2013;</p>
    <p>Folk skulde forstaa det hellige, det mægtige
    <lb/>ved det og de skulde ta av sig hatten som i 
    <lb/>en kirke. &#x2013;</p>
    <lb/><fw type="page">4</fw>
   </div></div></div>
  </body>
 </text>
</TEI>
