<?xml version="1.0" encoding="UTF-8"?>
<!DOCTYPE TEI PUBLIC "-//TEI P5 MunchTEI//DTD TEI P5 Unified for Edvard Munch's Texts//EN" "file:/O:/Munchs tekster/Transkripsjoner/MunchTEI.dtd" >
<TEI xmlns="http://www.tei-c.org/ns/1.0" version="5.0" xml:id="No-MM_N0019-02">
<teiHeader>
 <fileDesc>
<titleStmt>
<title>No-MM_N0019-02.jpg</title>
</titleStmt>

<publicationStmt>
<p></p>
</publicationStmt>
<sourceDesc>
<p>2704 x 4064</p>
</sourceDesc>
 </fileDesc>
 <encodingDesc>


 
  <tagsDecl xml:id="imtAnnotationCategories"><rendition xml:id="transcription"><label>Contains the transcribed and TEI P5 encoded text of the objects</label><code rend="rectangle" lang="text/css">color: #ff0000</code></rendition><rendition xml:id="commentary"><label>Kommentarer</label><code rend="rectangle" lang="text/css">color: #00ff00</code></rendition><rendition xml:id="philologicalNotes"><label>Edisjonsfilologiske noter</label><code rend="rectangle" lang="text/css">color: #0000ff</code></rendition><rendition xml:id="textForSearch"><desc>transcriptional</desc><label>Søkbar tekst</label><code rend="rectangle" lang="text/css">color: #000000</code></rendition></tagsDecl><appInfo>
     <application ident="ImageMarkupTool01" version="1.8.1.2" notAfter="2009-03-17T12:56:54">
     <label>
     Image Markup Tool</label><desc>
     Tool for annotating images using TEI</desc><ref type="appURI" target="http://www.tapor.uvic.ca/~mholmes/image_markup/">
     </ref><ptr target="#imtAnnotatedImage"></ptr><ptr target="#imtImageAnnotations"></ptr><ptr target="#imtAnnotationCategories"></ptr></application>
     
     
     </appInfo></encodingDesc>
</teiHeader>
 <facsimile xml:id="imtAnnotatedImage"><surface><graphic url="No-MM_N0019-02.jpg" width="2704px" height="4064px"></graphic><zone xml:id="imtArea_0" rendition="transcription" ulx="200" uly="212" lrx="2580" lry="3904" rend="visible"></zone></surface></facsimile>
 <text>
  <body>
   <div xml:id="imtImageAnnotations"><div corresp="#imtArea_0" type="imtAnnotation"><head>&#x00A0;</head><div>
    <p rend="noIndent">i stillheden &#x2013;
    <lb/>Faites le jeu messieurs	
    <lb/>Atter gulddynger på sort 
     <lb/>rød &#x2013; må dog komme igang
    <lb/><del rend="overstrike">Mange</del> noir <del rend="overwritten"><gap/></del>est <del rend="overstrike">manque</del> pas 
     <lb/><unclear reason="writing">peur</unclear> et manque &#x2013;
     <lb/><del rend="overstrike"><gap/></del> <del rend="overstrike">Og <gap/></del> Man råber &#x2013; af forbauselse 
     <lb/>&#x2013; man har en forunderli &#x2013; følelse 
    <lb/>af at dette bor er et mustisk 
     <lb/>væsen &#x2013;</p>
    <p>Croupieren &#x2013; gaber og skuffer 
     <lb/>guldyngerne <unclear><del rend="overstrike">til seg</del></unclear> roli til sig 
    <lb/>guldet og sølvet ligger <del rend="overwritten"><gap/></del>som lange 
    <lb/>glinsende orme <del rend="overstrike">ved si</del> foran ham
     <lb/>&#x2013; Man tør nu ikke længer
     <lb/>&#x2013; man har en forunderli følelse 
    <lb/>af at dette bor er et mystisk 
     <lb/>væsen &#x2013; Mange har osså 
     <lb/>tabt alt og går &#x2013;</p>
    <p>De to derborte &#x2013; sidder og ser 
     <lb/>ret hen for sig &#x2013; de har intet 
    <lb/><del rend="overstrike">mis f</del> ingen flere penger på bordet
    <lb/>Faites le jeu messieurs
     <lb/>&#x2013; <del rend="overwritten"><gap/></del>Der gik en trækning over
     <lb/><del rend="overstrike">ansigtet til manden &#x2013;</del></p>
    <p>1000 fr på sort robern</p>
    </div></div></div>
  </body>
 </text>
</TEI>
