<?xml version="1.0" encoding="UTF-8"?>
<!DOCTYPE TEI PUBLIC "-//TEI P5 MunchTEI//DTD TEI P5 Unified for Edvard Munch's Texts//EN" "file:/O:/Munchs tekster/Transkripsjoner/MunchTEI.dtd" >
<TEI xmlns="http://www.tei-c.org/ns/1.0" version="5.0" xml:id="No-MM_N0122-00-01v">
<teiHeader>
 <fileDesc>
<titleStmt>
<title>No-MM_N0122-00-01v.jpg</title>
</titleStmt>

<publicationStmt>
<p></p>
</publicationStmt>
<sourceDesc>
<p>2704 x 4064</p>
</sourceDesc>
 </fileDesc>
 <encodingDesc>


 
  <tagsDecl xml:id="imtAnnotationCategories"><rendition xml:id="transcription"><label>Contains the transcribed and TEI P5 encoded text of the objects</label><code rend="rectangle" lang="text/css">color: #ff0000</code></rendition><rendition xml:id="commentary"><label>Kommentarer</label><code rend="rectangle" lang="text/css">color: #00ff00</code></rendition><rendition xml:id="philologicalNotes"><label>Edisjonsfilologiske noter</label><code rend="rectangle" lang="text/css">color: #0000ff</code></rendition><rendition xml:id="textForSearch"><desc>transcriptional</desc><label>Søkbar tekst</label><code rend="rectangle" lang="text/css">color: #000000</code></rendition></tagsDecl><appInfo>
     <application ident="ImageMarkupTool01" version="1.8.1.3" notAfter="2009-04-15T14:11:07">
     <label>
     Image Markup Tool</label><desc>
     Tool for annotating images using TEI</desc><ref type="appURI" target="http://www.tapor.uvic.ca/~mholmes/image_markup/">
     </ref><ptr target="#imtAnnotatedImage"></ptr><ptr target="#imtImageAnnotations"></ptr><ptr target="#imtAnnotationCategories"></ptr></application>
     
     
     </appInfo></encodingDesc>
</teiHeader>
 <facsimile xml:id="imtAnnotatedImage"><surface><graphic url="No-MM_N0122-00-01v.jpg" width="2704px" height="4064px"></graphic><zone xml:id="imtArea_0" rendition="transcription" ulx="191" uly="441" lrx="2493" lry="3336" rend="visible"></zone></surface></facsimile>
 <text>
  <body>
   <div xml:id="imtImageAnnotations"><div corresp="#imtArea_0" type="imtAnnotation"><head>&#x00A0;</head><div>
    <p>Vår maledes lige <del rend="overstrike">ef</del> efter <date when="1887">1<del rend="overwritten"><gap/></del>887</date> (udstillet <date when="1889">1889</date>)
    <lb/>Jeg har kaldt <del rend="overstrike">afs</del> endeli afsked med
    <lb/><del rend="overstrike">n</del> impresionismen eller realismen &#x2013;</p>
    <p>Ved mit første pariserophold gjorde
    <lb/>jeg et par experimenter med den rendyrkede
    <lb/>pointilisme &#x2013; Blot farvepunkter &#x2013; <placeName key="pl149">Karl Johan</placeName>
    <lb/><orgName key="i143"><del rend="overwritten">b</del>Bergens galleri</orgName>. Det var en kort gjenoptagen
    <lb/>af min impresionisme &#x2013; Billedet fra <placeName key="pl184">rue La Fayette </placeName>
    <lb/><del rend="overstrike">havde</del> <add place="supralinear">var</add> <del rend="overwritten"><gap/></del>egentlig blot i motivet <del rend="overstrike"><gap/></del> fra <del rend="overstrike">de</del>
    <lb/>franske malere men jeg var jo i <placeName key="pl16">Paris</placeName> &#x2013;
    <lb/>De korte strøg i en retning havde jeg længe
    <lb/>benyttet i <placeName key="pl15">Norge</placeName> &#x2013; Livsfrisen fik mer og
    <lb/>mer plads i min produktion og <del rend="overstrike">den</del> jeg blev
    <lb/>jo osså støttet ved tidens strømninger i m<del rend="overwritten"><gap/></del>aleri
    <lb/>og literatur &#x2013; Symbolisme &#x2013; Liniernes forenkling
    <lb/>(udartet til jugendstil) jernkonstruktioner &#x2013; anelser om
    <lb/>hemmelighedsfulde straaler og æthersvingninger og bølger</p>
    <p>Mit første Pariserophold <add place="supralinear"><date when="1884">1884</date></add> 3 uger intreserte
    <lb/><persName key="pe1322">Velaskes</persName> mig meget &#x2013; (Hvorfor har <del rend="overstrike">aldri</del> man
    <lb/>ikke tænkt på <del rend="overwritten">m</del>at mine store portrætfigurer
    <lb/>havde noget hermed at gjøre?<del rend="overstrike">)</del></p>
    <p>Ligeledes har man aldri funnet på at
    <lb/>jeg allerede som ganske ung intresseret mig
    <lb/>levende for <persName key="pe878">Coutures</persName> studie af en hyrde i
    <lb/>vort galeri &#x2013; Den tynde <gap reason="writing"/> grund
    <lb/>og de stærke levende conturer interesseret mig meget &#x2013;</p>
    <p>Altså samme lærere som <persName key="pe856">Manet</persName>: <persName key="pe1322">Velasques</persName> og <persName key="pe878">Couture</persName>!</p>
    </div></div></div>
  </body>
 </text>
</TEI>