<?xml version="1.0" encoding="UTF-8"?>
<!DOCTYPE TEI PUBLIC "-//TEI P5 MunchTEI//DTD TEI P5 Unified for Edvard Munch's Texts//EN" "file:/O:/Munchs tekster/Transkripsjoner/MunchTEI.dtd" >
<TEI xmlns="http://www.tei-c.org/ns/1.0" version="5.0" xml:id="No-MM_N0102-01">
<teiHeader>
 <fileDesc>
<titleStmt>
<title>No-MM_N0102-01.jpg</title>
</titleStmt>

<publicationStmt>
<p></p>
</publicationStmt>
<sourceDesc>
<p>2704 x 4064</p>
</sourceDesc>
 </fileDesc>
 <encodingDesc>


 
  <tagsDecl xml:id="imtAnnotationCategories"><rendition xml:id="transcription"><label>Contains the transcribed and TEI P5 encoded text of the objects</label><code rend="rectangle" lang="text/css">color: #ff0000</code></rendition><rendition xml:id="commentary"><label>Kommentarer</label><code rend="rectangle" lang="text/css">color: #00ff00</code></rendition><rendition xml:id="philologicalNotes"><label>Edisjonsfilologiske noter</label><code rend="rectangle" lang="text/css">color: #0000ff</code></rendition><rendition xml:id="textForSearch"><desc>transcriptional</desc><label>Søkbar tekst</label><code rend="rectangle" lang="text/css">color: #000000</code></rendition></tagsDecl><appInfo>
     <application ident="ImageMarkupTool01" version="1.8.1.3" notAfter="2009-04-03T10:17:18">
     <label>
     Image Markup Tool</label><desc>
     Tool for annotating images using TEI</desc><ref type="appURI" target="http://www.tapor.uvic.ca/~mholmes/image_markup/">
     </ref><ptr target="#imtAnnotatedImage"></ptr><ptr target="#imtImageAnnotations"></ptr><ptr target="#imtAnnotationCategories"></ptr></application>
     
     
     </appInfo></encodingDesc>
</teiHeader>
 <facsimile xml:id="imtAnnotatedImage"><surface><graphic url="No-MM_N0102-01.jpg" width="2704px" height="4064px"></graphic><zone xml:id="imtArea_0" rendition="transcription" ulx="183" uly="493" lrx="2298" lry="3706" rend="visible"></zone></surface></facsimile>
 <text>
  <body>
   <div xml:id="imtImageAnnotations"><div corresp="#imtArea_0" type="imtAnnotation"><head>&#x00A0;</head><div>
    <p><ref type="lemma" target="co6">Brandt</ref> var på besøg
    <lb/>hos <persName key="pe188">Hertzberg</persName> &#x2013; De sto foran
    <lb/>noen lærreder &#x2013; Her ser du
    <lb/>at <del rend="overwritten"><gap/></del>jeg har malt me terpentin
    <lb/>Det er nokså godt &#x2013; ikke sant<seg type="interpunctionalSpace"/>tørt 
    <lb/><del rend="overwritten"><gap/></del>å behageli &#x2013; Jeg maler altid
    <lb/>me terpentin &#x2013; det er det eneste &#x2013;
    <lb/>Ikke sant det parti der &#x2013; er
    <lb/>er bra &#x2013; det er vist det beste
    <lb/>jeg har gjort &#x2013; vil bare male me
    <lb/>terpentin herefter &#x2013; har forresten
    <lb/>gjort det alti &#x2013;</p>
    <p>Ja det er vist bra terpentin
    <lb/><del rend="overwritten"><gap/></del>Her ser <del rend="overwritten"><gap/></del>du et annet &#x2013; det er
    <lb/>malt me parafin &#x2013; det er osså
    <lb/>bra at male me &#x2013; <del rend="overstrike">jeg har</del>
    <lb/>man får det saftiere &#x2013; jeg
    <lb/>maler svært meget me parafin
    <lb/>&#x2013; det er lisså godt som terpentin
    <lb/>&#x2013; be<del rend="overwritten"><gap/></del>dre</p>
    <p><persName key="pe188">Hertzberg</persName> gik frem og tilbage
    <lb/>og så på billederne<seg type="interpunctionalSpace"/>sat de</p>
    </div></div></div>
  </body>
 </text>
</TEI>
