<?xml version="1.0" encoding="UTF-8"?>
<!DOCTYPE TEI PUBLIC "-//TEI P5 MunchTEI//DTD TEI P5 Unified for Edvard Munch's Texts//EN" "file:/O:/Munchs tekster/Transkripsjoner/MunchTEI.dtd" >
<TEI xmlns="http://www.tei-c.org/ns/1.0" version="5.0" xml:id="No-MM_N0044-00-01v">
<teiHeader>
 <fileDesc>
<titleStmt>
<title>No-MM_N0044-00-01v.jpg</title>
</titleStmt>

<publicationStmt>
<p></p>
</publicationStmt>
<sourceDesc>
<p>4064 x 2704</p>
</sourceDesc>
 </fileDesc>
 <encodingDesc>


 
  <tagsDecl xml:id="imtAnnotationCategories"><rendition xml:id="transcription"><label>Contains the transcribed and TEI P5 encoded text of the objects</label><code rend="rectangle" lang="text/css">color: #ff0000</code></rendition><rendition xml:id="commentary"><label>Kommentarer</label><code rend="rectangle" lang="text/css">color: #00ff00</code></rendition><rendition xml:id="philologicalNotes"><label>Edisjonsfilologiske noter</label><code rend="rectangle" lang="text/css">color: #0000ff</code></rendition><rendition xml:id="textForSearch"><desc>transcriptional</desc><label>Søkbar tekst</label><code rend="rectangle" lang="text/css">color: #000000</code></rendition></tagsDecl><appInfo>
     <application ident="ImageMarkupTool01" version="1.8.1.3" notAfter="2009-03-23T11:48:15">
     <label>
     Image Markup Tool</label><desc>
     Tool for annotating images using TEI</desc><ref type="appURI" target="http://www.tapor.uvic.ca/~mholmes/image_markup/">
     </ref><ptr target="#imtAnnotatedImage"></ptr><ptr target="#imtImageAnnotations"></ptr><ptr target="#imtAnnotationCategories"></ptr></application>
     
     
     </appInfo></encodingDesc>
</teiHeader>
 <facsimile xml:id="imtAnnotatedImage"><surface><graphic url="No-MM_N0044-00-01v.jpg" width="4064px" height="2704px"></graphic><zone xml:id="imtArea_0" rendition="transcription" ulx="241" uly="243" lrx="3561" lry="2465" rend="visible"></zone></surface></facsimile>
 <text>
  <body>
   <div xml:id="imtImageAnnotations"><div corresp="#imtArea_0" type="imtAnnotation"><head>&#x00A0;</head><div>
    <p>Det er ikke som villa og have jeg har 
    <lb/>dem &#x2013; Jeg foretrak <del rend="overwritten"><gap/></del>at og fandt det 
    <lb/>billigere at kjøbe e<del rend="overwritten">n</del>t gammelt hus til 
    <lb/>atelier end at bygge &#x2013;</p>
    <p><persName key="pe844">Rodin</persName> havde 20 Atelierer i 
    <lb/><placeName key="pl16">Paris</placeName></p>
    <p>&#x2013; Nu vel &#x2013; ærgre og skade har 
    <lb/>de gjort mig &#x2013; Følgen er at jeg er blit 
    <lb/>lei af at arbeide og ha alt dette mas</p>
    <p>&#x2013; Jeg reiser om i lannet og beser mig 
    <lb/>Så får jeg ialfald ro &#x2013; hva jeg ikke i 
    <lb/>20 år har havt på <placeName key="pl41">Ekely</placeName></p> 
   </div></div></div>
  </body>
 </text>
</TEI>
