<?xml version="1.0" encoding="UTF-8"?>
<!DOCTYPE TEI PUBLIC "-//TEI P5 MunchTEI//DTD TEI P5 Unified for Edvard Munch's Texts//EN" "file:/O:/Munchs tekster/Transkripsjoner/MunchTEI.dtd" >
<TEI xmlns="http://www.tei-c.org/ns/1.0" version="5.0" xml:id="No-MM_N0078-03">
<teiHeader>
 <fileDesc>
<titleStmt>
<title>No-MM_N0078-03.jpg</title>
</titleStmt>

<publicationStmt>
<p></p>
</publicationStmt>
<sourceDesc>
<p>2704 x 4064</p>
</sourceDesc>
 </fileDesc>
 <encodingDesc>


 
  <tagsDecl xml:id="imtAnnotationCategories"><rendition xml:id="transcription"><label>Contains the transcribed and TEI P5 encoded text of the objects</label><code rend="rectangle" lang="text/css">color: #ff0000</code></rendition><rendition xml:id="commentary"><label>Kommentarer</label><code rend="rectangle" lang="text/css">color: #00ff00</code></rendition><rendition xml:id="philologicalNotes"><label>Edisjonsfilologiske noter</label><code rend="rectangle" lang="text/css">color: #0000ff</code></rendition><rendition xml:id="textForSearch"><desc>transcriptional</desc><label>Søkbar tekst</label><code rend="rectangle" lang="text/css">color: #000000</code></rendition></tagsDecl><appInfo>
     <application ident="ImageMarkupTool01" version="1.8.1.3" notAfter="2009-03-26T11:18:34">
     <label>
     Image Markup Tool</label><desc>
     Tool for annotating images using TEI</desc><ref type="appURI" target="http://www.tapor.uvic.ca/~mholmes/image_markup/">
     </ref><ptr target="#imtAnnotatedImage"></ptr><ptr target="#imtImageAnnotations"></ptr><ptr target="#imtAnnotationCategories"></ptr></application>
     
     
     </appInfo></encodingDesc>
</teiHeader>
 <facsimile xml:id="imtAnnotatedImage"><surface><graphic url="No-MM_N0078-03.jpg" width="2704px" height="4064px"></graphic><zone xml:id="imtArea_0" rendition="transcription" ulx="91" uly="485" lrx="2477" lry="3634" rend="visible"></zone></surface></facsimile>
 <text>
  <body>
   <div xml:id="imtImageAnnotations"><div corresp="#imtArea_0" type="imtAnnotation"><head>&#x00A0;</head><div>
    <p><persName key="pe861">Jonas Rask</persName> blev sparket 
    <lb/>ud af <persName key="pe594">Thoulow</persName> <persName key="pe271">Kristian Krohg</persName> 
    <lb/>og andre &#x2013; Det var jo osså 
    <lb/>kraftkarler &#x2013; og <persName key="pe594">Thoulow</persName> hadde 
    <lb/>jo osså ord forat <add place="supralinear">være</add> fin &#x2013; da 
    <lb/>han var søn af en rik 
    <lb/>apot<del rend="overwritten"><gap/></del>heker &#x2013; <add place="inBetweenLines">så <orgName key="i101">Aftenposten</orgName> frygtet 
    <lb/>ham</add></p>
    <p>Men <del rend="overstrike">hvad</del> hva hjalp 
    <lb/>det. <del rend="overwritten"><gap/></del>Nye Jonas Rasker 
    <lb/>kom istedet &#x2013; og vil altid 
    <lb/>komme did &#x2013; Nu <del rend="overstrike">har</del> er 
    <lb/><del rend="overstrike">Aftenp</del> det <persName key="pe1217">Haug</persName> &#x2013;</p>
    <p>Hvorfor jage ham? &#x2013; Det
    <lb/>er <add place="supralinear">kanske</add> ikke hans feil at han 
    <lb/>sidder der &#x2013; Den rå masse 
    <lb/>som gjør <orgName key="i101">Aftenposten</orgName> fed</p>
    </div></div></div>
  </body>
 </text>
</TEI>
