<?xml version="1.0" encoding="UTF-8"?>
<!DOCTYPE TEI PUBLIC "-//TEI P5 MunchTEI//DTD TEI P5 Unified for Edvard Munch's Texts//EN" "file:/O:/Munchs tekster/Transkripsjoner/MunchTEI.dtd" >
<TEI xmlns="http://www.tei-c.org/ns/1.0" version="5.0" xml:id="No-MM_N0005-02">
<teiHeader>
 <fileDesc>
<titleStmt>
<title>No-MM_N0005-02.jpg</title>
</titleStmt>

<publicationStmt>
<p></p>
</publicationStmt>
<sourceDesc>
<p>2704 x 4064</p>
</sourceDesc>
 </fileDesc>
 <encodingDesc>


 
  <tagsDecl xml:id="imtAnnotationCategories"><rendition xml:id="transcription"><label>Contains the transcribed and TEI P5 encoded text of the objects</label><code rend="rectangle" lang="text/css">color: #ff0000</code></rendition><rendition xml:id="commentary"><label>Kommentarer</label><code rend="rectangle" lang="text/css">color: #00ff00</code></rendition><rendition xml:id="philologicalNotes"><label>Edisjonsfilologiske noter</label><code rend="rectangle" lang="text/css">color: #0000ff</code></rendition><rendition xml:id="textForSearch"><desc>transcriptional</desc><label>Søkbar tekst</label><code rend="rectangle" lang="text/css">color: #000000</code></rendition></tagsDecl><appInfo>
     <application ident="ImageMarkupTool01" version="1.8.1.2" notAfter="2009-03-13T11:38:37">
     <label>
     Image Markup Tool</label><desc>
     Tool for annotating images using TEI</desc><ref type="appURI" target="http://www.tapor.uvic.ca/~mholmes/image_markup/">
     </ref><ptr target="#imtAnnotatedImage"></ptr><ptr target="#imtImageAnnotations"></ptr><ptr target="#imtAnnotationCategories"></ptr></application>
     
     
     </appInfo></encodingDesc>
</teiHeader>
 <facsimile xml:id="imtAnnotatedImage"><surface><graphic url="No-MM_N0005-02.jpg" width="2704px" height="4064px"></graphic><zone xml:id="imtArea_0" rendition="transcription" ulx="244" uly="216" lrx="2408" lry="3780" rend="visible"></zone></surface></facsimile>
 <text>
  <body>
   <div xml:id="imtImageAnnotations"><div corresp="#imtArea_0" type="imtAnnotation"><head>&#x00A0;</head><div>
    <p rend="noIndent">hvad det indeholder &#x2013;
    <lb/>Det er jo intet jeg har fåt 
     <lb/><unclear reason="writing">lånet</unclear> &#x2013; <del rend="overstrike">Jeg <del rend="overwritten"><gap/></del>Det</del> Min far
    <lb/>tante mine søskende intet 
    <lb/>var hændt dem det jublede ind i 
     <lb/>mig &#x2013; jeg tog noen hurtige 
    <lb/>skridt indover gulvet.</p>
    <p><del rend="overwritten">S</del>Ja så &#x2013; <del rend="overstrike"><gap/></del> <del rend="overstrike">er det han</del> hørte 
     <lb/>jeg <persName key="pe188">Hertzberg</persName> si &#x2013; stille 
    <lb/>det var rart.</p>
    <p>Jeg frøs med en gang &#x2013;
    <lb/>Hvorfor er han så høitidelig 
    <lb/>hvorfor <del rend="overstrike">spurte han</del> trode 
    <lb/>han det hvordan faldt han på 
     <lb/>det &#x2013;</p>
    <p>Jeg så på ham &#x2013; 
     <lb/>Blodet stivnede i mig &#x2013; jeg 
    <lb/><del rend="overstrike">visste</del> viste noget var 
    <lb/>sked <unclear reason="writing">nu</unclear> noget forfærdeligt 
    <lb/>Jeg så det i dette ansigt.
     <lb/>Du ved noget &#x2013;
    <lb/>Det var aldeles stilt i værelset</p>
    </div></div></div>
  </body>
 </text>
</TEI>
