<?xml version="1.0" encoding="UTF-8"?>
<!DOCTYPE TEI PUBLIC "-//TEI P5 MunchTEI//DTD TEI P5 Unified for Edvard Munch's Texts//EN" "file:/O:/Munchs tekster/Transkripsjoner/MunchTEI.dtd" >
<TEI xmlns="http://www.tei-c.org/ns/1.0" version="5.0" xml:id="No-MM_N0114-00-01v">
<teiHeader>
 <fileDesc>
<titleStmt>
<title>No-MM_N0114-00-01v.jpg</title>
</titleStmt>

<publicationStmt>
<p></p>
</publicationStmt>
<sourceDesc>
<p>2704 x 4064</p>
</sourceDesc>
 </fileDesc>
 <encodingDesc>


 
  <tagsDecl xml:id="imtAnnotationCategories"><rendition xml:id="transcription"><label>Contains the transcribed and TEI P5 encoded text of the objects</label><code rend="rectangle" lang="text/css">color: #ff0000</code></rendition><rendition xml:id="commentary"><label>Kommentarer</label><code rend="rectangle" lang="text/css">color: #00ff00</code></rendition><rendition xml:id="philologicalNotes"><label>Edisjonsfilologiske noter</label><code rend="rectangle" lang="text/css">color: #0000ff</code></rendition><rendition xml:id="textForSearch"><desc>transcriptional</desc><label>Søkbar tekst</label><code rend="rectangle" lang="text/css">color: #000000</code></rendition></tagsDecl><appInfo>
     <application ident="ImageMarkupTool01" version="1.8.1.3" notAfter="2009-04-14T11:51:00">
     <label>
     Image Markup Tool</label><desc>
     Tool for annotating images using TEI</desc><ref type="appURI" target="http://www.tapor.uvic.ca/~mholmes/image_markup/">
     </ref><ptr target="#imtAnnotatedImage"></ptr><ptr target="#imtImageAnnotations"></ptr><ptr target="#imtAnnotationCategories"></ptr></application>
     
     
     </appInfo></encodingDesc>
</teiHeader>
 <facsimile xml:id="imtAnnotatedImage"><surface><graphic url="No-MM_N0114-00-01v.jpg" width="2704px" height="4064px"></graphic><zone xml:id="imtArea_0" rendition="transcription" ulx="338" uly="461" lrx="2613" lry="2676" rend="visible"></zone></surface></facsimile>
 <text>
  <body>
   <div xml:id="imtImageAnnotations"><div corresp="#imtArea_0" type="imtAnnotation"><head>&#x00A0;</head><div>
    <p rend="extraAir">De må ikke stå sån &#x2013; læg Dem
     <lb/><persName key="pe486">Jakob</persName> lo &#x2013; myste med øine skalkaktig
     <lb/>Dette er contræri dette &#x2013; ellers er
    <lb/>mandfolkene som vil at fruntimmerne
     <lb/>lægger sig &#x2013; her vil fruntimmerne
    <lb/>at mandfolka læ<del rend="overwritten">k</del>gger sig
    <lb/>Nei
     <lb/>blo må ner i beina &#x2013;
     <lb/>&#x2013; ja men doctoren sier det er galt
    <lb/><del rend="overstrike"><gap/></del> drit i Doctoren
    <lb/>han gjør ingen ting gir mig no
     <lb/>medizin &#x2013; no fillern &#x2013;</p> 
    <p>Åssen synes du liker du her får
     <lb/>de go mat &#x2013;
     <lb/>Å det er langt mellem spille synes
    <lb/>jeg</p>
    </div></div></div>
  </body>
 </text>
</TEI>
