<?xml version="1.0" encoding="UTF-8"?>
<!DOCTYPE TEI PUBLIC "-//TEI P5 MunchTEI//DTD TEI P5 Unified for Edvard Munch's Texts//EN" "file:/O:/Munchs tekster/Transkripsjoner/MunchTEI.dtd" >
<TEI xmlns="http://www.tei-c.org/ns/1.0" version="5.0" xml:id="No-MM_N0110-02">
<teiHeader>
 <fileDesc>
<titleStmt>
<title>No-MM_N0110-02.jpg</title>
</titleStmt>

<publicationStmt>
<p></p>
</publicationStmt>
<sourceDesc>
<p>2704 x 4064</p>
</sourceDesc>
 </fileDesc>
 <encodingDesc>


 
  <tagsDecl xml:id="imtAnnotationCategories"><rendition xml:id="transcription"><label>Contains the transcribed and TEI P5 encoded text of the objects</label><code rend="rectangle" lang="text/css">color: #ff0000</code></rendition><rendition xml:id="commentary"><label>Kommentarer</label><code rend="rectangle" lang="text/css">color: #00ff00</code></rendition><rendition xml:id="philologicalNotes"><label>Edisjonsfilologiske noter</label><code rend="rectangle" lang="text/css">color: #0000ff</code></rendition><rendition xml:id="textForSearch"><desc>transcriptional</desc><label>Søkbar tekst</label><code rend="rectangle" lang="text/css">color: #000000</code></rendition></tagsDecl><appInfo>
     <application ident="ImageMarkupTool01" version="1.8.1.3" notAfter="2009-04-03T14:33:02">
     <label>
     Image Markup Tool</label><desc>
     Tool for annotating images using TEI</desc><ref type="appURI" target="http://www.tapor.uvic.ca/~mholmes/image_markup/">
     </ref><ptr target="#imtAnnotatedImage"></ptr><ptr target="#imtImageAnnotations"></ptr><ptr target="#imtAnnotationCategories"></ptr></application>
     
     
     </appInfo></encodingDesc>
</teiHeader>
 <facsimile xml:id="imtAnnotatedImage"><surface><graphic url="No-MM_N0110-02.jpg" width="2704px" height="4064px"></graphic><zone xml:id="imtArea_0" rendition="transcription" ulx="64" uly="270" lrx="2311" lry="3889" rend="visible"></zone></surface></facsimile>
 <text>
  <body>
   <div xml:id="imtImageAnnotations"><div corresp="#imtArea_0" type="imtAnnotation"><head>&#x00A0;</head><div>
    <p rend="noIndent">til de lyse farver</p>
    <p>Jeg tvang mig op <add place="supralinear">fra bunden</add> &#x2013; jeg
    <lb/>hævet mit hode <del rend="overwritten"><gap/></del>op over
    <lb/>vandfladen &#x2013; <del rend="overwritten">og</del>det blev så
    <lb/>blændende lyst &#x2013; det skar
    <lb/>mig i <del rend="overstrike">øinene</del> øinene <del rend="overstrike">og</del> <del rend="overstrike">jeg</del> 
    <lb/><del rend="overstrike">så ned og opdaget så mit speilbilled
    <lb/>i vandet hvor det var rædselsfuldt
    <lb/>blegt</del> &#x2013;</p>
    <p>Der var svanen &#x2013; den var så
    <lb/>fin &#x2013; <del rend="overstrike">så hvit</del> &#x2013; den hadde så milde
    <lb/>øine &#x2013; den var så blændende
    <lb/>hvit &#x2013;</p>
    <p>Jeg strakte hænderne ut
    <lb/>den nærmet sig &#x2013; den bevæget
    <lb/>sig ikke &#x2013; bare gled <del rend="overstrike">som</del> nærmere
    <lb/>nærmere &#x2013; <del rend="overstrike">så kom</del> til den var
    <lb/>så nær at jeg syns jeg kunde
     <lb/>ta den og om favne den &#x2013; <del rend="overstrike">så</del> <add place="supralinear">og trykke dens hvide</add>
    <lb/><add place="inBetweenLines">bryst til mit &#x2013; hvile mit hode til dens</add> 
    <lb/><del rend="overstrike">kom den ikke</del> <add place="infralinear">bløde dun</add> så kom den
    <lb/>ikke længer &#x2013; den gled omkring
    <lb/>mig i en ring &#x2013;
    <lb/>Kom til mig sa jeg &#x2013; jeg <del rend="overstrike">vet alt &#x2013; du</del></p>
    </div></div></div>
  </body>
 </text>
</TEI>