<?xml version="1.0" encoding="UTF-8"?>
<!DOCTYPE TEI PUBLIC "-//TEI P5 MunchTEI//DTD TEI P5 Unified for Edvard Munch's Texts//EN" "file:/O:/Munchs tekster/Transkripsjoner/MunchTEI.dtd" >
<TEI xmlns="http://www.tei-c.org/ns/1.0" version="5.0" xml:id="No-MM_N0060-01">
<teiHeader>
 <fileDesc>
<titleStmt>
<title>No-MM_N0060-01.jpg</title>
</titleStmt>

<publicationStmt>
<p></p>
</publicationStmt>
<sourceDesc>
<p>2704 x 4064</p>
</sourceDesc>
 </fileDesc>
 <encodingDesc>


 
  <tagsDecl xml:id="imtAnnotationCategories"><rendition xml:id="transcription"><label>Contains the transcribed and TEI P5 encoded text of the objects</label><code rend="rectangle" lang="text/css">color: #ff0000</code></rendition><rendition xml:id="commentary"><label>Kommentarer</label><code rend="rectangle" lang="text/css">color: #00ff00</code></rendition><rendition xml:id="philologicalNotes"><label>Edisjonsfilologiske noter</label><code rend="rectangle" lang="text/css">color: #0000ff</code></rendition><rendition xml:id="textForSearch"><desc>transcriptional</desc><label>Søkbar tekst</label><code rend="rectangle" lang="text/css">color: #000000</code></rendition></tagsDecl><appInfo>
     <application ident="ImageMarkupTool01" version="1.8.1.3" notAfter="2009-03-24T14:28:01">
     <label>
     Image Markup Tool</label><desc>
     Tool for annotating images using TEI</desc><ref type="appURI" target="http://www.tapor.uvic.ca/~mholmes/image_markup/">
     </ref><ptr target="#imtAnnotatedImage"></ptr><ptr target="#imtImageAnnotations"></ptr><ptr target="#imtAnnotationCategories"></ptr></application>
     
     
     </appInfo></encodingDesc>
</teiHeader>
 <facsimile xml:id="imtAnnotatedImage"><surface><graphic url="No-MM_N0060-01.jpg" width="2704px" height="4064px"></graphic><zone xml:id="imtArea_0" rendition="transcription" ulx="270" uly="262" lrx="2381" lry="3956" rend="visible"></zone></surface></facsimile>
 <text>
  <body>
   <div xml:id="imtImageAnnotations"><div corresp="#imtArea_0" type="imtAnnotation"><head>&#x00A0;</head><div>
    <p><del rend="overstrike">Da jeg</del></p>
    <p>Jeg traf på en italiener der 
    <lb/>spiser i samme som jeg</p> 
    <p><del rend="overstrike">Han spurte mig <del rend="overwritten"><gap/></del><unclear>om</unclear></del> noe 
    <lb/><del rend="overstrike">på frans</del> &#x2013;</p> 
    <p><del rend="overstrike">Si mig er de</del> &#x2013;</p> 
    <p><del rend="overstrike">Jeg forstod ikke rigtig det franske 
     <lb/>ord &#x2013; så spurte han på</del> Engelsk 
    <lb/><del rend="overstrike">så og tydsk</del></p> 
    <p><del rend="overstrike">Jeg forstod</del></p>
    <p><del rend="overstrike">Så</del> Så de er fra <placeName key="pl15">Norge</placeName> &#x2013;</p>
    <p><placeName key="pl15">Norge</placeName> &#x2013; <placeName key="pl38">Stockholm</placeName> sa han 
    <lb/>stolt over sit kjendskab</p>
    <p>Ja rigti &#x2013; det vil si <placeName key="pl20">Kristiania</placeName></p>
    <p>Si <del rend="overstrike">er</del>mig er dere deroppe &#x2013;</p>
    <p>Jeg forstod ikke rigtig ore &#x2013; <del rend="overstrike">han spurte 
    <lb/>både på Engelsk og Tydsk</del> <del rend="overstrike">med 
    <lb/>men jeg forstod ikke rigti hva han 
     <lb/>mente &#x2013; <gap/></del> Han tænkte om</p>
    <p>Er de &#x2013; civilicer</p>	
    <p>Aa &#x2013; nå &#x2013; om vi er civilisert
     <lb/>&#x2013; Aa ja &#x2013; vi er da de</p>
    <p><del rend="overstrike">Jeg mener</del></p>
    <p>Han standste og så på mig
     <lb/>&#x2013; Så tok han i frakken &#x2013; <del rend="overstrike">går <gap/></del> Jeg 
     <lb/>mener &#x2013; går <del rend="overstrike">dere fra</del> De me <del rend="overwritten">s</del>de 
     <lb/>klæerne der <del rend="overstrike">op</del> i <placeName key="pl15">Norge</placeName> &#x2013;</p>
    <p>Ja ha &#x2013; jeg har <del rend="overwritten"><gap/></del>kjøbt den hos
    <lb/>Hansen<note>kodes som?</note> i <placeName key="pl149">Karl Johan</placeName></p>
    </div></div></div>
  </body>
 </text>
</TEI>
