<?xml version="1.0" encoding="UTF-8"?>
<!DOCTYPE TEI PUBLIC "-//TEI P5 MunchTEI//DTD TEI P5 Unified for Edvard Munch's Texts//EN" "file:/O:/Munchs tekster/Transkripsjoner/MunchTEI.dtd" >
<TEI xmlns="http://www.tei-c.org/ns/1.0" version="5.0" xml:id="No-MM_N0006-01">
<teiHeader>
 <fileDesc>
<titleStmt>
<title>No-MM_N0006-01.jpg</title>
</titleStmt>

<publicationStmt>
<p></p>
</publicationStmt>
<sourceDesc>
<p>2704 x 4064</p>
</sourceDesc>
 </fileDesc>
 <encodingDesc>


 
  <tagsDecl xml:id="imtAnnotationCategories"><rendition xml:id="transcription"><label>Contains the transcribed and TEI P5 encoded text of the objects</label><code rend="rectangle" lang="text/css">color: #ff0000</code></rendition><rendition xml:id="commentary"><label>Kommentarer</label><code rend="rectangle" lang="text/css">color: #00ff00</code></rendition><rendition xml:id="philologicalNotes"><label>Edisjonsfilologiske noter</label><code rend="rectangle" lang="text/css">color: #0000ff</code></rendition><rendition xml:id="textForSearch"><desc>transcriptional</desc><label>Søkbar tekst</label><code rend="rectangle" lang="text/css">color: #000000</code></rendition></tagsDecl><appInfo>
     <application ident="ImageMarkupTool01" version="1.8.1.2" notAfter="2009-03-13T13:22:13">
     <label>
     Image Markup Tool</label><desc>
     Tool for annotating images using TEI</desc><ref type="appURI" target="http://www.tapor.uvic.ca/~mholmes/image_markup/">
     </ref><ptr target="#imtAnnotatedImage"></ptr><ptr target="#imtImageAnnotations"></ptr><ptr target="#imtAnnotationCategories"></ptr></application>
     
     
     </appInfo></encodingDesc>
</teiHeader>
 <facsimile xml:id="imtAnnotatedImage"><surface><graphic url="No-MM_N0006-01.jpg" width="2704px" height="4064px"></graphic><zone xml:id="imtArea_0" rendition="transcription" ulx="172" uly="332" lrx="2484" lry="3808" rend="visible"></zone></surface></facsimile>
 <text>
  <body>
   <div xml:id="imtImageAnnotations"><div corresp="#imtArea_0" type="imtAnnotation"><head>&#x00A0;</head><div>
    <p>Det er nok noget galt hjemme 
     <lb/>hos dig &#x2013;</p>
    <p><del rend="overstrike">Hv</del> Jeg begyndte at hade ham 
    <lb/>han hadde ikke medlidenhed</p> 
    <p>Det suste i mine øren &#x2013; 
     <lb/>Mine <del rend="overstrike">st</del> søstre &#x2013; min far &#x2013;</p>
    <p>Min far er død</p>
    <p><del rend="overstrike">Han</del> <del rend="overwritten">s</del>Ja &#x2013; det er nok så
    <lb/>Du har læst det <orgName key="i79">morgenbladet</orgName>
    <lb/><del rend="overstrike">sa jeg roligt</del>
     <lb/>&#x2013; står det Korpslæge 
    <lb/>ja
     <lb/>&#x2013; Men <del rend="overwritten"><gap/></del>er det med ch
    <lb/>ja<seg type="interpunctionalSpace"/>Det står <placeName key="pl395">Jian</placeName> <placeName key="pl593">H<del rend="overwritten"><gap/></del>auketo</placeName>
    <lb/>Ja det er ham da sa jeg koldt.
     <lb/>Hvor han var ubønhørlig &#x2013; 
    <lb/>jeg hadet ham
     <lb/>&#x2013; Nå så er brevet til <del rend="overwritten">k</del><persName key="pe244">Kjelland</persName> 
     <lb/>i anledning deraf &#x2013; <del rend="overstrike">jeg</del> b<del rend="overwritten"><gap/></del>revet jeg 
     <lb/>tog mod &#x2013; <del rend="overstrike">jeg <gap/></del> jeg tog det 
    <lb/>op jeg ser det er min brors</p> 
    </div></div></div>
  </body>
 </text>
</TEI>
