<?xml version="1.0" encoding="UTF-8"?>
<!DOCTYPE TEI PUBLIC "-//TEI P5 MunchTEI//DTD TEI P5 Unified for Edvard Munch's Texts//EN" "file:/O:/Munchs tekster/Transkripsjoner/MunchTEI.dtd" >
<TEI xmlns="http://www.tei-c.org/ns/1.0" version="5.0" xml:id="No-MM_N0059-04">
<teiHeader>
 <fileDesc>
<titleStmt>
<title>No-MM_N0059-04.jpg</title>
</titleStmt>

<publicationStmt>
<p></p>
</publicationStmt>
<sourceDesc>
<p>2704 x 4064</p>
</sourceDesc>
 </fileDesc>
 <encodingDesc>


 
  <tagsDecl xml:id="imtAnnotationCategories"><rendition xml:id="transcription"><label>Contains the transcribed and TEI P5 encoded text of the objects</label><code rend="rectangle" lang="text/css">color: #ff0000</code></rendition><rendition xml:id="commentary"><label>Kommentarer</label><code rend="rectangle" lang="text/css">color: #00ff00</code></rendition><rendition xml:id="philologicalNotes"><label>Edisjonsfilologiske noter</label><code rend="rectangle" lang="text/css">color: #0000ff</code></rendition><rendition xml:id="textForSearch"><desc>transcriptional</desc><label>Søkbar tekst</label><code rend="rectangle" lang="text/css">color: #000000</code></rendition></tagsDecl><appInfo>
     <application ident="ImageMarkupTool01" version="1.8.1.3" notAfter="2009-03-24T12:55:10">
     <label>
     Image Markup Tool</label><desc>
     Tool for annotating images using TEI</desc><ref type="appURI" target="http://www.tapor.uvic.ca/~mholmes/image_markup/">
     </ref><ptr target="#imtAnnotatedImage"></ptr><ptr target="#imtImageAnnotations"></ptr><ptr target="#imtAnnotationCategories"></ptr></application>
     
     
     </appInfo></encodingDesc>
</teiHeader>
 <facsimile xml:id="imtAnnotatedImage"><surface><graphic url="No-MM_N0059-04.jpg" width="2704px" height="4064px"></graphic><zone xml:id="imtArea_0" rendition="transcription" ulx="334" uly="358" lrx="2521" lry="3802" rend="visible"></zone></surface></facsimile>
 <text>
  <body>
   <div xml:id="imtImageAnnotations"><div corresp="#imtArea_0" type="imtAnnotation"><head>&#x00A0;</head><div>
    <p rend="extraAir"><handShift new="EM2"/>Hva der ødelægger den
    <lb/><del rend="overstrike">mod</del> <del rend="overstrike"><gap/></del>moderne kunst
    <lb/>&#x2013; det er de store udstillinger 
    <lb/>&#x2013; de store bon marcheer &#x2013;
    <lb/>&#x2013; <del rend="overstrike">billedet</del> &#x2013; det at billedene 
    <lb/>skal se godt ud på 
    <lb/>en væg &#x2013; pryde &#x2013; de 
    <lb/>gjøres ikke for sagen 
    <lb/>selv &#x2013; ikke for at få 
    <lb/>fortalt noget &#x2013;</p>
    <p>&#x2013; Jeg <unclear reason="writing">som for</unclear> <del rend="overwritten"><gap/></del>7 år siden 
    <lb/>til <placeName key="pl16">Paris</placeName> med en b<del rend="overwritten"><gap/></del>rændende 
    <lb/>længsel efter salonen &#x2013; 
    <lb/><del rend="overwritten"><gap/></del>Jeg trodde jeg skulde gribes 
    <lb/>og følte blot <del rend="overwritten"><gap/></del> væmmelse 
    <lb/>&#x2013; <del rend="overstrike">Bougere</del></p>
    <p>Der pranger de på det 
    <lb/>fremskudte plads &#x2013; Bougeraus 
    <lb/><del rend="overstrike">medaljered</del> &#x2013; <unclear reason="blurredInk">s</unclear>æbe billeder
    <lb/>&#x2013; der intereserte bourgeoissiet 
    <lb/>som etiqueten på et ziaret 
    <lb/>pakke &#x2013; <persName key="pe857">Bonnats</persName> &#x2013; jern 
    <lb/>stenfigurer &#x2013;</p>
    </div></div></div>
  </body>
 </text>
</TEI>
