<?xml version="1.0" encoding="UTF-8"?>
<!DOCTYPE TEI PUBLIC "-//TEI P5 MunchTEI//DTD TEI P5 Unified for Edvard Munch's Texts//EN" "file:/O:/Munchs tekster/Transkripsjoner/MunchTEI.dtd" >
<TEI xmlns="http://www.tei-c.org/ns/1.0" version="5.0" xml:id="No-MM_N0061-00-01v">
<teiHeader>
 <fileDesc>
<titleStmt>
<title>No-MM_N0061-00-01v.jpg</title>
</titleStmt>

<publicationStmt>
<p></p>
</publicationStmt>
<sourceDesc>
<p>2704 x 4064</p>
</sourceDesc>
 </fileDesc>
 <encodingDesc>


 
  <tagsDecl xml:id="imtAnnotationCategories"><rendition xml:id="transcription"><label>Contains the transcribed and TEI P5 encoded text of the objects</label><code rend="rectangle" lang="text/css">color: #ff0000</code></rendition><rendition xml:id="commentary"><label>Kommentarer</label><code rend="rectangle" lang="text/css">color: #00ff00</code></rendition><rendition xml:id="philologicalNotes"><label>Edisjonsfilologiske noter</label><code rend="rectangle" lang="text/css">color: #0000ff</code></rendition><rendition xml:id="textForSearch"><desc>transcriptional</desc><label>Søkbar tekst</label><code rend="rectangle" lang="text/css">color: #000000</code></rendition></tagsDecl><appInfo>
     <application ident="ImageMarkupTool01" version="1.8.1.4" notAfter="2010-01-26T10:05:05">
     <label>
     Image Markup Tool</label><desc>
     Tool for annotating images using TEI</desc><ref type="appURI" target="http://www.tapor.uvic.ca/~mholmes/image_markup/">
     </ref><ptr target="#imtAnnotatedImage"></ptr><ptr target="#imtImageAnnotations"></ptr><ptr target="#imtAnnotationCategories"></ptr></application>
     
     
     </appInfo></encodingDesc>
</teiHeader>
 <facsimile xml:id="imtAnnotatedImage"><surface><graphic url="No-MM_N0061-00-01v.jpg" width="2704px" height="4064px"></graphic><zone xml:id="imtArea_0" rendition="transcription" ulx="195" uly="473" lrx="2497" lry="2139" rend="visible"></zone></surface></facsimile>
 <text>
  <body>
   <div xml:id="imtImageAnnotations"><div corresp="#imtArea_0" type="imtAnnotation"><head>&#x00A0;</head><div>
    <p rend="noIndent">biografi af <persName key="pe316">Mallarme</persName> &#x2013; Han fortæller at
    <lb/><del rend="overstrike">hans</del> <persName key="pe316">Mallarmés</persName> datter der har udgi<del rend="overwritten"><gap/></del>vet
    <lb/>en <del rend="overstrike">selv</del> biografi af <persName key="pe316"></persName>Mallarmé at han
    <lb/>anså mit portræt af ham for det beste
    <lb/>der var gjort &#x2013; Jeg tegnet ham i halvskygge
    <lb/>og det stemte med hans natur<gap reason="writing"></gap></p>
    <p rend="extraAir">Ja vi får se <del rend="overstrike"><gap/></del> om vi får anled-
    <lb/>ning en gang til at fortælle lidt</p>
    <closer><signed>Din <persName key="pe627">EM</persName></signed></closer>
   </div></div></div>
  </body>
 </text>
</TEI>
