<?xml version="1.0" encoding="UTF-8"?>
<!DOCTYPE TEI PUBLIC "-//TEI P5 MunchTEI//DTD TEI P5 Unified for Edvard Munch's Texts//EN" "file:/O:/Munchs tekster/Transkripsjoner/MunchTEI.dtd" >
<TEI xmlns="http://www.tei-c.org/ns/1.0" version="5.0" xml:id="No-MM_N0025-02">
<teiHeader>
 <fileDesc>
<titleStmt>
<title>No-MM_N0025-03.jpg</title>
</titleStmt>

<publicationStmt>
<p></p>
</publicationStmt>
<sourceDesc>
<p>2704 x 4064</p>
</sourceDesc>
 </fileDesc>
 <encodingDesc>


 
  <tagsDecl xml:id="imtAnnotationCategories"><rendition xml:id="transcription"><label>Contains the transcribed and TEI P5 encoded text of the objects</label><code rend="rectangle" lang="text/css">color: #ff0000</code></rendition><rendition xml:id="commentary"><label>Kommentarer</label><code rend="rectangle" lang="text/css">color: #00ff00</code></rendition><rendition xml:id="philologicalNotes"><label>Edisjonsfilologiske noter</label><code rend="rectangle" lang="text/css">color: #0000ff</code></rendition><rendition xml:id="textForSearch"><desc>transcriptional</desc><label>Søkbar tekst</label><code rend="rectangle" lang="text/css">color: #000000</code></rendition></tagsDecl><appInfo>
     <application ident="ImageMarkupTool01" version="1.8.1.2" notAfter="2009-03-18T14:55:39">
     <label>
     Image Markup Tool</label><desc>
     Tool for annotating images using TEI</desc><ref type="appURI" target="http://www.tapor.uvic.ca/~mholmes/image_markup/">
     </ref><ptr target="#imtAnnotatedImage"></ptr><ptr target="#imtImageAnnotations"></ptr><ptr target="#imtAnnotationCategories"></ptr></application>
     
     
     </appInfo></encodingDesc>
</teiHeader>
 <facsimile xml:id="imtAnnotatedImage"><surface><graphic url="No-MM_N0025-03.jpg" width="2704px" height="4064px"></graphic><zone xml:id="imtArea_0" rendition="transcription" ulx="160" uly="640" lrx="2604" lry="3832" rend="visible"></zone></surface></facsimile>
 <text>
  <body>
   <div xml:id="imtImageAnnotations"><div corresp="#imtArea_0" type="imtAnnotation"><head>&#x00A0;</head><div>
    <p rend="noIndent-extraAir">vente sig &#x2013; men <gap reason="scribble"/> steg
    <lb/>op bærende i Hænderne
    <lb/>til os <ref type="lemma" target="co106">Inferno</ref> &#x2013; og <ref type="lemma" target="co107">Legender</ref>
     <lb/>&#x2013; Vel de mærkeligste Romaner
    <lb/>siden <ref type="lemma" target="co108">Raskolnikov</ref></p>
    <p>De<del rend="overwritten">n</del>t begyndte med <ref type="lemma" target="co109">Røda Rummet</ref>
     <lb/>for os <del rend="overwritten">&#x2013;</del>Nordmænd &#x2013; den <unclear reason="writing">verste</unclear> <gap reason="writing"/>
     <lb/>heder <persName key="pe451">Strindberg</persName> &#x2013; det var jo 
    <lb/>ved siden af <del rend="overstrike"><gap/></del> nogle andre Forfattere
     <lb/>der <gap reason="writing"/> var med at <unclear reason="writing">lage</unclear> <gap reason="writing"/> &#x2013;</p>
   </div></div></div>
  </body>
 </text>
</TEI>