<?xml version="1.0" encoding="UTF-8"?>
<!DOCTYPE TEI PUBLIC "-//TEI P5 MunchTEI//DTD TEI P5 Unified for Edvard Munch's Texts//EN" "file:/O:/Munchs tekster/Transkripsjoner/MunchTEI.dtd" >
<TEI xmlns="http://www.tei-c.org/ns/1.0" version="5.0" xml:id="No-MM_N0083-03">
<teiHeader>
 <fileDesc>
<titleStmt>
<title>No-MM_N0083-03.jpg</title>
</titleStmt>

<publicationStmt>
<p></p>
</publicationStmt>
<sourceDesc>
<p>2704 x 4064</p>
</sourceDesc>
 </fileDesc>
 <encodingDesc>


 
  <tagsDecl xml:id="imtAnnotationCategories"><rendition xml:id="transcription"><label>Contains the transcribed and TEI P5 encoded text of the objects</label><code rend="rectangle" lang="text/css">color: #ff0000</code></rendition><rendition xml:id="commentary"><label>Kommentarer</label><code rend="rectangle" lang="text/css">color: #00ff00</code></rendition><rendition xml:id="philologicalNotes"><label>Edisjonsfilologiske noter</label><code rend="rectangle" lang="text/css">color: #0000ff</code></rendition><rendition xml:id="textForSearch"><desc>transcriptional</desc><label>Søkbar tekst</label><code rend="rectangle" lang="text/css">color: #000000</code></rendition></tagsDecl><appInfo>
     <application ident="ImageMarkupTool01" version="1.8.1.3" notAfter="2009-03-27T08:58:44">
     <label>
     Image Markup Tool</label><desc>
     Tool for annotating images using TEI</desc><ref type="appURI" target="http://www.tapor.uvic.ca/~mholmes/image_markup/">
     </ref><ptr target="#imtAnnotatedImage"></ptr><ptr target="#imtImageAnnotations"></ptr><ptr target="#imtAnnotationCategories"></ptr></application>
     
     
     </appInfo></encodingDesc>
</teiHeader>
 <facsimile xml:id="imtAnnotatedImage"><surface><graphic url="No-MM_N0083-03.jpg" width="2704px" height="4064px"></graphic><zone xml:id="imtArea_0" rendition="transcription" ulx="135" uly="517" lrx="2545" lry="3833" rend="visible"></zone><zone xml:id="imtArea_1" rendition="transcription" ulx="2052" uly="994" lrx="2799" lry="3678" rend="visible"></zone><zone xml:id="imtArea_2" rendition="transcription" ulx="704" uly="191" lrx="2744" lry="986" rend="visible"></zone></surface></facsimile>
 <text>
  <body>
   <div xml:id="imtImageAnnotations"><div corresp="#imtArea_0" type="imtAnnotation"><head>&#x00A0;</head><div>
    <p rend="noIndent">sålænge som den 
    <lb/><unclear reason="writing">bærme</unclear> &#x2013; vil stå &#x2013; 
    <lb/>og den vil altid stå til evig tid</p> 
    <p>Og ligeså vidst som <orgName key="i101">Aftenposten</orgName>
    <lb/>er <del rend="overstrike">bygget</del> hvilende på 
    <lb/><unclear reason="writing">Bærmens</unclear> krav &#x2013; og <del rend="overstrike"><gap/></del>
    <lb/>&#x2013; og båret af <unclear reason="writing">Bærmen</unclear> 
    <lb/>&#x2013; således vil <orgName key="i101">Aftenposten</orgName> 
    <lb/><del rend="overwritten"><gap/></del>altid finde sin mand 
    <lb/>&#x2013; og må have sin mand</p> 
    <p>&#x2013; <unclear reason="writing">Bærmen</unclear> må have 
    <lb/>sin <orgName key="i101">Aftenpost</orgName> &#x2013; <gap reason="writing"/> 
    <lb/><orgName key="i101">Aftenposten</orgName> må have 
    <lb/>sin Gjødselkjører</p>
    <p>&#x2013; Det er <persName key="pe1217"><unclear reason="writing">Christian</unclear> Haug</persName></p>
    </div></div><div corresp="#imtArea_1" type="imtAnnotation"><head>&#x00A0;</head><div>
    <p><del rend="overwritten"><gap/></del>En dag heder den ildelugtende kugle<gap reason="writing"/> 
    <lb/><persName key="pe861">Rask</persName> &#x2013; en anden dag <persName key="pe1217">Haug</persName> &#x2013; eller <gap reason="writing"/> <gap reason="writing"/></p>  
   </div></div><div corresp="#imtArea_2" type="imtAnnotation"><head>&#x00A0;</head><div>
    <p rend="noIndent">vil <orgName key="i101">Aftenposten</orgName> leve til evige Tider 
    <lb/>&#x2013; selvom <orgName key="i101">Aftenposten</orgName> 
     <lb/><del rend="overwritten"><gap/></del>skifter <gap reason="writing"/></p>
    </div></div></div>
  </body>
 </text>
</TEI>
