<?xml version="1.0" encoding="UTF-8"?>
<!DOCTYPE TEI PUBLIC "-//TEI P5 MunchTEI//DTD TEI P5 Unified for Edvard Munch's Texts//EN" "file:/O:/Munchs tekster/Transkripsjoner/MunchTEI.dtd" >
<TEI xmlns="http://www.tei-c.org/ns/1.0" version="5.0" xml:id="No-MM_N0146-00-01r">
<teiHeader>
 <fileDesc>
<titleStmt>
<title>No-MM_N0146-00-01r.jpg</title>
</titleStmt>

<publicationStmt>
<p></p>
</publicationStmt>
<sourceDesc>
<p>2704 x 4064</p>
</sourceDesc>
 </fileDesc>
 <encodingDesc>


 
  <tagsDecl xml:id="imtAnnotationCategories"><rendition xml:id="transcription"><label>Contains the transcribed and TEI P5 encoded text of the objects</label><code rend="rectangle" lang="text/css">color: #ff0000</code></rendition><rendition xml:id="commentary"><label>Kommentarer</label><code rend="rectangle" lang="text/css">color: #00ff00</code></rendition><rendition xml:id="philologicalNotes"><label>Edisjonsfilologiske noter</label><code rend="rectangle" lang="text/css">color: #0000ff</code></rendition><rendition xml:id="textForSearch"><desc>transcriptional</desc><label>Søkbar tekst</label><code rend="rectangle" lang="text/css">color: #000000</code></rendition></tagsDecl><appInfo>
     <application ident="ImageMarkupTool01" version="1.8.1.3" notAfter="2009-04-23T14:48:48">
     <label>
     Image Markup Tool</label><desc>
     Tool for annotating images using TEI</desc><ref type="appURI" target="http://www.tapor.uvic.ca/~mholmes/image_markup/">
     </ref><ptr target="#imtAnnotatedImage"></ptr><ptr target="#imtImageAnnotations"></ptr><ptr target="#imtAnnotationCategories"></ptr></application>
     
     
     </appInfo></encodingDesc>
</teiHeader>
 <facsimile xml:id="imtAnnotatedImage"><surface><graphic url="No-MM_N0146-00-01r.jpg" width="2704px" height="4064px"></graphic><zone xml:id="imtArea_0" rendition="transcription" ulx="227" uly="358" lrx="2494" lry="3961" rend="visible"></zone></surface></facsimile>
 <text>
  <body>
   <div xml:id="imtImageAnnotations"><div corresp="#imtArea_0" type="imtAnnotation"><head>&#x00A0;</head><div>
    <p>Først og fremst</p>
    <p>1) <add place="supralinear"><del rend="overwritten"><gap/></del>På sidste side står</add> <hi rend="underlined"><del rend="overstrike">&#x00AB; Ser rødt</del>, farlig for sig og andre &#x2013;&#x00BB;  
    <lb/>må naturligvis strykes</hi>
    <lb/>Det kunde skade mig uberegnelig</p>
    <p rend="extraAir">2) min <hi rend="underlined">Mor hedte <persName key="pe747">Laura</persName></hi> ikke Marie</p>
    <p rend="extraAir">3) Den hvide dame ved stranden i
     <lb/><persName key="pe331">Rasmus Meiers</persName> samling var <del rend="overwritten">min</del><persName key="pe627">Munchs</persName>
    <lb/>søster <persName key="pe348">Inger</persName></p>
    <p rend="extraAir">4) <rs type="portrait" key="pe230">Jensen Hjells portræt</rs> blev betalt
    <lb/>med <hi rend="underlined">en</hi> middag for 2 kr. på <orgName key="i83">Grand</orgName>
    <lb/><persName key="pe230">Jensen Hjell</persName> var formuende &#x2013;
    <lb/><persName key="pe594">Frits Thaulow</persName> vilde kjøbe billedet
    <lb/>for 200 Kr &#x2013; Det var omtrent en
    <lb/>aftalt sag at i lignende tilfælde
    <lb/>fik maleren lov at sælge det &#x2013;
    <lb/><persName key="pe230">Jensen Hjell</persName> nægtet det &#x2013; Hvorfor
     <lb/>betalte han selv <del rend="overwritten">mig</del><persName key="pe627">Munch</persName> ikke 200 kr</p>
    <p>5) Det sorte ungdomsportræt af <del rend="overwritten">min</del><persName key="pe627">Munchs</persName>
    <lb/>søster <rs type="portrait" key="pe348">Inger</rs> fik slik kritik i
    <lb/><orgName key="i101">Aftenposten</orgName> &#x2013; Hva skal man gjøre
    <lb/>med et sligt <del rend="overstrike">ræds</del> rædselsfuldt billede<seg type="interpunctionalSpace"/>Denne
    <lb/><ref type="lemma" target="co178">Lou<del rend="overwritten"><gap/></del>is Michel</ref> (Det værste man kunde si
    <lb/>om en kvinde) Hvor skal det hænge &#x2013; Der
    <lb/>regnes op alle rum i en leilighed
    <lb/>blot det sidste W.C. kunde bruges</p>
    </div></div></div>
  </body>
 </text>
</TEI>
