<?xml version="1.0" encoding="UTF-8"?>
<!DOCTYPE TEI PUBLIC "-//TEI P5 MunchTEI//DTD TEI P5 Unified for Edvard Munch's Texts//EN" "file:/O:/Munchs tekster/Transkripsjoner/MunchTEI.dtd" >
<TEI xmlns="http://www.tei-c.org/ns/1.0" version="5.0" xml:id="No-MM_N0113-02">
<teiHeader>
 <fileDesc>
<titleStmt>
<title>No-MM_N0113-02.jpg</title>
</titleStmt>

<publicationStmt>
<p></p>
</publicationStmt>
<sourceDesc>
<p>2704 x 4064</p>
</sourceDesc>
 </fileDesc>
 <encodingDesc>


 
  <tagsDecl xml:id="imtAnnotationCategories"><rendition xml:id="transcription"><label>Contains the transcribed and TEI P5 encoded text of the objects</label><code rend="rectangle" lang="text/css">color: #ff0000</code></rendition><rendition xml:id="commentary"><label>Kommentarer</label><code rend="rectangle" lang="text/css">color: #00ff00</code></rendition><rendition xml:id="philologicalNotes"><label>Edisjonsfilologiske noter</label><code rend="rectangle" lang="text/css">color: #0000ff</code></rendition><rendition xml:id="textForSearch"><desc>transcriptional</desc><label>Søkbar tekst</label><code rend="rectangle" lang="text/css">color: #000000</code></rendition></tagsDecl><appInfo>
     <application ident="ImageMarkupTool01" version="1.8.1.3" notAfter="2009-04-14T11:43:09">
     <label>
     Image Markup Tool</label><desc>
     Tool for annotating images using TEI</desc><ref type="appURI" target="http://www.tapor.uvic.ca/~mholmes/image_markup/">
     </ref><ptr target="#imtAnnotatedImage"></ptr><ptr target="#imtImageAnnotations"></ptr><ptr target="#imtAnnotationCategories"></ptr></application>
     
     
     </appInfo></encodingDesc>
</teiHeader>
 <facsimile xml:id="imtAnnotatedImage"><surface><graphic url="No-MM_N0113-02.jpg" width="2704px" height="4064px"></graphic><zone xml:id="imtArea_0" rendition="transcription" ulx="187" uly="573" lrx="2581" lry="3635" rend="visible"></zone></surface></facsimile>
 <text>
  <body>
   <div xml:id="imtImageAnnotations"><div corresp="#imtArea_0" type="imtAnnotation"><head>&#x00A0;</head><div>
    <p rend="extraAir">Sen efter <del rend="overwritten"><gap/></del><persName key="pe486">Gustav</persName> da &#x2013;</p>
    <p>Jeg kjøbten for 36000 ifjor &#x2013; så
    <lb/>kosta jeg kobber og nye seil &#x2013; mindst
    <lb/><del rend="overwritten"><gap/></del>for 15000 &#x2013; eller something</p>
    <p>No No <del rend="overwritten">n</del>No &#x2013; sellern ikke
    <lb/><ref type="lemma" target="co16">Munk</ref> &#x2013; <del rend="overwritten"><gap/></del>send efter <persName key="pe486">Gustav</persName>
    <lb/>da &#x2013;</p>
    <p>Dæveln til fyr han <persName key="pe486">Gustav</persName>
    <lb/>stikker pengene i lommen &#x2013;
    <lb/>Neigu om Du skal narre mig
    <lb/><unclear reason="writing">når</unclear> jeg er i ørska &#x2013;</p>
    <p>Ma</p>
    <p>Sætter Du dig der nå da</p>
    <p>Epingle (H<gap reason="writing"></gap>)</p>
    <p>Hva sier du
    <lb/>Je ne comprends pa</p>
    <p>Comprends pa pa comprends pas (<unclear reason="writing">hø<gap/></unclear>)
    <lb/>du får se å fløtte dig nå</p>
    <p>jeg ska op på golve &#x2013; vil ikke vise
    <lb/>blanke</p>
    </div></div></div>
  </body>
 </text>
</TEI>
