<?xml version="1.0" encoding="UTF-8"?>
<!DOCTYPE TEI PUBLIC "-//TEI P5 MunchTEI//DTD TEI P5 Unified for Edvard Munch's Texts//EN" "file:/O:/Munchs tekster/Transkripsjoner/MunchTEI.dtd" >
<TEI xmlns="http://www.tei-c.org/ns/1.0" version="5.0" xml:id="No-MM_N0137-00-01v">
<teiHeader>
 <fileDesc>
<titleStmt>
<title>No-MM_N0137-00-01v.jpg</title>
</titleStmt>

<publicationStmt>
<p></p>
</publicationStmt>
<sourceDesc>
<p>2704 x 4064</p>
</sourceDesc>
 </fileDesc>
 <encodingDesc>


 
  <tagsDecl xml:id="imtAnnotationCategories"><rendition xml:id="transcription"><label>Contains the transcribed and TEI P5 encoded text of the objects</label><code rend="rectangle" lang="text/css">color: #ff0000</code></rendition><rendition xml:id="commentary"><label>Kommentarer</label><code rend="rectangle" lang="text/css">color: #00ff00</code></rendition><rendition xml:id="philologicalNotes"><label>Edisjonsfilologiske noter</label><code rend="rectangle" lang="text/css">color: #0000ff</code></rendition><rendition xml:id="textForSearch"><desc>transcriptional</desc><label>Søkbar tekst</label><code rend="rectangle" lang="text/css">color: #000000</code></rendition></tagsDecl><appInfo>
     <application ident="ImageMarkupTool01" version="1.8.1.3" notAfter="2009-04-22T15:28:37">
     <label>
     Image Markup Tool</label><desc>
     Tool for annotating images using TEI</desc><ref type="appURI" target="http://www.tapor.uvic.ca/~mholmes/image_markup/">
     </ref><ptr target="#imtAnnotatedImage"></ptr><ptr target="#imtImageAnnotations"></ptr><ptr target="#imtAnnotationCategories"></ptr></application>
     
     
     </appInfo></encodingDesc>
</teiHeader>
 <facsimile xml:id="imtAnnotatedImage"><surface><graphic url="No-MM_N0137-00-01v.jpg" width="2704px" height="4064px"></graphic><zone xml:id="imtArea_0" rendition="transcription" ulx="195" uly="394" lrx="2434" lry="3985" rend="visible"></zone></surface></facsimile>
 <text>
  <body>
   <div xml:id="imtImageAnnotations"><div corresp="#imtArea_0" type="imtAnnotation"><head>&#x00A0;</head><div>
    <p rend="noIndent"><del rend="overstrike">vigtig for mig</del> at De forklarer
    <lb/>hvordan det forholder sig</p>
    <p><placeName key="pl46">Nedre Ramme</placeName> kjøbte jeg <del rend="overwritten">og</del>forat
    <lb/><del rend="overstrike">beholdt</del> ha et sted at male
     <lb/><ref type="lemma" target="co2">Aulabillederne</ref> færdig på &#x2013;</p>
    <p>Jeg beholdt det tiltrods for
    <lb/>at jeg leiet <del rend="overwritten"><gap/></del>på <del rend="overwritten"><gap/></del><placeName key="pl166">Jeløen</placeName> da
    <lb/>jeg <del rend="overstrike">der</del> på <placeName key="pl46">Nedre Ramme</placeName> havde
    <lb/>funnet motivet til Alma Mater
    <lb/>&#x2013; <del rend="overstrike">De fik det ved at jeg</del> kunne
    <lb/><del rend="overstrike">som med Historien</del> få støtte
    <lb/>af naturen få givet det den
    <lb/>samme jordbundne karakter</p>
    <p>Da jeg <del rend="overstrike">hele</del> alle disse <gap reason="scribble"/>år har
    <lb/>tænkt at arbeide videre på Alma
    <lb/><del rend="overwritten">m</del>Mater og give det den samme
    <lb/>guttegruppe til venstre som det første
    <lb/>beholdt jeg stedet og har der
    <lb/><del rend="overstrike">tiltrods for utallige <gap/> <gap/></del> fortsat
    <lb/>med at male studier til det &#x2013;</p>
    <p>Hytten i <placeName key="pl42">Aasgaardstrand</placeName> er mig
    <lb/>vigtig til fuldførelsen af Livsfrisen
    <lb/>og på <placeName key="pl41">Ekely</placeName> har i 5 atelierer arbeidet
    <lb/>på store vægmalerier og har 2 store
    <lb/>grafiske presser</p>
    </div></div></div>
  </body>
 </text>
</TEI>
