<?xml version="1.0" encoding="UTF-8"?>
<!DOCTYPE TEI PUBLIC "-//TEI P5 MunchTEI//DTD TEI P5 Unified for Edvard Munch's Texts//EN" "file:/O:/Munchs tekster/Transkripsjoner/MunchTEI.dtd" >
<TEI xmlns="http://www.tei-c.org/ns/1.0" version="5.0" xml:id="No-MM_N0095-00-01vr">
<teiHeader>
 <fileDesc>
<titleStmt>
<title>No-MM_N0095-00-01v.jpg</title>
</titleStmt>

<publicationStmt>
<p></p>
</publicationStmt>
<sourceDesc>
<p>2704 x 4064</p>
</sourceDesc>
 </fileDesc>
 <encodingDesc>


 
  <tagsDecl xml:id="imtAnnotationCategories"><rendition xml:id="transcription"><label>Contains the transcribed and TEI P5 encoded text of the objects</label><code rend="rectangle" lang="text/css">color: #ff0000</code></rendition><rendition xml:id="commentary"><label>Kommentarer</label><code rend="rectangle" lang="text/css">color: #00ff00</code></rendition><rendition xml:id="philologicalNotes"><label>Edisjonsfilologiske noter</label><code rend="rectangle" lang="text/css">color: #0000ff</code></rendition><rendition xml:id="textForSearch"><desc>transcriptional</desc><label>Søkbar tekst</label><code rend="rectangle" lang="text/css">color: #000000</code></rendition></tagsDecl><appInfo>
     <application ident="ImageMarkupTool01" version="1.8.1.3" notAfter="2009-03-30T12:57:24">
     <label>
     Image Markup Tool</label><desc>
     Tool for annotating images using TEI</desc><ref type="appURI" target="http://www.tapor.uvic.ca/~mholmes/image_markup/">
     </ref><ptr target="#imtAnnotatedImage"></ptr><ptr target="#imtImageAnnotations"></ptr><ptr target="#imtAnnotationCategories"></ptr></application>
     
     
     </appInfo></encodingDesc>
</teiHeader>
 <facsimile xml:id="imtAnnotatedImage"><surface><graphic url="No-MM_N0095-00-01v.jpg" width="2704px" height="4064px"></graphic><zone xml:id="imtArea_0" rendition="transcription" ulx="306" uly="668" lrx="2489" lry="3300" rend="visible"></zone></surface></facsimile>
 <text>
  <body>
   <div xml:id="imtImageAnnotations"><div corresp="#imtArea_0" type="imtAnnotation"><head>&#x00A0;</head><div>
    <p rend="noIndent"><del rend="overstrike">så</del> trist &#x2013; hun kulde jo komme <gap reason="damage"/>
     <lb/>hvorfor var han da ikke gla &#x2013;
     <lb/>som han var gla når den andre 
     <lb/>kommer &#x2013;</p>
    <p>Nei Nei <del rend="overwritten">vi</del>bare han hadde grebet
     <lb/>til &#x2013; så <del rend="overwritten">k</del>vilde <del rend="overstrike">kjærligheden</del> kjærligheden 
     <lb/>bli ligedan &#x2013; og <unclear reason="writing">Nu</unclear> vilde han handle &#x2013;</p>
    <p>&#x2013; Hvor hun blir længe &#x2013; 
     <lb/>skulde hun ikke komme nu 
     <lb/>som han følte han vilde handle &#x2013;
     <lb/><del rend="overstrike">At hun lod ham gå så læn 
      <lb/>her og vente &#x2013; i kulden</del>
     <lb/>det var en time over klokkeslettet &#x2013;</p>
    <p>Han ventet og ventet &#x2013; <del rend="overstrike">han 
     <lb/>tid</del> timerne gik &#x2013; <del rend="overstrike">klokken var</del> han 
     <lb/>gik endnu frem og tilbage og ventet &#x2013; han 
     <lb/>vilde holde ud &#x2013; <del rend="overstrike">han</del> <del rend="overstrike">hvis</del> han vilde 
     <lb/>jo ha holdt <del rend="overwritten"><gap/></del>hvis <ref type="lemma" target="co5">fru Heiberg</ref> <del rend="overstrike"><gap/> kom</del>
     <lb/>skulde komme &#x2013; og han vilde holle a denne <del rend="overstrike">her</del> 
     <lb/>lisså meget &#x2013;</p>
     <p>Han bed tænderne sammen &#x2013; hvorfor lod 
     <lb/>hun ham vente &#x2013;</p>
    <p>Han var sint</p>
    <p>Men da varn jo gla i henne &#x2013; når han 
     <lb/>var så sint &#x2013;</p>
    <p>Nu vilde skolen snart være slut &#x2013; så vilde 
     <lb/>hun komme &#x2013;</p>
    </div></div></div>
  </body>
 </text>
</TEI>
