<?xml version="1.0" encoding="UTF-8"?>
<!DOCTYPE TEI PUBLIC "-//TEI P5 MunchTEI//DTD TEI P5 Unified for Edvard Munch's Texts//EN" "file:/O:/Munchs tekster/Transkripsjoner/MunchTEI.dtd" >
<TEI xmlns="http://www.tei-c.org/ns/1.0" version="5.0" xml:id="No-MM_N0125-00-01v">
<teiHeader>
 <fileDesc>
<titleStmt>
<title>No-MM_N0125-00-01v.jpg</title>
</titleStmt>

<publicationStmt>
<p></p>
</publicationStmt>
<sourceDesc>
<p>2704 x 4064</p>
</sourceDesc>
 </fileDesc>
 <encodingDesc>


 
  <tagsDecl xml:id="imtAnnotationCategories"><rendition xml:id="transcription"><label>Contains the transcribed and TEI P5 encoded text of the objects</label><code rend="rectangle" lang="text/css">color: #ff0000</code></rendition><rendition xml:id="commentary"><label>Kommentarer</label><code rend="rectangle" lang="text/css">color: #00ff00</code></rendition><rendition xml:id="philologicalNotes"><label>Edisjonsfilologiske noter</label><code rend="rectangle" lang="text/css">color: #0000ff</code></rendition><rendition xml:id="textForSearch"><desc>transcriptional</desc><label>Søkbar tekst</label><code rend="rectangle" lang="text/css">color: #000000</code></rendition></tagsDecl><appInfo>
     <application ident="ImageMarkupTool01" version="1.8.1.3" notAfter="2009-04-16T09:03:35">
     <label>
     Image Markup Tool</label><desc>
     Tool for annotating images using TEI</desc><ref type="appURI" target="http://www.tapor.uvic.ca/~mholmes/image_markup/">
     </ref><ptr target="#imtAnnotatedImage"></ptr><ptr target="#imtImageAnnotations"></ptr><ptr target="#imtAnnotationCategories"></ptr></application>
     
     
     </appInfo></encodingDesc>
</teiHeader>
 <facsimile xml:id="imtAnnotatedImage"><surface><graphic url="No-MM_N0125-00-01v.jpg" width="2704px" height="4064px"></graphic><zone xml:id="imtArea_0" rendition="transcription" ulx="270" uly="171" lrx="2564" lry="2040" rend="visible"></zone><zone xml:id="imtArea_1" rendition="commentary" ulx="493" uly="934" lrx="922" lry="1411" rend="visible"></zone><zone xml:id="imtArea_2" rendition="commentary" ulx="887" uly="2199" lrx="1623" lry="3094" rend="visible"></zone></surface></facsimile>
 <text>
  <body>
   <div xml:id="imtImageAnnotations"><div corresp="#imtArea_0" type="imtAnnotation"><head>&#x00A0;</head><div>
    <p rend="noIndent"><del rend="overstrike">kn</del> 
    <lb/>knyttet næven og så alle folk ind i
    <lb/>ansigte &#x2013; <del rend="overstrike">hu</del> Jeg elsker hen <del rend="overstrike">h</del> elsker hende
    <lb/>og hun har sagt hun elsker mig
    <lb/>og han så alle folk ind i ansigtet
    <lb/>og øinene lyste &#x2013;
    <lb/>ved <del rend="overstrike"><del rend="overwritten"><gap/></del>svingen</del> <placeName key="pl186">stortorvet</placeName> kom
    <lb/><del rend="overstrike">Kap</del> <del rend="overwritten"><gap/></del>Kaptainen mod ham</p>
    <p>Det skar <del rend="overstrike">til</del> lidt i ham <del rend="overstrike">men</del>
    <lb/><del rend="overwritten"><gap/></del>Så fik han <add place="supralinear">pludselig</add> sådan lyst til at fortælle
    <lb/>ham hvilken <unclear reason="writing">nar</unclear> han var og hun tilhørte
    <lb/>ham og han gjorde en <del rend="overstrike">plu</del> hastig <unclear reason="writing">svingt</unclear>
    <lb/>mod ham så de berørte <unclear reason="writing">hinanden</unclear> da de mødtes</p>
    
   </div></div><div corresp="#imtArea_1" type="imtAnnotation"><head>Tegning</head><div></div></div><div corresp="#imtArea_2" type="imtAnnotation"><head>Tegning</head><div></div></div></div>
  </body>
 </text>
</TEI>
