<?xml version="1.0" encoding="UTF-8"?>
<!DOCTYPE TEI PUBLIC "-//TEI P5 MunchTEI//DTD TEI P5 Unified for Edvard Munch's Texts//EN" "file:/O:/Munchs tekster/Transkripsjoner/MunchTEI.dtd" >
<TEI xmlns="http://www.tei-c.org/ns/1.0" version="5.0" xml:id="No-MM_N0022-01">
<teiHeader>
 <fileDesc>
<titleStmt>
<title>No-MM_N0022-01.jpg</title>
</titleStmt>

<publicationStmt>
<p></p>
</publicationStmt>
<sourceDesc>
<p>2704 x 4064</p>
</sourceDesc>
 </fileDesc>
 <encodingDesc>


 
  <tagsDecl xml:id="imtAnnotationCategories"><rendition xml:id="transcription"><label>Contains the transcribed and TEI P5 encoded text of the objects</label><code rend="rectangle" lang="text/css">color: #ff0000</code></rendition><rendition xml:id="commentary"><label>Kommentarer</label><code rend="rectangle" lang="text/css">color: #00ff00</code></rendition><rendition xml:id="philologicalNotes"><label>Edisjonsfilologiske noter</label><code rend="rectangle" lang="text/css">color: #0000ff</code></rendition><rendition xml:id="textForSearch"><desc>transcriptional</desc><label>Søkbar tekst</label><code rend="rectangle" lang="text/css">color: #000000</code></rendition></tagsDecl><appInfo>
     <application ident="ImageMarkupTool01" version="1.8.1.2" notAfter="2009-03-18T11:24:14">
     <label>
     Image Markup Tool</label><desc>
     Tool for annotating images using TEI</desc><ref type="appURI" target="http://www.tapor.uvic.ca/~mholmes/image_markup/">
     </ref><ptr target="#imtAnnotatedImage"></ptr><ptr target="#imtImageAnnotations"></ptr><ptr target="#imtAnnotationCategories"></ptr></application>
     
     
     </appInfo></encodingDesc>
</teiHeader>
 <facsimile xml:id="imtAnnotatedImage"><surface><graphic url="No-MM_N0022-01.jpg" width="2704px" height="4064px"></graphic><zone xml:id="imtArea_0" rendition="transcription" ulx="64" uly="452" lrx="2516" lry="3800" rend="visible"></zone></surface></facsimile>
 <text>
  <body>
   <div xml:id="imtImageAnnotations"><div corresp="#imtArea_0" type="imtAnnotation"><head>&#x00A0;</head><div>
    <p><unclear><del rend="overwritten">P</del></unclear>Når man går opover <placeName key="pl132">avenue de 
     <lb/>la gare</placeName> i <placeName key="pl70">Nizza</placeName> &#x2013; <del rend="overstrike"><gap/></del> hovedgaden
    <lb/>der fører til jernbanen ser man 
    <lb/>på <del rend="overstrike">et af</del> opslåt på muren 
    <lb/>til et af byens større hoteler 
    <lb/>en stor plakat hvor man læser 
    <lb/>følgende<seg type="interpunctionalSpace"/>Gå ikke til <placeName key="pl70">Nizza</placeName> <add place="inline"><placeName key="pl124">Monaco</placeName></add> 
    <lb/>det er familiers ruin og en ødeleggelse 
     <lb/>for alle foretninger &#x2013; Derefter 
    <lb/>kommer navner på <del rend="overstrike">flere</del> de 
    <lb/>sidste der har begået selvmord 
     <lb/><gap reason="scribble"/> efter at have tabt &#x2013;</p>
    <p>Ja <del rend="overstrike">en</del> <del rend="overstrike">af</del> <add place="supralinear">får vide af</add> Parisbladene fortæller
    <lb/><del rend="overstrike">for <gap/></del> (for <del rend="overstrike">de</del> bladene hernede 
    <lb/>betales <del rend="overstrike">i</del> tusender <del rend="overstrike">for intet</del> at 
    <lb/>melde) <del rend="overstrike">fortæler at</del> <del rend="overstrike">for <gap/> <gap/></del> 
    <lb/>at i Januar måned har der 
     <lb/>været <unclear reason="writing">30</unclear> selvmord &#x2013; <del rend="overstrike">der</del> en af de 
     <lb/>sidste dagene skjød sig 3 &#x2013;</p>
    <p><del rend="overstrike"><del rend="overwritten"><gap/></del>Det</del> Alt dette kan muligvis</p>
    </div></div></div>
  </body>
 </text>
</TEI>
