<?xml version="1.0" encoding="UTF-8"?>
<!DOCTYPE TEI PUBLIC "-//TEI P5 MunchTEI//DTD TEI P5 Unified for Edvard Munch's Texts//EN" "file:/O:/Munchs tekster/Transkripsjoner/MunchTEI.dtd" >
<TEI xmlns="http://www.tei-c.org/ns/1.0" version="5.0" xml:id="No-MM_N0069-00-01r">
<teiHeader>
 <fileDesc>
<titleStmt>
<title>No-MM_N0069-00-01r.jpg</title>
</titleStmt>

<publicationStmt>
<p></p>
</publicationStmt>
<sourceDesc>
<p>2704 x 4064</p>
</sourceDesc>
 </fileDesc>
 <encodingDesc>


 
  <tagsDecl xml:id="imtAnnotationCategories"><rendition xml:id="transcription"><label>Contains the transcribed and TEI P5 encoded text of the objects</label><code rend="rectangle" lang="text/css">color: #ff0000</code></rendition><rendition xml:id="commentary"><label>Kommentarer</label><code rend="rectangle" lang="text/css">color: #00ff00</code></rendition><rendition xml:id="philologicalNotes"><label>Edisjonsfilologiske noter</label><code rend="rectangle" lang="text/css">color: #0000ff</code></rendition><rendition xml:id="textForSearch"><desc>transcriptional</desc><label>Søkbar tekst</label><code rend="rectangle" lang="text/css">color: #000000</code></rendition></tagsDecl><appInfo>
     <application ident="ImageMarkupTool01" version="1.8.1.3" notAfter="2009-03-25T16:12:58">
     <label>
     Image Markup Tool</label><desc>
     Tool for annotating images using TEI</desc><ref type="appURI" target="http://www.tapor.uvic.ca/~mholmes/image_markup/">
     </ref><ptr target="#imtAnnotatedImage"></ptr><ptr target="#imtImageAnnotations"></ptr><ptr target="#imtAnnotationCategories"></ptr></application>
     
     
     </appInfo></encodingDesc>
</teiHeader>
 <facsimile xml:id="imtAnnotatedImage"><surface><graphic url="No-MM_N0069-00-01r.jpg" width="2704px" height="4064px"></graphic><zone xml:id="imtArea_0" rendition="transcription" ulx="243" uly="533" lrx="2601" lry="3993" rend="visible"></zone></surface></facsimile>
 <text>
  <body>
   <div xml:id="imtImageAnnotations"><div corresp="#imtArea_0" type="imtAnnotation"><head>&#x00A0;</head><div>
    <p rend="extraAir">Jeg gik en aften nedover 
    <lb/>en vei <del rend="overstrike">med</del> på den side 
    <lb/>lå byen og fjorden &#x2013;
     <lb/><del rend="overstrike">&#x2013; Solen gik ned &#x2013; himmelen</del>
    <lb/><del rend="overstrike"><gap/></del>Jeg var træt og syg &#x2013; <add place="inBetweenLines">jeg stod 
    <lb/>og så ret over fjorden &#x2013; og lod vennerne gå. </add>
    <lb/>Solen gik ned &#x2013; og luften &#x2013; farvedes
    <lb/>rød &#x2013; som blod &#x2013;
    <lb/>&#x2013; Jeg følte som et skrik &#x2013; gjennem 
    <lb/><del rend="overstrike">naturen &#x2013; jeg</del> naturen &#x2013; jeg syntes 
    <lb/>at høre et skrik &#x2013;
    <lb/>&#x2013; Jeg malte dette <add place="supralinear">billed</add> &#x2013; Jeg malte 
    <lb/>luften og skyerne som blod &#x2013; 
    <lb/>Billedet <del rend="overwritten">s</del>Skrig! &#x2013; i livsfrisen.</p>
    <p>&#x2013; Da <gap reason="scribble"/>musikken en solklar 
    <lb/>vårdag kom nedover <placeName key="pl149">Karl Johan</placeName> 
    <lb/>&#x2013; <del rend="overstrike">føltes mit</del> fyldtes mit sind 
    <lb/>med fest &#x2013; Våren lyset &#x2013; musikken 
    <lb/>smeltet sammen til en dirrende 
    <lb/>glæde &#x2013; Musikken farvede og forandrede 
    <lb/>farverne &#x2013; Jeg malte musikken på <placeName key="pl149">Karl Johan</placeName>.</p>
    <p>Jeg lot farverne dirre efter musikkens rythmer</p>
    </div></div></div>
  </body>
 </text>
</TEI>
