<?xml version="1.0" encoding="UTF-8"?>
<!DOCTYPE TEI PUBLIC "-//TEI P5 MunchTEI//DTD TEI P5 Unified for Edvard Munch's Texts//EN" "file:/O:/Munchs tekster/Transkripsjoner/MunchTEI.dtd" >
<TEI xmlns="http://www.tei-c.org/ns/1.0" version="5.0" xml:id="No-MM_N0106-01">
<teiHeader>
 <fileDesc>
<titleStmt>
<title>No-MM_N0106-01.jpg</title>
</titleStmt>

<publicationStmt>
<p></p>
</publicationStmt>
<sourceDesc>
<p>2704 x 4064</p>
</sourceDesc>
 </fileDesc>
 <encodingDesc>


 
  <tagsDecl xml:id="imtAnnotationCategories"><rendition xml:id="transcription"><label>Contains the transcribed and TEI P5 encoded text of the objects</label><code rend="rectangle" lang="text/css">color: #ff0000</code></rendition><rendition xml:id="commentary"><label>Kommentarer</label><code rend="rectangle" lang="text/css">color: #00ff00</code></rendition><rendition xml:id="philologicalNotes"><label>Edisjonsfilologiske noter</label><code rend="rectangle" lang="text/css">color: #0000ff</code></rendition><rendition xml:id="textForSearch"><desc>transcriptional</desc><label>Søkbar tekst</label><code rend="rectangle" lang="text/css">color: #000000</code></rendition></tagsDecl><appInfo>
     <application ident="ImageMarkupTool01" version="1.8.1.3" notAfter="2009-04-03T13:21:03">
     <label>
     Image Markup Tool</label><desc>
     Tool for annotating images using TEI</desc><ref type="appURI" target="http://www.tapor.uvic.ca/~mholmes/image_markup/">
     </ref><ptr target="#imtAnnotatedImage"></ptr><ptr target="#imtImageAnnotations"></ptr><ptr target="#imtAnnotationCategories"></ptr></application>
     
     
     </appInfo></encodingDesc>
</teiHeader>
 <facsimile xml:id="imtAnnotatedImage"><surface><graphic url="No-MM_N0106-01.jpg" width="2704px" height="4064px"></graphic><zone xml:id="imtArea_0" rendition="transcription" ulx="266" uly="342" lrx="2381" lry="3471" rend="visible"></zone></surface></facsimile>
 <text>
  <body>
   <div xml:id="imtImageAnnotations"><div corresp="#imtArea_0" type="imtAnnotation"><head>&#x00A0;</head><div>
    <p>Hvad hun vilde <del rend="overwritten"><gap/></del>have sagt &#x2013;
    <lb/>Han tænkte på om hun ikke
    <lb/>syntes han var en dumrian
     <lb/>som ikke havde gjort det &#x2013;
    <lb/>og at hun lo af ham derfor</p>
    <p><del rend="overstrike">Han tænkte på hende at 
    <lb/>den br</del> <del rend="overstrike">hun</del> <del rend="overstrike">lå der i den brede
     <lb/>sengen &#x2013; i det tunge elegante
     <lb/>sengeværelse &#x2013;</del></p>
    <p>Så så han hende <del rend="overstrike">i den</del> liggende
    <lb/>i den brede sengen i det 
     <lb/>tunge elegante soveværelse &#x2013;
    <lb/>med udsl<del rend="overwritten"><gap/></del>ået hår og nøgne arme
     <lb/>og hals &#x2013;</p>
    <p>Den samme <del rend="overwritten"><gap/></del>månen som <del rend="overstrike">lyste
     <lb/>ind til ham &#x2013; kastet oss</del>
    <lb/>kastet en <del rend="overstrike"><gap/></del> blåagtig firkant
    <lb/>på gulvet <del rend="overwritten"><gap/></del>hos ham lyste osså
    <lb/>ind hos hende.</p>
    <p>Han <del rend="overwritten">s</del>hadde aldrig syntes månen
    <lb/>var så vakker som nu</p>
    </div></div></div>
  </body>
 </text>
</TEI>
