<?xml version="1.0" encoding="UTF-8"?>
<!DOCTYPE TEI PUBLIC "-//TEI P5 MunchTEI//DTD TEI P5 Unified for Edvard Munch's Texts//EN" "file:/O:/Munchs tekster/Transkripsjoner/MunchTEI.dtd" >
<TEI xmlns="http://www.tei-c.org/ns/1.0" version="5.0" xml:id="No-MM_N0105-03">
<teiHeader>
 <fileDesc>
<titleStmt>
<title>No-MM_N0105-03.jpg</title>
</titleStmt>

<publicationStmt>
<p></p>
</publicationStmt>
<sourceDesc>
<p>2704 x 4064</p>
</sourceDesc>
 </fileDesc>
 <encodingDesc>


 
  <tagsDecl xml:id="imtAnnotationCategories"><rendition xml:id="transcription"><label>Contains the transcribed and TEI P5 encoded text of the objects</label><code rend="rectangle" lang="text/css">color: #ff0000</code></rendition><rendition xml:id="commentary"><label>Kommentarer</label><code rend="rectangle" lang="text/css">color: #00ff00</code></rendition><rendition xml:id="philologicalNotes"><label>Edisjonsfilologiske noter</label><code rend="rectangle" lang="text/css">color: #0000ff</code></rendition><rendition xml:id="textForSearch"><desc>transcriptional</desc><label>Søkbar tekst</label><code rend="rectangle" lang="text/css">color: #000000</code></rendition></tagsDecl><appInfo>
     <application ident="ImageMarkupTool01" version="1.8.1.3" notAfter="2009-04-03T12:00:49">
     <label>
     Image Markup Tool</label><desc>
     Tool for annotating images using TEI</desc><ref type="appURI" target="http://www.tapor.uvic.ca/~mholmes/image_markup/">
     </ref><ptr target="#imtAnnotatedImage"></ptr><ptr target="#imtImageAnnotations"></ptr><ptr target="#imtAnnotationCategories"></ptr></application>
     
     
     </appInfo></encodingDesc>
</teiHeader>
 <facsimile xml:id="imtAnnotatedImage"><surface><graphic url="No-MM_N0105-03.jpg" width="2704px" height="4064px"></graphic><zone xml:id="imtArea_0" rendition="transcription" ulx="80" uly="278" lrx="2382" lry="3698" rend="visible"></zone></surface></facsimile>
 <text>
  <body>
   <div xml:id="imtImageAnnotations"><div corresp="#imtArea_0" type="imtAnnotation"><head>&#x00A0;</head><div>
    <p rend="noIndent">med noen andre &#x2013; Hvor
    <lb/>besynderlig blød han blev
    <lb/>i benene &#x2013;</p>
    <p>Han hilste dybt &#x2013; høitidelig
    <lb/>&#x2013; hun <del rend="overstrike">hilste</del> bøiet sig
    <lb/>fremover og smilte til ham
    <lb/>&#x2013; og så ham ind i øinene &#x2013;
    <lb/><del rend="overstrike">Og</del> <del rend="overstrike">Han var alene tilbage
    <lb/>hvad skulde</del></p>
    <p>Han så <del rend="overwritten"><gap/></del>bare <del rend="overstrike">den sort</del>
    <lb/>&#x2013; dette smilet &#x2013; <del rend="overstrike">den sorte</del>
    <lb/>Han gik uden at vide af
    <lb/>det han skulde være hjemme
    <lb/>&#x2013; men så var han på <orgName key="i83">Grand</orgName>
    <lb/>drømme ind i <del rend="overwritten"><gap/></del>den tykke
    <lb/>røgen &#x2013;</p>
    <p>Hvordan skulde han få
    <lb/>tale med hende &#x2013; <del rend="overstrike">Er</del> han holdt
    <lb/>på at fortvile &#x2013; var han</p>
    </div></div></div>
  </body>
 </text>
</TEI>
