<?xml version="1.0" encoding="UTF-8"?>

<?xml-stylesheet type="text/xsl" href="file:/O:/Munchs tekster/Transkripsjoner/eMunch_view.xsl"?>
<!DOCTYPE TEI PUBLIC "-//TEI P5 MunchTEI//DTD TEI P5 Unified for Edvard Munch's Texts//EN" "file:/O:/Munchs tekster/Transkripsjoner/MunchTEI.dtd">
<TEI xmlns="http://www.tei-c.org/ns/1.0">
  <teiHeader>
    <fileDesc>
      <titleStmt>
        <title>MM N 116. Notat</title>
      </titleStmt>
      <publicationStmt><p/></publicationStmt>
      <sourceDesc><bibl xml:id="No-MM_N0116"/></sourceDesc>
    </fileDesc>
    <profileDesc>
        <langUsage><language ident="no"/></langUsage>
        <handNotes><handNote xml:id="EM1" medium="pen_black">Svart blekk</handNote></handNotes>
      </profileDesc>
      <revisionDesc>
        <change xml:id="HB" who="#HB" when="2008-05-16">Kodet opp samlefil i Oxygen samt enkeltsidefiler, dels i ImageMarkupTool, dels i Oxygen.</change>
        <change who="#HB" when="2009-07-21">Kodet opp til gjeldende standard</change>
        <change who="#HED" when="2010-09-17">Ført inn rettelser etter korrektur.</change>
        <change who="#HB" when="2010-09-22">Endret navn på filer og id-verdi så den er i overensstemmelse med standard ellers.</change>
      </revisionDesc>
  </teiHeader>
  <text>
    <body>
      <div type="facsimile" n="1"  xml:id="No-MM_N0116-00-01r">
        <include href="No-MM_N0116-00-01r.xml" xpointer="imtAnnotationCategories">
          <fallback>FIXME: MISSING XINCLUDE CONTENT</fallback>
        </include>
          <include href="No-MM_N0116-00-01r.xml" xpointer="imtAnnotatedImage">
            <fallback>FIXME: MISSING XINCLUDE CONTENT  </fallback>
        </include>
          <include href="No-MM_N0116-00-01r.xml" xpointer="imtImageAnnotations">
            <fallback>FIXME: MISSING XINCLUDE CONTENT  </fallback>
          </include>
          </div>
      <div type="facsimile" n="2"  xml:id="No-MM_N0116-00-01v">
        <include href="No-MM_N0116-00-01v.xml" xpointer="imtAnnotationCategories">
          <fallback>FIXME: MISSING XINCLUDE CONTENT</fallback>
        </include>
        <include href="No-MM_N0116-00-01v.xml" xpointer="imtAnnotatedImage">
            <fallback>FIXME: MISSING XINCLUDE CONTENT  </fallback>
          </include>
        <include href="No-MM_N0116-00-01v.xml" xpointer="imtImageAnnotations">
            <fallback>FIXME: MISSING XINCLUDE CONTENT  </fallback>
          </include>
        </div>
    </body>
  </text>
</TEI>