<?xml version="1.0" encoding="UTF-8"?>
<!DOCTYPE TEI PUBLIC "-//TEI P5 MunchTEI//DTD TEI P5 Unified for Edvard Munch's Texts//EN" "file:/O:/Munchs tekster/Transkripsjoner/MunchTEI.dtd" >
<TEI xmlns="http://www.tei-c.org/ns/1.0" version="5.0" xml:id="No-MM_N0099-01">
<teiHeader>
 <fileDesc>
<titleStmt>
<title>No-MM_N0099-01.jpg</title>
</titleStmt>

<publicationStmt>
<p></p>
</publicationStmt>
<sourceDesc>
<p>2704 x 4064</p>
</sourceDesc>
 </fileDesc>
 <encodingDesc>


 
  <tagsDecl xml:id="imtAnnotationCategories"><rendition xml:id="transcription"><label>Contains the transcribed and TEI P5 encoded text of the objects</label><code rend="rectangle" lang="text/css">color: #ff0000</code></rendition><rendition xml:id="commentary"><label>Kommentarer</label><code rend="rectangle" lang="text/css">color: #00ff00</code></rendition><rendition xml:id="philologicalNotes"><label>Edisjonsfilologiske noter</label><code rend="rectangle" lang="text/css">color: #0000ff</code></rendition><rendition xml:id="textForSearch"><desc>transcriptional</desc><label>Søkbar tekst</label><code rend="rectangle" lang="text/css">color: #000000</code></rendition></tagsDecl><appInfo>
     <application ident="ImageMarkupTool01" version="1.8.1.3" notAfter="2009-03-30T14:34:53">
     <label>
     Image Markup Tool</label><desc>
     Tool for annotating images using TEI</desc><ref type="appURI" target="http://www.tapor.uvic.ca/~mholmes/image_markup/">
     </ref><ptr target="#imtAnnotatedImage"></ptr><ptr target="#imtImageAnnotations"></ptr><ptr target="#imtAnnotationCategories"></ptr></application>
     
     
     </appInfo></encodingDesc>
</teiHeader>
 <facsimile xml:id="imtAnnotatedImage"><surface><graphic url="No-MM_N0099-01.jpg" width="2704px" height="4064px"></graphic><zone xml:id="imtArea_0" rendition="transcription" ulx="231" uly="266" lrx="2454" lry="3634" rend="visible"></zone></surface></facsimile>
 <text>
  <body>
   <div xml:id="imtImageAnnotations"><div corresp="#imtArea_0" type="imtAnnotation"><head>&#x00A0;</head><div>
    <p>De var på hjemveien
    <lb/>De gik forbi hytter med <del rend="overstrike"><del rend="overwritten">f</del>gjerder</del>
    <lb/>haver foran &#x2013; og frugtræer og gjærder.
    <lb/><del rend="overstrike">Man ska</del> Man skvat <del rend="overstrike">lidt</del> hva var det
    <lb/>&#x2013; og så kikket man lige ind i
    <lb/>hodet på en gammel kjærring
    <lb/>der stod <del rend="overstrike">og</del> stille i døren og så på 
    <lb/>dem med en klud i hånden. <del rend="overstrike">Hvor 
    <lb/>hun vak Fru</del> Der var et <del rend="overstrike">ba</del> par
    <lb/>bitte bitte små <del rend="overstrike">stul</del> støvler sat
    <lb/>op på <del rend="overwritten">h</del>gjærdet med sålerne op &#x2013;
    <lb/>dyvåde og <del rend="overstrike">ful</del> med huller og
    <lb/>lapper. &#x2013; Så skvat <ref type="lemma" target="co84">Fru P</ref>
    <lb/>&#x2013; det var en <del rend="overstrike">kat</del> svart kat som 
    <lb/>smøg sig om benene hendes &#x2013; Higstet 
    <lb/><add place="inBetweenLines">Åå rør den ikke.</add>
    <lb/>&#x2013; Hvor søt den er &#x2013; hvor den
    <lb/>er yndig &#x2013; der var nok en 
    <lb/>kat og der en &#x2013; de for til sk<del rend="overwritten"><gap/></del>ovs.</p> 
    <p>Så kom de ind i skoven. 
    <lb/><del rend="overwritten"><gap/></del>På den ene side tyk skov &#x2013; svart 
    <lb/>og ugjennemtrængelig &#x2013; på den anden 
    <lb/>side &#x2013; de<del rend="overwritten">n</del>t <del rend="overstrike">blåviolette</del> vandet</p>
    </div></div></div>
  </body>
 </text>
</TEI>