<?xml version="1.0" encoding="UTF-8"?>
<!DOCTYPE TEI PUBLIC "-//TEI P5 MunchTEI//DTD TEI P5 Unified for Edvard Munch's Texts//EN" "file:/O:/Munchs tekster/Transkripsjoner/MunchTEI.dtd" >
<TEI xmlns="http://www.tei-c.org/ns/1.0" version="5.0" xml:id="No-MM_N0040-00-01r">
<teiHeader>
 <fileDesc>
<titleStmt>
<title>No-MM_N0040-00-01r.jpg</title>
</titleStmt>

<publicationStmt>
<p></p>
</publicationStmt>
<sourceDesc>
<p>4064 x 2704</p>
</sourceDesc>
 </fileDesc>
 <encodingDesc>


 
  <tagsDecl xml:id="imtAnnotationCategories"><rendition xml:id="transcription"><label>Contains the transcribed and TEI P5 encoded text of the objects</label><code rend="rectangle" lang="text/css">color: #ff0000</code></rendition><rendition xml:id="commentary"><label>Kommentarer</label><code rend="rectangle" lang="text/css">color: #00ff00</code></rendition><rendition xml:id="philologicalNotes"><label>Edisjonsfilologiske noter</label><code rend="rectangle" lang="text/css">color: #0000ff</code></rendition><rendition xml:id="textForSearch"><desc>transcriptional</desc><label>Søkbar tekst</label><code rend="rectangle" lang="text/css">color: #000000</code></rendition></tagsDecl><appInfo>
     <application ident="ImageMarkupTool01" version="1.8.1.3" notAfter="2009-03-23T09:29:54">
     <label>
     Image Markup Tool</label><desc>
     Tool for annotating images using TEI</desc><ref type="appURI" target="http://www.tapor.uvic.ca/~mholmes/image_markup/">
     </ref><ptr target="#imtAnnotatedImage"></ptr><ptr target="#imtImageAnnotations"></ptr><ptr target="#imtAnnotationCategories"></ptr></application>
     
     
     </appInfo></encodingDesc>
</teiHeader>
 <facsimile xml:id="imtAnnotatedImage"><surface><graphic url="No-MM_N0040-00-01r.jpg" width="4064px" height="2704px"></graphic><zone xml:id="imtArea_0" rendition="transcription" ulx="132" uly="251" lrx="3860" lry="2587" rend="visible"></zone></surface></facsimile>
 <text>
  <body>
   <div xml:id="imtImageAnnotations"><div corresp="#imtArea_0" type="imtAnnotation"><head>&#x00A0;</head><div>
    <p>Man har så lang tid malt 
    <lb/>småbilleder i guldrammer tilsalgs
    <lb/>til at pryde bourgeoisiets <del rend="overwritten"><gap/></del>vægger 
    <lb/>at man tror at maleriet er en <del rend="overstrike">geschaft</del> 
    <lb/>almindeli geschäft &#x2013; som når man laver 
    <lb/>sko i en fabrik &#x2013; Jeg har aldri <del rend="overstrike">tæ</del> tænkt 
    <lb/>på <del rend="overstrike">at</del> at male til salg &#x2013;</p>
    <p>Folk forstår ikke at man male maler
    <lb/>for at experimentere og forat udvikle sig 
    <lb/>for at <unclear reason="writing">nå</unclear> høiden &#x2013;</p>
    <p>Det falder heller aldri in at 
    <lb/><del rend="overwritten">vi</del>en villa med en gammel have blot er til 
    <lb/>forat sole sig og spise æpler &#x2013; Jeg har annet at gjøre der</p>
    </div></div></div>
  </body>
 </text>
</TEI>