<?xml version="1.0" encoding="UTF-8"?>
<!DOCTYPE TEI PUBLIC "-//TEI P5 MunchTEI//DTD TEI P5 Unified for Edvard Munch's Texts//EN" "file:/O:/Munchs tekster/Transkripsjoner/MunchTEI.dtd" >
<TEI xmlns="http://www.tei-c.org/ns/1.0" version="5.0" xml:id="No-MM_N0024-01">
<teiHeader>
 <fileDesc>
<titleStmt>
<title>No-MM_N0024-01.jpg</title>
</titleStmt>

<publicationStmt>
<p></p>
</publicationStmt>
<sourceDesc>
<p>2704 x 4064</p>
</sourceDesc>
 </fileDesc>
 <encodingDesc>


 
  <tagsDecl xml:id="imtAnnotationCategories"><rendition xml:id="transcription"><label>Contains the transcribed and TEI P5 encoded text of the objects</label><code rend="rectangle" lang="text/css">color: #ff0000</code></rendition><rendition xml:id="commentary"><label>Kommentarer</label><code rend="rectangle" lang="text/css">color: #00ff00</code></rendition><rendition xml:id="philologicalNotes"><label>Edisjonsfilologiske noter</label><code rend="rectangle" lang="text/css">color: #0000ff</code></rendition><rendition xml:id="textForSearch"><desc>transcriptional</desc><label>Søkbar tekst</label><code rend="rectangle" lang="text/css">color: #000000</code></rendition></tagsDecl><appInfo>
     <application ident="ImageMarkupTool01" version="1.8.1.4" notAfter="2010-04-20T11:10:35">
     <label>
     Image Markup Tool</label><desc>
     Tool for annotating images using TEI</desc><ref type="appURI" target="http://www.tapor.uvic.ca/~mholmes/image_markup/">
     </ref><ptr target="#imtAnnotatedImage"></ptr><ptr target="#imtImageAnnotations"></ptr><ptr target="#imtAnnotationCategories"></ptr></application>
     
     
     </appInfo></encodingDesc>
</teiHeader>
 <facsimile xml:id="imtAnnotatedImage"><surface><graphic url="No-MM_N0024-01.jpg" width="2704px" height="4064px"></graphic><zone xml:id="imtArea_0" rendition="transcription" ulx="192" uly="784" lrx="2480" lry="3700" rend="visible"></zone><zone xml:id="imtArea_1" rendition="textForSearch" ulx="148" uly="304" lrx="1088" lry="732" rend="visible"></zone></surface></facsimile>
 <text>
  <body>
   <div xml:id="imtImageAnnotations"><div corresp="#imtArea_0" type="imtAnnotation"><head>&#x00A0;</head><div><p><del rend="overwritten"><gap/></del>Det gjentar <del rend="overstrike">jo</del> sig <del rend="overwritten"><gap/></del>hver dag det samme 
    <lb/>jeg bestemmer mig hver morgen til ikke 
    <lb/>at reise <del rend="overstrike">jeg h det falder mig ikke</del> 
    <lb/>Formiddagen går <del rend="overstrike">jeg</del>, tanken falder 
    <lb/>mig ikke ind <del rend="overstrike">at reise</del> &#x2013; <del rend="overstrike"><del rend="overwritten">s</del>Jeg</del> så kommer 
    <lb/>eftermiddagen &#x2013; jeg <del rend="overwritten">s</del>har ordnet alting 
    <lb/>til arbeide &#x2013; jeg skal <del rend="overstrike">st</del> begynne &#x2013; så 
    <lb/>falder som et lyn ind den tanke om 
    <lb/>du aligevel reiste &#x2013; Det er så ikke
    <lb/>engang nogen overlægning &#x2013; <del rend="overstrike">jeg</del> det
    <lb/>er bare spørsmål om når toget 
    <lb/><del rend="overwritten"><gap/></del>går &#x2013; tiden <del rend="overwritten">o</del>&#x2013; jeg er pludseli 
    <lb/>tat af en <del rend="overstrike"><gap/></del> feber &#x2013; Minutter 
    <lb/>er mig timer &#x2013; <del rend="overstrike">tiden fr</del> reisen 
     <lb/>fra <placeName key="pl70">Nizza</placeName> til <placeName key="pl108">Monte Carlo</placeName> er en <del rend="overwritten"><gap/></del>evighed 
    <lb/>&#x2013; endelig er jeg igjen ved trappen 
    <lb/><del rend="overwritten">s</del>der fører op til spillehuset &#x2013; jeg 
    <lb/>føler igjen de underlige stikkene i 
    <lb/>brystet &#x2013; jeg <del rend="overstrike">føler</del> er atter i de<del rend="overwritten">t</del>n 
    <lb/>lumre luft &#x2013; fyldt af parfumer &#x2013;</p></div></div><div facs="#imtArea_1" type="imtAnnotation"><head>ForSearch</head><div>
     <p><orgName key="i193"/></p>
    </div></div></div>
  </body>
 </text>
</TEI>
