<?xml version="1.0" encoding="UTF-8"?>
<!DOCTYPE TEI PUBLIC "-//TEI P5 MunchTEI//DTD TEI P5 Unified for Edvard Munch's Texts//EN" "file:/O:/Munchs tekster/Transkripsjoner/MunchTEI.dtd" >
<TEI xmlns="http://www.tei-c.org/ns/1.0" version="5.0" xml:id="No-MM_N0101-02">
<teiHeader>
 <fileDesc>
<titleStmt>
<title>No-MM_N0101-02.jpg</title>
</titleStmt>

<publicationStmt>
<p></p>
</publicationStmt>
<sourceDesc>
<p>2704 x 4064</p>
</sourceDesc>
 </fileDesc>
 <encodingDesc>


 
  <tagsDecl xml:id="imtAnnotationCategories"><rendition xml:id="transcription"><label>Contains the transcribed and TEI P5 encoded text of the objects</label><code rend="rectangle" lang="text/css">color: #ff0000</code></rendition><rendition xml:id="commentary"><label>Kommentarer</label><code rend="rectangle" lang="text/css">color: #00ff00</code></rendition><rendition xml:id="philologicalNotes"><label>Edisjonsfilologiske noter</label><code rend="rectangle" lang="text/css">color: #0000ff</code></rendition><rendition xml:id="textForSearch"><desc>transcriptional</desc><label>Søkbar tekst</label><code rend="rectangle" lang="text/css">color: #000000</code></rendition></tagsDecl><appInfo>
     <application ident="ImageMarkupTool01" version="1.8.1.3" notAfter="2009-03-30T16:54:56">
     <label>
     Image Markup Tool</label><desc>
     Tool for annotating images using TEI</desc><ref type="appURI" target="http://www.tapor.uvic.ca/~mholmes/image_markup/">
     </ref><ptr target="#imtAnnotatedImage"></ptr><ptr target="#imtImageAnnotations"></ptr><ptr target="#imtAnnotationCategories"></ptr></application>
     
     
     </appInfo></encodingDesc>
</teiHeader>
 <facsimile xml:id="imtAnnotatedImage"><surface><graphic url="No-MM_N0101-02.jpg" width="2704px" height="4064px"></graphic><zone xml:id="imtArea_0" rendition="transcription" ulx="414" uly="183" lrx="2553" lry="3782" rend="visible"></zone></surface></facsimile>
 <text>
  <body>
   <div xml:id="imtImageAnnotations"><div corresp="#imtArea_0" type="imtAnnotation"><head>&#x00A0;</head><div>
    <p rend="noIndent">jeg får vel læse min <del rend="overwritten"><gap/></del>Figaro<note>kodes?</note>
    <lb/>&#x2013; Så vil han dog gjerne slippe
    <lb/><del rend="overwritten"><gap/></del>for gå sån sammen &#x2013; sa <ref type="lemma" target="co6">Brandt</ref>
    <lb/>indi sig &#x2013;</p>
    <p>Se her kan vi stå &#x2013; de stillede
    <lb/>så op ved et vindu &#x2013;</p>
    <p>Så de læser Figaro<note>kodes?</note> &#x2013; de holder
    <lb/>det &#x2013;</p>
    <p>Nei &#x2013; <del rend="overwritten"><gap/></del>Jeg fik det altid
    <lb/>a d <note>kodes?</note>La greve &#x2013; han som vi kaldte <unclear reason="writing">moe</unclear></p>
    <p><del rend="overstrike">Bra</del> <ref type="lemma" target="co6">Brandt</ref> tænkte på om
    <lb/>han var osså jalou på ham
    <lb/>om han hadde mistanke til
    <lb/>ham &#x2013;</p>
    <p><del rend="overstrike">Så</del> Det er mærkeli hva de tillader
    <lb/>sig de <del rend="overstrike">da</del> franske aviserne &#x2013;
    <lb/>Ja de skulde læst noe 
    <lb/>i <ref type="lemma" target="co100">Gil Blas</ref> &#x2013;</p>
    <p>Aa jo <ref type="lemma" target="co100">Gil Blas</ref> &#x2013; <add place="inBetweenLines">det er jo et
    <lb/>saant <del rend="overstrike">Kokkot</del> kokotteblad</add></p>
    <p>Det var en Ægtemand han skul<del rend="overwritten"><gap/></del>de</p>
    </div></div></div>
  </body>
 </text>
</TEI>
