<?xml version="1.0" encoding="UTF-8"?>
<!DOCTYPE TEI PUBLIC "-//TEI P5 MunchTEI//DTD TEI P5 Unified for Edvard Munch's Texts//EN" "file:/O:/Munchs tekster/Transkripsjoner/MunchTEI.dtd" >
<TEI xmlns="http://www.tei-c.org/ns/1.0" version="5.0" xml:id="No-MM_N0065-00-01r">
<teiHeader>
 <fileDesc>
<titleStmt>
<title>No-MM_N0065-00-01r.jpg</title>
</titleStmt>

<publicationStmt>
<p></p>
</publicationStmt>
<sourceDesc>
<p>2704 x 4064</p>
</sourceDesc>
 </fileDesc>
 <encodingDesc>


 
  <tagsDecl xml:id="imtAnnotationCategories"><rendition xml:id="transcription"><label>Contains the transcribed and TEI P5 encoded text of the objects</label><code rend="rectangle" lang="text/css">color: #ff0000</code></rendition><rendition xml:id="commentary"><label>Kommentarer</label><code rend="rectangle" lang="text/css">color: #00ff00</code></rendition><rendition xml:id="philologicalNotes"><label>Edisjonsfilologiske noter</label><code rend="rectangle" lang="text/css">color: #0000ff</code></rendition><rendition xml:id="textForSearch"><desc>transcriptional</desc><label>Søkbar tekst</label><code rend="rectangle" lang="text/css">color: #000000</code></rendition></tagsDecl><appInfo>
     <application ident="ImageMarkupTool01" version="1.8.1.3" notAfter="2009-03-25T11:38:54">
     <label>
     Image Markup Tool</label><desc>
     Tool for annotating images using TEI</desc><ref type="appURI" target="http://www.tapor.uvic.ca/~mholmes/image_markup/">
     </ref><ptr target="#imtAnnotatedImage"></ptr><ptr target="#imtImageAnnotations"></ptr><ptr target="#imtAnnotationCategories"></ptr></application>
     
     
     </appInfo></encodingDesc>
</teiHeader>
 <facsimile xml:id="imtAnnotatedImage"><surface><graphic url="No-MM_N0065-00-01r.jpg" width="2704px" height="4064px"></graphic><zone xml:id="imtArea_0" rendition="transcription" ulx="370" uly="688" lrx="2470" lry="3511" rend="visible"></zone></surface></facsimile>
 <text>
  <body>
   <div xml:id="imtImageAnnotations"><div corresp="#imtArea_0" type="imtAnnotation"><head>&#x00A0;</head><div>
    <p>Det er jo kjedeligt at jeg 
    <lb/>aldrig har kunnet ta mig til 
    <lb/>noget nyttigt &#x2013; Har ikke kunnet
    <lb/><del rend="overwritten"><gap/></del>være alt muligmand &#x2013; drevet med 
    <lb/>politik og greiet med dit og dat &#x2013; Jeg 
    <lb/>har desværre bare dovnet mig og 
    <lb/>malt noen billeder &#x2013;</p>
    <p>Nei i <placeName key="pl20">Oslo</placeName> må man ta 
    <lb/>sig til no viktigt skal man få lov 
    <lb/>at være til &#x2013;</p>
    <p rend="extraAir">Så har jeg været sygelig og det var galt 
    <lb/>har været befængt med allehånde 
    <lb/>skavanker og så måtte jeg i landflygtighed 
    <lb/><del rend="overstrike">og</del> og dra rundt om i lannet forat 
    <lb/>få fred &#x2013; og billeder kunne jeg da ikke 
    <lb/>få malt &#x2013; Jeg malte både med synet 
    <lb/>på det venstre gode øie &#x2013; og blev skamfert 
    <lb/>på det annet dårlige</p>
    <p>Ja det er ikke noe arbeide det 
    <lb/>at male et billede var jeg og la chapell
    <lb/>enige om &#x2013; Alt det man tænker og forbereder 
    <lb/>billedet på er jo bare dovenskab</p>
    </div></div></div>
  </body>
 </text>
</TEI>
