<?xml version="1.0" encoding="UTF-8"?>
<!DOCTYPE TEI PUBLIC "-//TEI P5 MunchTEI//DTD TEI P5 Unified for Edvard Munch's Texts//EN" "file:/O:/Munchs tekster/Transkripsjoner/MunchTEI.dtd" >
<TEI xmlns="http://www.tei-c.org/ns/1.0" version="5.0" xml:id="No-MM_N0032-05">
<teiHeader>
 <fileDesc>
<titleStmt>
<title>No-MM_N0032-05.jpg</title>
</titleStmt>

<publicationStmt>
<p></p>
</publicationStmt>
<sourceDesc>
<p>2704 x 4064</p>
</sourceDesc>
 </fileDesc>
 <encodingDesc>


 
  <tagsDecl xml:id="imtAnnotationCategories"><rendition xml:id="transcription"><label>Contains the transcribed and TEI P5 encoded text of the objects</label><code rend="rectangle" lang="text/css">color: #ff0000</code></rendition><rendition xml:id="commentary"><label>Kommentarer</label><code rend="rectangle" lang="text/css">color: #00ff00</code></rendition><rendition xml:id="philologicalNotes"><label>Edisjonsfilologiske noter</label><code rend="rectangle" lang="text/css">color: #0000ff</code></rendition><rendition xml:id="textForSearch"><desc>transcriptional</desc><label>Søkbar tekst</label><code rend="rectangle" lang="text/css">color: #000000</code></rendition></tagsDecl><appInfo>
     <application ident="ImageMarkupTool01" version="1.8.1.2" notAfter="2009-03-19T11:22:10">
     <label>
     Image Markup Tool</label><desc>
     Tool for annotating images using TEI</desc><ref type="appURI" target="http://www.tapor.uvic.ca/~mholmes/image_markup/">
     </ref><ptr target="#imtAnnotatedImage"></ptr><ptr target="#imtImageAnnotations"></ptr><ptr target="#imtAnnotationCategories"></ptr></application>
     
     
     </appInfo></encodingDesc>
</teiHeader>
 <facsimile xml:id="imtAnnotatedImage"><surface><graphic url="No-MM_N0032-05.jpg" width="2704px" height="4064px"></graphic><zone xml:id="imtArea_0" rendition="transcription" ulx="272" uly="396" lrx="2544" lry="2748" rend="visible"></zone></surface></facsimile>
 <text>
  <body>
   <div xml:id="imtImageAnnotations"><div corresp="#imtArea_0" type="imtAnnotation"><head>&#x00A0;</head><div>
    <fw type="page">&#x2013; 5 &#x2013;</fw>
    <p>Ligefuldt kan der være rytme. &#x2013;</p>
    <p>Selv nu hos <orgName key="i92">Blomquist</orgName> har livsfrisen virkning af et symtom, 
    <lb/>af rytme.<seg rend="accidentalSpace"/>Og man maa med gode<seg rend="accidentalSpace"/>se det klart hos <orgName key="i92">Blomquist</orgName> 
    <lb/>tiltrods for den jadskede stængning som, som desværre ikke kunde 
    <lb/>blive anderledes da tiden var for kort til ophængning. &#x2013;</p>
    <p rend="extraAir">Jeg er ogsaa komplet uenig i, at frisen behöver at bestaa af 
    <lb/>lige store felter. &#x2013;<seg type="accidentalSpace"/>Tvertimot synes jeg, at ulige störrelser 
    <lb/>bringer mere liv. &#x2013;<seg type="accidentalSpace"/>Og over döre og vinder er det jo nödvendigt 
    <lb/>at have andre formater. &#x2013;</p>
    <figure rend="shortHorizRule"/>
    <p>Billedserien regner jeg for et af de vigtigste om ikke det 
    <lb/>vigtigste verk. &#x2013;</p>
    <p>Den har aldrig fundet nogen forstaae<del rend="overwritten"><gap/></del>lse herhjemme. Först og 
    <lb/>fremst fik den sin störste paask<del rend="overwritten"><gap/></del>jönnelse og forstaaelse i Tyskland, 
     <lb/>hvor min kunst hurtigst og bedst opfattedes. Den fik der den ære at 
    <lb/>indrammes i en fris rundt den store forhal. &#x2013;</p>
    <p>Men ogsaa paa <ref type="lemma" target="co204">l&#x2019;<space dim="horizontal"/></ref> i <placeName key="pl16">Paris</placeName> fik den paaskjönnelse; 
    <lb/>allerede i <date when="1897">1897</date> en æresplads paa hovedvæggen i den sidste sal, &#x2013; og 
    <lb/>den fik da</p>
    </div></div></div>
  </body>
 </text>
</TEI>