<?xml version="1.0" encoding="UTF-8"?>
<!DOCTYPE TEI PUBLIC "-//TEI P5 MunchTEI//DTD TEI P5 Unified for Edvard Munch's Texts//EN" "file:/O:/Munchs tekster/Transkripsjoner/MunchTEI.dtd" >
<TEI xmlns="http://www.tei-c.org/ns/1.0" version="5.0" xml:id="No-MM_N0144-00-01r">
<teiHeader>
 <fileDesc>
<titleStmt>
<title>No-MM_N0144-00-01r.jpg</title>
</titleStmt>

<publicationStmt>
<p></p>
</publicationStmt>
<sourceDesc>
<p>2704 x 4064</p>
</sourceDesc>
 </fileDesc>
 <encodingDesc>


 
  <tagsDecl xml:id="imtAnnotationCategories"><rendition xml:id="transcription"><label>Contains the transcribed and TEI P5 encoded text of the objects</label><code rend="rectangle" lang="text/css">color: #ff0000</code></rendition><rendition xml:id="commentary"><label>Kommentarer</label><code rend="rectangle" lang="text/css">color: #00ff00</code></rendition><rendition xml:id="philologicalNotes"><label>Edisjonsfilologiske noter</label><code rend="rectangle" lang="text/css">color: #0000ff</code></rendition><rendition xml:id="textForSearch"><desc>transcriptional</desc><label>Søkbar tekst</label><code rend="rectangle" lang="text/css">color: #000000</code></rendition></tagsDecl><appInfo>
     <application ident="ImageMarkupTool01" version="1.8.1.3" notAfter="2009-04-23T14:23:04">
     <label>
     Image Markup Tool</label><desc>
     Tool for annotating images using TEI</desc><ref type="appURI" target="http://www.tapor.uvic.ca/~mholmes/image_markup/">
     </ref><ptr target="#imtAnnotatedImage"></ptr><ptr target="#imtImageAnnotations"></ptr><ptr target="#imtAnnotationCategories"></ptr></application>
     
     
     </appInfo></encodingDesc>
</teiHeader>
 <facsimile xml:id="imtAnnotatedImage"><surface><graphic url="No-MM_N0144-00-01r.jpg" width="2704px" height="4064px"></graphic><zone xml:id="imtArea_0" rendition="transcription" ulx="326" uly="310" lrx="2434" lry="2724" rend="visible"></zone></surface></facsimile>
 <text>
  <body>
   <div xml:id="imtImageAnnotations"><div corresp="#imtArea_0" type="imtAnnotation"><head>&#x00A0;</head><div>
    <p>Det vil derfor nødvendigt at spørge
    <lb/>skattenævnden om den vil forholde sig
    <lb/>så vidt mulig <del rend="overstrike">m</del> læmpelig med kravene
    <lb/>til en skatteligning</p>
    <p>Det som er vanskeligst er det kostbare
    <lb/>store apparat og det er nærmest disse
    <lb/>store udgifter der volder modstand og
    <lb/>jeg tror at de ikke forståer nødvendigheten
    <lb/>af disse &#x2013;</p>
    <p>Jeg mener at skattenævnden vil
    <lb/><unclear reason="writing">stå</unclear> sig meget <del rend="overstrike">at</del> på at jeg beholder
    <lb/>apparatet og osså kunsten</p>
    <p>Jeg har for <del rend="overstrike">en</del> et par år siden
    <lb/>frasagt mig raadhusdekorationerne det
    <lb/>havde indbragt meget &#x2013;</p>
    <p>D<del rend="overwritten">et</del>isse spørsmål vil især være vigtig
    <lb/>når jeg <del rend="overstrike"><gap/></del> kommer til at <del rend="overstrike">vilde</del> lade
    <lb/>mig beskatte i <placeName key="pl1">Vestre Aker</placeName> som før &#x2013;</p>
    </div></div></div>
  </body>
 </text>
</TEI>
