<?xml version="1.0" encoding="UTF-8"?>
<!DOCTYPE TEI PUBLIC "-//TEI P5 MunchTEI//DTD TEI P5 Unified for Edvard Munch's Texts//EN" "file:/O:/Munchs tekster/Transkripsjoner/MunchTEI.dtd" >
<TEI xmlns="http://www.tei-c.org/ns/1.0" version="5.0" xml:id="No-MM_N0111-01">
<teiHeader>
 <fileDesc>
<titleStmt>
<title>No-MM_N0111-01.jpg</title>
</titleStmt>

<publicationStmt>
<p></p>
</publicationStmt>
<sourceDesc>
<p>2704 x 4064</p>
</sourceDesc>
 </fileDesc>
 <encodingDesc>


 
  <tagsDecl xml:id="imtAnnotationCategories"><rendition xml:id="transcription"><label>Contains the transcribed and TEI P5 encoded text of the objects</label><code rend="rectangle" lang="text/css">color: #ff0000</code></rendition><rendition xml:id="commentary"><label>Kommentarer</label><code rend="rectangle" lang="text/css">color: #00ff00</code></rendition><rendition xml:id="philologicalNotes"><label>Edisjonsfilologiske noter</label><code rend="rectangle" lang="text/css">color: #0000ff</code></rendition><rendition xml:id="textForSearch"><desc>transcriptional</desc><label>Søkbar tekst</label><code rend="rectangle" lang="text/css">color: #000000</code></rendition></tagsDecl><appInfo>
     <application ident="ImageMarkupTool01" version="1.8.1.3" notAfter="2009-04-03T15:47:56">
     <label>
     Image Markup Tool</label><desc>
     Tool for annotating images using TEI</desc><ref type="appURI" target="http://www.tapor.uvic.ca/~mholmes/image_markup/">
     </ref><ptr target="#imtAnnotatedImage"></ptr><ptr target="#imtImageAnnotations"></ptr><ptr target="#imtAnnotationCategories"></ptr></application>
     
     
     </appInfo></encodingDesc>
</teiHeader>
 <facsimile xml:id="imtAnnotatedImage"><surface><graphic url="No-MM_N0111-01.jpg" width="2704px" height="4064px"></graphic><zone xml:id="imtArea_0" rendition="transcription" ulx="191" uly="696" lrx="2450" lry="3476" rend="visible"></zone></surface></facsimile>
 <text>
  <body>
   <div xml:id="imtImageAnnotations"><div corresp="#imtArea_0" type="imtAnnotation"><head>&#x00A0;</head><div>
    <p><del rend="overwritten"><gap/></del>Han var på veien forat <gap reason="damage"/> og ta det
    <lb/>sidste farvel før reisen &#x2013; <gap reason="damage"/> <del rend="overstrike">var hun hans</del>
    <lb/>&#x2013; Han kom altfor tidlig til mødestedet &#x2013; så
    <lb/>ga han sig til at spadsere op og ned.</p>
    <p>Hvordan mon hun vil se ud &#x2013; <add place="inline">mon</add> lisså alvorlig
    <lb/>som igår aftes &#x2013;</p>
    <p><del rend="overwritten">Han</del>Mon han holdt a hende som han
    <lb/>burde &#x2013; h<del rend="overwritten">a</del>un var nu bundet fast til ham
    <lb/>&#x2013; han kunde ikke forla<gap reason="damage"/> hende &#x2013; slig hun
    <lb/>holdt a ham &#x2013; for han skjønte jo det
    <lb/>triste udseende igår kom af <del rend="overstrike">hu</del> at  hun var
    <lb/>bundet til manden <del rend="overstrike">og holdt a ham</del> og ikke kunde
    <lb/>altid være sammen me ham.</p>
    <p>Hun hadde bare ham</p>
    <p>Men han holdt ikke a henne slig som
    <lb/><del rend="overstrike">han hadde læst andre holdt <gap/></del> 
    <lb/>de holdt a <del rend="overwritten"><gap/></del>hinanden de i bøgerne &#x2013;</p>
    <p>Han syntest det ikke var leit og reise fra
    <lb/>henne til byen &#x2013; han <del rend="overstrike">syntes det</del> glædet sig &#x2013;
    <lb/>&#x2013; Igår holdt han <del rend="overstrike">så</del> <del rend="overstrike"><gap/></del> <del rend="overwritten"><gap/></del>svært a hende men
    <lb/>ikke så meget idag &#x2013;</p>
    <p><del rend="overstrike">Pen var</del> Så forfærdelig pen var hun ikke &#x2013; og ældre
    <lb/>&#x2013; han <del rend="overwritten"><gap/></del>hadde alti ønsket sig en ganske ung pige
    <lb/>til forlovede &#x2013; for det passet bedre &#x2013; en kvinde blev
    <lb/>jo altid tidligere gammel end en mand</p>
    </div></div></div>
  </body>
 </text>
</TEI>
