<?xml version="1.0" encoding="UTF-8"?>
<!DOCTYPE TEI PUBLIC "-//TEI P5 MunchTEI//DTD TEI P5 Unified for Edvard Munch's Texts//EN" "file:/O:/Munchs tekster/Transkripsjoner/MunchTEI.dtd" >
<TEI xmlns="http://www.tei-c.org/ns/1.0" version="5.0" xml:id="No-MM_N0101-04">
<teiHeader>
 <fileDesc>
<titleStmt>
<title>No-MM_N0101-04.jpg</title>
</titleStmt>

<publicationStmt>
<p></p>
</publicationStmt>
<sourceDesc>
<p>2704 x 4064</p>
</sourceDesc>
 </fileDesc>
 <encodingDesc>


 
  <tagsDecl xml:id="imtAnnotationCategories"><rendition xml:id="transcription"><label>Contains the transcribed and TEI P5 encoded text of the objects</label><code rend="rectangle" lang="text/css">color: #ff0000</code></rendition><rendition xml:id="commentary"><label>Kommentarer</label><code rend="rectangle" lang="text/css">color: #00ff00</code></rendition><rendition xml:id="philologicalNotes"><label>Edisjonsfilologiske noter</label><code rend="rectangle" lang="text/css">color: #0000ff</code></rendition><rendition xml:id="textForSearch"><desc>transcriptional</desc><label>Søkbar tekst</label><code rend="rectangle" lang="text/css">color: #000000</code></rendition></tagsDecl><appInfo>
     <application ident="ImageMarkupTool01" version="1.8.1.3" notAfter="2009-04-03T09:08:45">
     <label>
     Image Markup Tool</label><desc>
     Tool for annotating images using TEI</desc><ref type="appURI" target="http://www.tapor.uvic.ca/~mholmes/image_markup/">
     </ref><ptr target="#imtAnnotatedImage"></ptr><ptr target="#imtImageAnnotations"></ptr><ptr target="#imtAnnotationCategories"></ptr></application>
     
     
     </appInfo></encodingDesc>
</teiHeader>
 <facsimile xml:id="imtAnnotatedImage"><surface><graphic url="No-MM_N0101-04.jpg" width="2704px" height="4064px"></graphic><zone xml:id="imtArea_0" rendition="transcription" ulx="386" uly="334" lrx="2665" lry="3925" rend="visible"></zone></surface></facsimile>
 <text>
  <body>
   <div xml:id="imtImageAnnotations"><div corresp="#imtArea_0" type="imtAnnotation"><head>&#x00A0;</head><div>
    <p>Hva synes de nu om den bogen
    <lb/>han <del rend="overstrike">k</del> skriver <persName key="pe236">Jæger</persName> &#x2013; <del rend="overstrike">f</del></p>
    <p>Syns man det går an at skrive
    <lb/>slig <ref type="lemma" target="co6">Brandt</ref> &#x2013;</p>
    <p><del rend="overstrike">Fordi han har hat det hyggeligt
    <lb/>med hende</del></p>
    <p>Etter at ha opført sig skammeligt
    <lb/>går han hen å fortæller det
    <lb/>til alle &#x2013;</p>
    <p><del rend="overstrike">Ha</del> <del rend="overstrike">Hvordan</del></p>
    <p><del rend="overstrike">Den</del> Det jeg synes var dumt sa
    <lb/><ref type="lemma" target="co6">Brandt</ref> var den selvmordshistorien
    <lb/>&#x2013; og de begge skulde <del rend="overwritten"><gap/></del>ta livet a sig &#x2013;</p>
    <p>Hun både <del rend="overstrike"><gap/></del> <persName key="pe236">Jæger</persName> og <persName key="pe271">Krohg</persName>
    <lb/>&#x2013; <del rend="overstrike">hun holdt</del> <del rend="overstrike">Det</del> <add place="inline">De</add> er <del rend="overstrike">ikke</del>
    <lb/><del rend="overstrike"><del rend="overwritten"><gap/></del>kje</del> <del rend="overstrike">videre</del> kje a <del rend="overwritten"><gap/></del>hverandre     <lb/><persName key="pe271">Krohg</persName> og frue nu da &#x2013;</p>
    <p><del rend="overstrike">Å</del> <del rend="overstrike">sier</del> Ja det vil si
    <lb/>fruen er kje a ham &#x2013; for
    <lb/>han er aldeles væk i henne</p>
    <p>Nei enn de da
    <lb/><del rend="overstrike">Ja Hvor Det ligner d</del></p>
    <p><ref type="lemma" target="co6">Brandt</ref> tænkte på</p>
    </div></div></div>
  </body>
 </text>
</TEI>
