<?xml version="1.0" encoding="UTF-8"?>
<!DOCTYPE TEI PUBLIC "-//TEI P5 MunchTEI//DTD TEI P5 Unified for Edvard Munch's Texts//EN" "file:/O:/Munchs tekster/Transkripsjoner/MunchTEI.dtd" >
<TEI xmlns="http://www.tei-c.org/ns/1.0" version="5.0" xml:id="No-MM_N0057-00-03r">
<teiHeader>
 <fileDesc>
<titleStmt>
<title>No-MM_N0057-00-03r.jpg</title>
</titleStmt>

<publicationStmt>
<p></p>
</publicationStmt>
<sourceDesc>
<p>2704 x 4064</p>
</sourceDesc>
 </fileDesc>
 <encodingDesc>


 
  <tagsDecl xml:id="imtAnnotationCategories"><rendition xml:id="transcription"><label>Contains the transcribed and TEI P5 encoded text of the objects</label><code rend="rectangle" lang="text/css">color: #ff0000</code></rendition><rendition xml:id="commentary"><label>Kommentarer</label><code rend="rectangle" lang="text/css">color: #00ff00</code></rendition><rendition xml:id="philologicalNotes"><label>Edisjonsfilologiske noter</label><code rend="rectangle" lang="text/css">color: #0000ff</code></rendition><rendition xml:id="textForSearch"><desc>transcriptional</desc><label>Søkbar tekst</label><code rend="rectangle" lang="text/css">color: #000000</code></rendition></tagsDecl><appInfo>
     <application ident="ImageMarkupTool01" version="1.8.1.3" notAfter="2009-03-24T11:14:46">
     <label>
     Image Markup Tool</label><desc>
     Tool for annotating images using TEI</desc><ref type="appURI" target="http://www.tapor.uvic.ca/~mholmes/image_markup/">
     </ref><ptr target="#imtAnnotatedImage"></ptr><ptr target="#imtImageAnnotations"></ptr><ptr target="#imtAnnotationCategories"></ptr></application>
     
     
     </appInfo></encodingDesc>
</teiHeader>
 <facsimile xml:id="imtAnnotatedImage"><surface><graphic url="No-MM_N0057-00-03r.jpg" width="2704px" height="4064px"></graphic><zone xml:id="imtArea_0" rendition="transcription" ulx="557" uly="998" lrx="2024" lry="1638" rend="visible"></zone><zone xml:id="imtArea_1" rendition="transcription" ulx="291" uly="3078" lrx="2211" lry="3786" rend="visible"></zone></surface></facsimile>
 <text>
  <body>
   <div xml:id="imtImageAnnotations"><div corresp="#imtArea_0" type="imtAnnotation"><head>&#x00A0;</head><div type="printedText">
    <dateline><placeName key="pl20">Oslo</placeName> <date when="1890">1890</date>.</dateline>
    <p>Jeg maler ikke efter naturen &#x2013; jeg tar fra den &#x2013;
    <lb/>eller øser fra dens rike fat.</p>
    <p rend="emptyPartOfPage">Jeg maler ikke det jeg ser &#x2013; men det jeg saa. &#x2013;</p>
     <lb/><fw type="sheet">2</fw>    
   </div></div><div corresp="#imtArea_1" type="imtAnnotation"><head>&#x00A0;</head><div>
    <p><handShift new="EM1"/>Fotografiapparatet kan ikke
    <lb/>konkurere med pensel og palet &#x2013;
    <lb/>sålenge de<del rend="overwritten">n</del>t ikke <del rend="overstrike">er indført</del> kan
    <lb/>brukes i helvete eller i himmelen</p>
    </div></div></div>
  </body>
 </text>
</TEI>
