<?xml version="1.0" encoding="UTF-8"?>
<!DOCTYPE TEI PUBLIC "-//TEI P5 MunchTEI//DTD TEI P5 Unified for Edvard Munch's Texts//EN" "file:/O:/Munchs tekster/Transkripsjoner/MunchTEI.dtd" >
<TEI xmlns="http://www.tei-c.org/ns/1.0" version="5.0" xml:id="No-MM_N0037-00-01r">
<teiHeader>
 <fileDesc>
<titleStmt>
<title>No-MM_N0037-00-01r.jpg</title>
</titleStmt>

<publicationStmt>
<p></p>
</publicationStmt>
<sourceDesc>
<p>4064 x 2704</p>
</sourceDesc>
 </fileDesc>
 <encodingDesc>


 
  <tagsDecl xml:id="imtAnnotationCategories"><rendition xml:id="transcription"><label>Contains the transcribed and TEI P5 encoded text of the objects</label><code rend="rectangle" lang="text/css">color: #ff0000</code></rendition><rendition xml:id="commentary"><label>Kommentarer</label><code rend="rectangle" lang="text/css">color: #00ff00</code></rendition><rendition xml:id="philologicalNotes"><label>Edisjonsfilologiske noter</label><code rend="rectangle" lang="text/css">color: #0000ff</code></rendition><rendition xml:id="textForSearch"><desc>transcriptional</desc><label>Søkbar tekst</label><code rend="rectangle" lang="text/css">color: #000000</code></rendition></tagsDecl><appInfo>
     <application ident="ImageMarkupTool01" version="1.8.1.3" notAfter="2009-06-04T15:35:52">
     <label>
     Image Markup Tool</label><desc>
     Tool for annotating images using TEI</desc><ref type="appURI" target="http://www.tapor.uvic.ca/~mholmes/image_markup/">
     </ref><ptr target="#imtAnnotatedImage"></ptr><ptr target="#imtImageAnnotations"></ptr><ptr target="#imtAnnotationCategories"></ptr></application>
     
     
     </appInfo></encodingDesc>
</teiHeader>
 <facsimile xml:id="imtAnnotatedImage"><surface><graphic url="No-MM_N0037-00-01r.jpg" width="4064px" height="2704px"></graphic><zone xml:id="imtArea_0" rendition="transcription" ulx="244" uly="108" lrx="3664" lry="2544" rend="visible"></zone><zone xml:id="imtArea_1" rendition="transcription" ulx="3272" uly="92" lrx="3900" lry="2540" rend="visible"></zone></surface></facsimile>
 <text>
  <body>
   <div xml:id="imtImageAnnotations"><div corresp="#imtArea_0" type="imtAnnotation"><head>&#x00A0;</head><div>
    <p><add place="margin-top">Det vilde være galt om <persName key="pe271">Krohgs</persName> indflydelse blev gjort til 
    <lb/>intet &#x2013; Jeg mener blot det er galt at gjøre mig til <persName key="pe271">Krohgs</persName> elev &#x2013;
    <lb/><del rend="overstrike">For i virkeligheden</del></add></p>
   <p>Det billede jeg malte af <persName key="pe460">Torgersen</persName> og som
    <lb/>var udstilt på hans udstilling for kort tid siden 
    <lb/>var <del rend="overstrike">gj</del> malt før <persName key="pe271">Krohg</persName> meldte sig ind på 
    <lb/>vort atelier (Jeg meldte mig ikke ind hos ham
    <lb/>Dette billede<del rend="overwritten">r</del>t blev betragtet da det sidst var 
    <lb/>udstilt som et af mine bedste billeder &#x2013;</p>
   <p>Jeg <del rend="overstrike">har</del> malte osså flere udmærkede studier før 
    <lb/><del rend="overstrike">fra</del> <persName key="pe271">Krohg</persName> kom &#x2013; Billedet <rs type="portrait" key="">Fahlstrøm</rs> har lignet 
    <lb/>vel <persName key="pe271">Krohg</persName> &#x2013; Det var jo en af de studiehoveder 
    <lb/><del rend="overstrike">han</del> jeg malte under hans ledelse &#x2013; <del rend="overwritten"><gap/></del>Guderne skal 
    <lb/>vide det var ikke med glæde jeg malte disse 
    <lb/>små ophuggede hoder &#x2013; Jeg sluttet jo osså 
    <lb/>snart &#x2013; Men selvfølgeli havde <persName key="pe271">Krohg</persName> inflydelse 
    <lb/>på mig &#x2013; Vi var jo alle gla i ham og hans Kunst 
    <lb/>&#x2013; Men jeg lærte jo osså af de andre malere der 
    <lb/>kom hjem selvfølgeli &#x2013; Jeg <del rend="overstrike">var</del> følte mer for <del rend="overstrike">d <gap/></del> mange</p></div></div><div corresp="#imtArea_1" type="imtAnnotation"><head>&#x00A0;</head><div>
     <p><persName key="pe271">Krohg</persName> var jo en  ypperli lærer 
    <lb/>og bare hans umådelige interesse var 
     <lb/>jo virkende &#x2013; og i den korte tid korte tid lærte 
     <lb/>jeg jo adskilligt af ham &#x2013; Dette <del rend="overstrike">vil</del> ser man 
     <lb/>naturligvis på billedet <rs type="portrait" key="">Fahlstrøm</rs> &#x2013; Stykkevis osså i Vår &#x2013;
     <lb/>men hva jeg altid har havt og <persName key="pe271">Krohg</persName> ikke &#x2013; og som gjør mig 
     <lb/>modsat <persName key="pe271">Krohg</persName> er den nervøse &#x2013; opløsende farvebehandling <gap reason="writing"></gap></p>
    </div></div></div>
  </body>
 </text>
</TEI>