<?xml version="1.0" encoding="UTF-8"?>
<!DOCTYPE TEI PUBLIC "-//TEI P5 MunchTEI//DTD TEI P5 Unified for Edvard Munch's Texts//EN" "file:/O:/Munchs tekster/Transkripsjoner/MunchTEI.dtd" >
<TEI xmlns="http://www.tei-c.org/ns/1.0" version="5.0" xml:id="No-MM_N0131-00-01v">
<teiHeader>
 <fileDesc>
<titleStmt>
<title>No-MM_N0131-00-01v.jpg</title>
</titleStmt>

<publicationStmt>
<p></p>
</publicationStmt>
<sourceDesc>
<p>4064 x 2704</p>
</sourceDesc>
 </fileDesc>
 <encodingDesc>


 
  <tagsDecl xml:id="imtAnnotationCategories"><rendition xml:id="transcription"><label>Contains the transcribed and TEI P5 encoded text of the objects</label><code rend="rectangle" lang="text/css">color: #ff0000</code></rendition><rendition xml:id="commentary"><label>Kommentarer</label><code rend="rectangle" lang="text/css">color: #00ff00</code></rendition><rendition xml:id="philologicalNotes"><label>Edisjonsfilologiske noter</label><code rend="rectangle" lang="text/css">color: #0000ff</code></rendition><rendition xml:id="textForSearch"><desc>transcriptional</desc><label>Søkbar tekst</label><code rend="rectangle" lang="text/css">color: #000000</code></rendition></tagsDecl><appInfo>
     <application ident="ImageMarkupTool01" version="1.8.1.3" notAfter="2009-04-20T14:21:57">
     <label>
     Image Markup Tool</label><desc>
     Tool for annotating images using TEI</desc><ref type="appURI" target="http://www.tapor.uvic.ca/~mholmes/image_markup/">
     </ref><ptr target="#imtAnnotatedImage"></ptr><ptr target="#imtImageAnnotations"></ptr><ptr target="#imtAnnotationCategories"></ptr></application>
     
     
     </appInfo></encodingDesc>
</teiHeader>
 <facsimile xml:id="imtAnnotatedImage"><surface><graphic url="No-MM_N0131-00-01v.jpg" width="4064px" height="2704px"></graphic><zone xml:id="imtArea_0" rendition="transcription" ulx="307" uly="188" lrx="3702" lry="2051" rend="visible"></zone></surface></facsimile>
 <text>
  <body>
   <div xml:id="imtImageAnnotations"><div corresp="#imtArea_0" type="imtAnnotation"><head>&#x00A0;</head><div>
    <p rend="extraAir">Min farfar døde af rygmarvstæring og jeg
    <lb/>mener at den stærke nervelidelse min
    <lb/>far og efterhånden vi børn var arv heraf</p>
    <p>Jeg mener ikke herfor at min kunst
    <lb/>er syg som <persName key="pe846">Scharfenberg</persName> og mange andre uforstående
    <lb/>folk har <unclear reason="writing">havt</unclear> &#x2013; De <del rend="overstrike">for</del> forstår ikke kunstens væsen
    <lb/>og kjenner heller ikke kunsthistorien &#x2013; Når jeg maler
    <lb/>sygdommen som sygt barn er det tværtimot en sund
    <lb/>utløsning &#x2013; Det er det sunde ved mig &#x2013; Når jeg maler
    <lb/>lasten så er det en sund reaktion mot den
    <lb/>&#x2013; hva folk kan <unclear reason="writing">leve</unclear> efter</p>
    </div></div></div>
  </body>
 </text>
</TEI>
