<?xml version="1.0" encoding="UTF-8"?>
<!DOCTYPE TEI PUBLIC "-//TEI P5 MunchTEI//DTD TEI P5 Unified for Edvard Munch's Texts//EN" "file:/O:/Munchs tekster/Transkripsjoner/MunchTEI.dtd" >
<TEI xmlns="http://www.tei-c.org/ns/1.0" version="5.0" xml:id="No-MM_N0080-01">
<teiHeader>
 <fileDesc>
<titleStmt>
<title>No-MM_N0080-01.jpg</title>
</titleStmt>

<publicationStmt>
<p></p>
</publicationStmt>
<sourceDesc>
<p>2704 x 4064</p>
</sourceDesc>
 </fileDesc>
 <encodingDesc>


 
  <tagsDecl xml:id="imtAnnotationCategories"><rendition xml:id="transcription"><label>Contains the transcribed and TEI P5 encoded text of the objects</label><code rend="rectangle" lang="text/css">color: #ff0000</code></rendition><rendition xml:id="commentary"><label>Kommentarer</label><code rend="rectangle" lang="text/css">color: #00ff00</code></rendition><rendition xml:id="philologicalNotes"><label>Edisjonsfilologiske noter</label><code rend="rectangle" lang="text/css">color: #0000ff</code></rendition><rendition xml:id="textForSearch"><desc>transcriptional</desc><label>Søkbar tekst</label><code rend="rectangle" lang="text/css">color: #000000</code></rendition></tagsDecl><appInfo>
     <application ident="ImageMarkupTool01" version="1.8.1.3" notAfter="2009-03-26T16:16:09">
     <label>
     Image Markup Tool</label><desc>
     Tool for annotating images using TEI</desc><ref type="appURI" target="http://www.tapor.uvic.ca/~mholmes/image_markup/">
     </ref><ptr target="#imtAnnotatedImage"></ptr><ptr target="#imtImageAnnotations"></ptr><ptr target="#imtAnnotationCategories"></ptr></application>
     
     
     </appInfo></encodingDesc>
</teiHeader>
 <facsimile xml:id="imtAnnotatedImage"><surface><graphic url="No-MM_N0080-01.jpg" width="2704px" height="4064px"></graphic><zone xml:id="imtArea_0" rendition="transcription" ulx="20" uly="636" lrx="2621" lry="3702" rend="visible"></zone></surface></facsimile>
 <text>
  <body>
   <div xml:id="imtImageAnnotations"><div corresp="#imtArea_0" type="imtAnnotation"><head>&#x00A0;</head><div>
    <p>Det kunde vistnok være heldi 
    <lb/>for Publikum at få oplysning 
    <lb/>om følgende &#x2013;</p>
    <p><del rend="diagonalOverstrike">Der sælges i auktionslokalet
    <lb/><placeName key="pl168">Nygaden 2</placeName> stadi væk enkelte
    <lb/>raderinger af undertegnende
    <lb/>som</del></p>
    <p><del rend="overstrike">At</del> I nogle &#x2013; i <placeName key="pl51">Tydskland</placeName> udkomne 
    <lb/>bøger <del rend="overstrike"><gap/></del> findes <del rend="overwritten"><gap/></del>originale 
    <lb/>raderinger af undertegnede</p>
    <p><del rend="overstrike">h</del> <del rend="overwritten"><gap/></del>Til stadighed sælges nu 
    <lb/>i Auktionslokalet <placeName key="pl168">Nygade 2</placeName> 
    <lb/>disse raderinger &#x2013; idet de udtages 
    <lb/>af bøgerne &#x2013;</p>
    <p>Prisen for disse små raderinger 
    <lb/>går op til mellem 40 og 100 kr
    <lb/>&#x2013; Da bøgerne jo er trykt i tusindvis så 
    <lb/>er jo prisen stiv</p>
    </div></div></div>
  </body>
 </text>
</TEI>
