<?xml version="1.0" encoding="UTF-8"?>
<!DOCTYPE TEI PUBLIC "-//TEI P5 MunchTEI//DTD TEI P5 Unified for Edvard Munch's Texts//EN" "file:/O:/Munchs tekster/Transkripsjoner/MunchTEI.dtd" >
<TEI xmlns="http://www.tei-c.org/ns/1.0" version="5.0" xml:id="No-MM_N0008-00-01r">
<teiHeader>
 <fileDesc>
<titleStmt>
<title>No-MM_N0008-00-01r.jpg</title>
</titleStmt>

<publicationStmt>
<p></p>
</publicationStmt>
<sourceDesc>
<p>2704 x 4064</p>
</sourceDesc>
 </fileDesc>
 <encodingDesc>


 
  <tagsDecl xml:id="imtAnnotationCategories"><rendition xml:id="transcription"><label>Contains the transcribed and TEI P5 encoded text of the objects</label><code rend="rectangle" lang="text/css">color: #ff0000</code></rendition><rendition xml:id="commentary"><label>Kommentarer</label><code rend="rectangle" lang="text/css">color: #00ff00</code></rendition><rendition xml:id="philologicalNotes"><label>Edisjonsfilologiske noter</label><code rend="rectangle" lang="text/css">color: #0000ff</code></rendition><rendition xml:id="textForSearch"><desc>transcriptional</desc><label>Søkbar tekst</label><code rend="rectangle" lang="text/css">color: #000000</code></rendition></tagsDecl><appInfo>
     <application ident="ImageMarkupTool01" version="1.8.1.2" notAfter="2009-03-13T14:33:45">
     <label>
     Image Markup Tool</label><desc>
     Tool for annotating images using TEI</desc><ref type="appURI" target="http://www.tapor.uvic.ca/~mholmes/image_markup/">
     </ref><ptr target="#imtAnnotatedImage"></ptr><ptr target="#imtImageAnnotations"></ptr><ptr target="#imtAnnotationCategories"></ptr></application>
     
     
     </appInfo></encodingDesc>
</teiHeader>
 <facsimile xml:id="imtAnnotatedImage"><surface><graphic url="No-MM_N0008-00-01r.jpg" width="2704px" height="4064px"></graphic><zone xml:id="imtArea_0" rendition="transcription" ulx="276" uly="296" lrx="2328" lry="3680" rend="visible"></zone></surface></facsimile>
 <text>
  <body>
   <div xml:id="imtImageAnnotations"><div corresp="#imtArea_0" type="imtAnnotation"><head>&#x00A0;</head><div>
    <p rend="noIndent">med <del rend="overstrike">hæ</del> den ene hånd over maven.</p> 
    <p><del rend="overstrike">Nei Da han var</del>
    <lb/>Da han var nær lignet han
     <lb/>ikke. &#x2013;</p>
    <p><del rend="diagonalOverstrike">Der går en gammel mand med 
     <lb/>sin søn &#x2013; de ligner hinanden 
     <lb/>har samme næse &#x2013; <del rend="overstrike">han</del> faren 
    <lb/>er bare lidt mindre og bøiet og 
    <lb/>har gråt skjæg. Sønnen <del rend="overwritten"><gap/></del>holder 
    <lb/>ham under armen og de 
    <lb/><del rend="overstrike">spøgte</del> tal<del rend="overwritten"><gap/></del>er sammen ivrigt. 
     <lb/>&#x2013; Hvor enige de så ud til 
     <lb/>at være &#x2013; hvor fortroligt den 
    <lb/>gamle læne<del rend="overwritten">t</del>r sig ind til sønnen.</del></p>
    <p rend="extraAir"><del rend="overstrike"><placeName key="pl117">Avenue de l&#x2019;Opera</placeName></del></p>
    <p><del rend="overstrike">Jeg gik in.</del></p>
    <p>I <orgName key="i86">Cafe de la Regence</orgName> 
    <lb/>fik jeg blade<del rend="overwritten"><gap/></del>t jeg søgte 
     <lb/>efter. &#x2013;</p>
    <p rend="extraAir">Der stod det</p>
    <p>Jeg <del rend="overstrike">sad og</del> stirrede og stirrede</p>
     </div></div></div>
  </body>
 </text>
</TEI>
