<?xml version="1.0" encoding="UTF-8"?>
<!DOCTYPE TEI PUBLIC "-//TEI P5 MunchTEI//DTD TEI P5 Unified for Edvard Munch's Texts//EN" "file:/O:/Munchs tekster/Transkripsjoner/MunchTEI.dtd" >
<TEI xmlns="http://www.tei-c.org/ns/1.0" version="5.0" xml:id="No-MM_N0057-00-02r">
<teiHeader>
 <fileDesc>
<titleStmt>
<title>No-MM_N0057-00-02r.jpg</title>
</titleStmt>

<publicationStmt>
<p></p>
</publicationStmt>
<sourceDesc>
<p>2704 x 4064</p>
</sourceDesc>
 </fileDesc>
 <encodingDesc>


 
  <tagsDecl xml:id="imtAnnotationCategories"><rendition xml:id="transcription"><label>Contains the transcribed and TEI P5 encoded text of the objects</label><code rend="rectangle" lang="text/css">color: #ff0000</code></rendition><rendition xml:id="commentary"><label>Kommentarer</label><code rend="rectangle" lang="text/css">color: #00ff00</code></rendition><rendition xml:id="philologicalNotes"><label>Edisjonsfilologiske noter</label><code rend="rectangle" lang="text/css">color: #0000ff</code></rendition><rendition xml:id="textForSearch"><desc>transcriptional</desc><label>Søkbar tekst</label><code rend="rectangle" lang="text/css">color: #000000</code></rendition></tagsDecl><appInfo>
     <application ident="ImageMarkupTool01" version="1.8.1.4" notAfter="2010-11-10T13:42:14">
     <label>
     Image Markup Tool</label><desc>
     Tool for annotating images using TEI</desc><ref type="appURI" target="http://www.tapor.uvic.ca/~mholmes/image_markup/">
     </ref><ptr target="#imtAnnotatedImage"></ptr><ptr target="#imtImageAnnotations"></ptr><ptr target="#imtAnnotationCategories"></ptr></application>
     
     
     </appInfo></encodingDesc>
</teiHeader>
 <facsimile xml:id="imtAnnotatedImage"><surface><graphic url="No-MM_N0057-00-02r.jpg" width="2704px" height="4064px"></graphic><zone xml:id="imtArea_0" rendition="transcription" ulx="227" uly="1284" lrx="2152" lry="2883" rend="visible"></zone><zone xml:id="imtArea_1" rendition="textForSearch" ulx="1635" uly="2584" lrx="2687" lry="3447" rend="visible"></zone></surface></facsimile>
 <text>
  <body>
   <div xml:id="imtImageAnnotations"><div corresp="#imtArea_0" type="imtAnnotation"><head>&#x00A0;</head><div type="printedText"><dateline rend="extraAir"><placeName key="pl148">Warnemünde</placeName> <date when="1907-1908">1907&#x2013;8</date>.</dateline>

     <head>Kunst og natur.</head>

     <p>Kunst er det motsatte af natur.</p>

     <p>Et kunstværk kommer blot fra menneskets 
      <lb/>indre.</p>
 
     <p>&#x2013; Kunst er billedets form tilblivet gjennem 
      <lb/>menneskets nerver &#x2013; hjerte &#x2013; hjerne &#x2013; øie.</p>

     <p>&#x2013; Kunst er menneskets trang til krystalisation. 
      <lb/>Naturen er det evig store rike hvorfra kunsten 
      <lb/>tar sin næring &#x2013;</p>

     <p rend="emptyPartOfPage">Naturen er ikke alene det for øiet synlige &#x2013; 
      <lb/>den er <del rend="overstrike" hand="EM2">mere</del> <add place="supralinear" hand="EM2">osså</add> sjælens indre billeder &#x2013; billeder
      <lb/>paa øiets bakside &#x2013;</p>

     <lb/>
    <fw type="sheet">1</fw></div></div><div facs="#imtArea_1" type="imtAnnotation"><head>ForSearch</head><div>
 <p><orgName key="i195"/>
 <date when="--07-23"/></p>
</div></div></div>
  </body>
 </text>
</TEI>
