<?xml version="1.0" encoding="UTF-8"?>
<!DOCTYPE TEI PUBLIC "-//TEI P5 MunchTEI//DTD TEI P5 Unified for Edvard Munch's Texts//EN" "file:/O:/Munchs tekster/Transkripsjoner/MunchTEI.dtd" >
<TEI xmlns="http://www.tei-c.org/ns/1.0" version="5.0" xml:id="No-MM_N0039-00-01r">
<teiHeader>
 <fileDesc>
<titleStmt>
<title>No-MM_N0039-00-01r.jpg</title>
</titleStmt>

<publicationStmt>
<p></p>
</publicationStmt>
<sourceDesc>
<p>2704 x 4064</p>
</sourceDesc>
 </fileDesc>
 <encodingDesc>


 
  <tagsDecl xml:id="imtAnnotationCategories"><rendition xml:id="transcription"><label>Contains the transcribed and TEI P5 encoded text of the objects</label><code rend="rectangle" lang="text/css">color: #ff0000</code></rendition><rendition xml:id="commentary"><label>Kommentarer</label><code rend="rectangle" lang="text/css">color: #00ff00</code></rendition><rendition xml:id="philologicalNotes"><label>Edisjonsfilologiske noter</label><code rend="rectangle" lang="text/css">color: #0000ff</code></rendition><rendition xml:id="textForSearch"><desc>transcriptional</desc><label>Søkbar tekst</label><code rend="rectangle" lang="text/css">color: #000000</code></rendition></tagsDecl><appInfo>
     <application ident="ImageMarkupTool01" version="1.8.1.2" notAfter="2009-03-20T16:22:43">
     <label>
     Image Markup Tool</label><desc>
     Tool for annotating images using TEI</desc><ref type="appURI" target="http://www.tapor.uvic.ca/~mholmes/image_markup/">
     </ref><ptr target="#imtAnnotatedImage"></ptr><ptr target="#imtImageAnnotations"></ptr><ptr target="#imtAnnotationCategories"></ptr></application>
     
     
     </appInfo></encodingDesc>
</teiHeader>
 <facsimile xml:id="imtAnnotatedImage"><surface><graphic url="No-MM_N0039-00-01r.jpg" width="2704px" height="4064px"></graphic><zone xml:id="imtArea_0" rendition="transcription" ulx="220" uly="280" lrx="2504" lry="3928" rend="visible"></zone></surface></facsimile>
 <text>
  <body>
   <div xml:id="imtImageAnnotations"><div corresp="#imtArea_0" type="imtAnnotation"><head>&#x00A0;</head><div>
    <p><del rend="overstrike">De yngste</del></p>
    <p>Vi <del rend="overstrike"><gap/></del> vil noget andet 
    <lb/>end det blotte fotografi 
     <lb/>af naturen. Ei heller er 
    <lb/>det forat male pene billeder 
    <lb/>til at hænge på en dagligstue
    <lb/>væg. Vi vil fors<del rend="overwritten"><gap/></del>øge om 
    <lb/>vi ikke kunde om <del rend="overstrike">ikke</del> 
    <lb/><del rend="overstrike">selv</del> det ikke lykkes os 
    <lb/>selv så at vi dog lægger 
    <lb/>grunden <gap reason="writing"/> <del rend="overstrike">til</del> <del rend="overstrike">om vi ikke 
    <lb/><gap/></del> en kunst der gives 
    <lb/>mennesket. En kunst 
    <lb/>der tager og griber. <del rend="overstrike">En 
    <lb/>kunst <del rend="overwritten"><gap/></del><gap/></del> for der <del rend="overstrike">fødes<gap/></del> <add place="inBetweenLines">skabes
    <lb/><unclear reason="writing">med liv</unclear></add> <del rend="overstrike">med ens</del> hjerteblod <del rend="overstrike">og</del></p>
    <p>Men håndværkerne begynder 
    <lb/>at regjere. De der arbeider 
    <lb/>for at få frem noget af sit 
    <lb/>eget af sit eget hjerteblod 
    <lb/>de skal trykkes nede. Og 
    <lb/>Middelmådigheden og kjedsommeligheden</p>
    </div></div></div>
  </body>
 </text>
</TEI>
