<?xml version="1.0" encoding="UTF-8"?>
<!DOCTYPE TEI PUBLIC "-//TEI P5 MunchTEI//DTD TEI P5 Unified for Edvard Munch's Texts//EN" "file:/O:/Munchs tekster/Transkripsjoner/MunchTEI.dtd" >
<TEI xmlns="http://www.tei-c.org/ns/1.0" version="5.0" xml:id="No-MM_N0153-00-01r">
<teiHeader>
 <fileDesc>
<titleStmt>
<title>No-MM_N0153-00-01r.jpg</title>
</titleStmt>

<publicationStmt>
<p></p>
</publicationStmt>
<sourceDesc>
<p>2704 x 4064</p>
</sourceDesc>
 </fileDesc>
 <encodingDesc>


 
  <tagsDecl xml:id="imtAnnotationCategories"><rendition xml:id="transcription"><label>Contains the transcribed and TEI P5 encoded text of the objects</label><code rend="rectangle" lang="text/css">color: #ff0000</code></rendition><rendition xml:id="commentary"><label>Kommentarer</label><code rend="rectangle" lang="text/css">color: #00ff00</code></rendition><rendition xml:id="philologicalNotes"><label>Edisjonsfilologiske noter</label><code rend="rectangle" lang="text/css">color: #0000ff</code></rendition><rendition xml:id="textForSearch"><desc>transcriptional</desc><label>Søkbar tekst</label><code rend="rectangle" lang="text/css">color: #000000</code></rendition></tagsDecl><appInfo>
     <application ident="ImageMarkupTool01" version="1.8.1.3" notAfter="2009-04-27T15:55:13">
     <label>
     Image Markup Tool</label><desc>
     Tool for annotating images using TEI</desc><ref type="appURI" target="http://www.tapor.uvic.ca/~mholmes/image_markup/">
     </ref><ptr target="#imtAnnotatedImage"></ptr><ptr target="#imtImageAnnotations"></ptr><ptr target="#imtAnnotationCategories"></ptr></application>
     
     
     </appInfo></encodingDesc>
</teiHeader>
 <facsimile xml:id="imtAnnotatedImage"><surface><graphic url="No-MM_N0153-00-01r.jpg" width="2704px" height="4064px"></graphic><zone xml:id="imtArea_0" rendition="transcription" ulx="167" uly="557" lrx="2549" lry="2629" rend="visible"></zone></surface></facsimile>
 <text>
  <body>
   <div xml:id="imtImageAnnotations"><div corresp="#imtArea_0" type="imtAnnotation"><head>&#x00A0;</head><div>
    <fw type="page" rend="extraAir">III</fw>
    <head rend="extraAir">Forhold til kvinnen</head>
    <p>Med hensyn til mit forhold til kvinnen som
    <lb/>nævnes bør dette afslibes i utrykkene</p>
    <p>Jeg har altid sat min kunst <del rend="overstrike">høiest</del>
    <lb/>foran alt &#x2013; og jeg følte ofte kvinnen som
    <lb/>en hindring for mit arbeide.</p>
    <p><del rend="overwritten"><gap/></del>På grunn af sygdomsspirer som jeg
    <lb/>har arvet efter min far og mor havde
    <lb/>jeg fra ungdommen af bestemt mig
    <lb/>til at leve ugift og jeg følte det
    <lb/>være en forbrydelse for mig at indgå
    <lb/>ægteskab</p>
    </div></div></div>
  </body>
 </text>
</TEI>
