<?xml version="1.0" encoding="UTF-8"?>
<!DOCTYPE TEI PUBLIC "-//TEI P5 MunchTEI//DTD TEI P5 Unified for Edvard Munch's Texts//EN" "file:/O:/Munchs tekster/Transkripsjoner/MunchTEI.dtd" >
<TEI xmlns="http://www.tei-c.org/ns/1.0" version="5.0" xml:id="No-MM_N0018-04">
<teiHeader>
 <fileDesc>
<titleStmt>
<title>No-MM_N0018-04.jpg</title>
</titleStmt>

<publicationStmt>
<p></p>
</publicationStmt>
<sourceDesc>
<p>2704 x 4064</p>
</sourceDesc>
 </fileDesc>
 <encodingDesc>


 
  <tagsDecl xml:id="imtAnnotationCategories"><rendition xml:id="transcription"><label>Contains the transcribed and TEI P5 encoded text of the objects</label><code rend="rectangle" lang="text/css">color: #ff0000</code></rendition><rendition xml:id="commentary"><label>Kommentarer</label><code rend="rectangle" lang="text/css">color: #00ff00</code></rendition><rendition xml:id="philologicalNotes"><label>Edisjonsfilologiske noter</label><code rend="rectangle" lang="text/css">color: #0000ff</code></rendition><rendition xml:id="textForSearch"><desc>transcriptional</desc><label>Søkbar tekst</label><code rend="rectangle" lang="text/css">color: #000000</code></rendition></tagsDecl><appInfo>
     <application ident="ImageMarkupTool01" version="1.8.1.2" notAfter="2009-03-17T10:56:31">
     <label>
     Image Markup Tool</label><desc>
     Tool for annotating images using TEI</desc><ref type="appURI" target="http://www.tapor.uvic.ca/~mholmes/image_markup/">
     </ref><ptr target="#imtAnnotatedImage"></ptr><ptr target="#imtImageAnnotations"></ptr><ptr target="#imtAnnotationCategories"></ptr></application>
     
     
     </appInfo></encodingDesc>
</teiHeader>
 <facsimile xml:id="imtAnnotatedImage"><surface><graphic url="No-MM_N0018-04.jpg" width="2704px" height="4064px"></graphic><zone xml:id="imtArea_0" rendition="transcription" ulx="220" uly="240" lrx="2608" lry="3716" rend="visible"></zone></surface></facsimile>
 <text>
  <body>
   <div xml:id="imtImageAnnotations"><div corresp="#imtArea_0" type="imtAnnotation"><head>&#x00A0;</head><div>
    <p rend="noIndent">de<del rend="overwritten">n</del>t er en folkerig by
    <lb/>gaderne er mange, og 
    <lb/>hver går <del rend="overstrike">rummer</del> huser 
    <lb/>mange folk <del rend="overstrike">hele</del> familier 
    <lb/><del rend="overwritten">h</del>Aarhundreder opover. 
    <lb/>benene smuldrer og gir plad 
     <lb/>for nye.</p>
    <p><del rend="overwritten"><gap/></del>Hvad gjør det om en 
    <lb/>dør <del rend="overstrike">mer eller mindre</del></p> 
    <p><del rend="overstrike">Disse millioner har 
     <lb/>hver <del rend="overwritten"><gap/></del>bragt sin sorg</del>.</p>
    <figure rend="shortHorizRule"/>
    <p><del rend="overstrike">Se</del> disse gader kryr af 
    <lb/>mennesker de flyr på hverandre 
    <lb/>og Omnibusen <del rend="overstrike">danner</del> <del rend="overwritten"><gap/></del>en 
    <lb/>kjørende masse af Menneskekjød</p>
    <p>De ser ligegyldige eller 
    <lb/>glade ud alle</p>
    <p>Ingen gidder</p>
    </div></div></div>
  </body>
 </text>
</TEI>
