<?xml version="1.0" encoding="UTF-8"?>
<!DOCTYPE TEI PUBLIC "-//TEI P5 MunchTEI//DTD TEI P5 Unified for Edvard Munch's Texts//EN" "file:/O:/Munchs tekster/Transkripsjoner/MunchTEI.dtd" >
<TEI xmlns="http://www.tei-c.org/ns/1.0" version="5.0" xml:id="No-MM_N0078-02">
<teiHeader>
 <fileDesc>
<titleStmt>
<title>No-MM_N0078-02.jpg</title>
</titleStmt>

<publicationStmt>
<p></p>
</publicationStmt>
<sourceDesc>
<p>2704 x 4064</p>
</sourceDesc>
 </fileDesc>
 <encodingDesc>


 
  <tagsDecl xml:id="imtAnnotationCategories"><rendition xml:id="transcription"><label>Contains the transcribed and TEI P5 encoded text of the objects</label><code rend="rectangle" lang="text/css">color: #ff0000</code></rendition><rendition xml:id="commentary"><label>Kommentarer</label><code rend="rectangle" lang="text/css">color: #00ff00</code></rendition><rendition xml:id="philologicalNotes"><label>Edisjonsfilologiske noter</label><code rend="rectangle" lang="text/css">color: #0000ff</code></rendition><rendition xml:id="textForSearch"><desc>transcriptional</desc><label>Søkbar tekst</label><code rend="rectangle" lang="text/css">color: #000000</code></rendition></tagsDecl><appInfo>
     <application ident="ImageMarkupTool01" version="1.8.1.3" notAfter="2009-03-26T11:17:53">
     <label>
     Image Markup Tool</label><desc>
     Tool for annotating images using TEI</desc><ref type="appURI" target="http://www.tapor.uvic.ca/~mholmes/image_markup/">
     </ref><ptr target="#imtAnnotatedImage"></ptr><ptr target="#imtImageAnnotations"></ptr><ptr target="#imtAnnotationCategories"></ptr></application>
     
     
     </appInfo></encodingDesc>
</teiHeader>
 <facsimile xml:id="imtAnnotatedImage"><surface><graphic url="No-MM_N0078-02.jpg" width="2704px" height="4064px"></graphic><zone xml:id="imtArea_0" rendition="transcription" ulx="143" uly="441" lrx="2684" lry="3487" rend="visible"></zone></surface></facsimile>
 <text>
  <body>
   <div xml:id="imtImageAnnotations"><div corresp="#imtArea_0" type="imtAnnotation"><head>&#x00A0;</head><div>
    <p rend="noIndent">Det er et udmærket <del rend="overwritten">s</del>billede 
    <lb/>jeg gratulerer sa <persName key="pe329">Ludvig Meier</persName> 
    <lb/>det var en af de ganske 
    <lb/>få der havde et go<del rend="overwritten"><gap/></del>dt ord 
    <lb/>for billedet &#x2013;</p>
    <p><orgName key="i101">Aftenposten</orgName> fraadset i 
    <lb/>skjældsord og Gemenheder &#x2013;</p>
    <p>Dette kunstfiendtlige 
    <lb/>blad udfyl<del rend="overwritten">t</del>der aligevel et 
    <lb/>slags nødvendi behov &#x2013;</p>
    <p>En natmand er jo osså 
     <lb/><del rend="overstrike">vigtig</del> &#x2013; nyttig &#x2013; <orgName key="i101">Aftenposten</orgName> 
    <lb/>har altid havt og har 
    <lb/>sin <persName key="pe861">Jonas Rask</persName> &#x2013;</p>
    <p>Det er folk som har 
    <lb/>puslet lidt med penselen 
    <lb/>&#x2013; og har fået middelsgod 
    <lb/>karakter i norsk stil &#x2013;</p>
    </div></div></div>
  </body>
 </text>
</TEI>
