<?xml version="1.0" encoding="UTF-8"?>
<!DOCTYPE TEI PUBLIC "-//TEI P5 MunchTEI//DTD TEI P5 Unified for Edvard Munch's Texts//EN" "file:/O:/Munchs tekster/Transkripsjoner/MunchTEI.dtd" >
<TEI xmlns="http://www.tei-c.org/ns/1.0" version="5.0" xml:id="No-MM_N0086-00-01r">
<teiHeader>
 <fileDesc>
<titleStmt>
<title>No-MM_N0086-00-01r.jpg</title>
</titleStmt>

<publicationStmt>
<p></p>
</publicationStmt>
<sourceDesc>
<p>2704 x 4064</p>
</sourceDesc>
 </fileDesc>
 <encodingDesc>


 
  <tagsDecl xml:id="imtAnnotationCategories"><rendition xml:id="transcription"><label>Contains the transcribed and TEI P5 encoded text of the objects</label><code rend="rectangle" lang="text/css">color: #ff0000</code></rendition><rendition xml:id="commentary"><label>Kommentarer</label><code rend="rectangle" lang="text/css">color: #00ff00</code></rendition><rendition xml:id="philologicalNotes"><label>Edisjonsfilologiske noter</label><code rend="rectangle" lang="text/css">color: #0000ff</code></rendition><rendition xml:id="textForSearch"><desc>transcriptional</desc><label>Søkbar tekst</label><code rend="rectangle" lang="text/css">color: #000000</code></rendition></tagsDecl><appInfo>
     <application ident="ImageMarkupTool01" version="1.8.1.4" notAfter="2010-04-23T14:17:16">
     <label>
     Image Markup Tool</label><desc>
     Tool for annotating images using TEI</desc><ref type="appURI" target="http://www.tapor.uvic.ca/~mholmes/image_markup/">
     </ref><ptr target="#imtAnnotatedImage"></ptr><ptr target="#imtImageAnnotations"></ptr><ptr target="#imtAnnotationCategories"></ptr></application>
     
     
     </appInfo></encodingDesc>
</teiHeader>
 <facsimile xml:id="imtAnnotatedImage"><surface><graphic url="No-MM_N0086-00-01r.jpg" width="2704px" height="4064px"></graphic><zone xml:id="imtArea__3" rendition="transcription" ulx="203" uly="783" lrx="2565" lry="2672" rend="visible"></zone></surface></facsimile>
 <text>
  <body>
   <div xml:id="imtImageAnnotations"><div corresp="#imtArea__3" type="imtAnnotation"><head>&#x00A0;</head><div>
    <p>Jeg skal samtidig omtale at <del rend="overstrike">A<gap/></del>
    <lb/><space dim="horizontal"></space>i sin bok fortæller at 
    <lb/>jeg de sidste 20 år har været tilbagegående 
    <lb/>og sier at <del rend="overwritten"><gap/></del>den lille udstilling på 15 billeder 
    <lb/>i høst hos <persName key="pe163">Holst Halvorsen</persName> var et oplussen 
     <lb/>af geni &#x2013; så skal jeg si at 5 af billedene
    <lb/>var <gap reason="scribble"/> malt for 30 år siden <unclear reason="writing">Ca</unclear> (og netop de 
    <lb/>han liker bedst er malt for <del rend="overstrike">12 år siden</del> 10 og 
    <lb/>15 år siden og resten den sidste tid
    <lb/>Mine store udstillinger i utlan og indland 
    <lb/>ved han intet om og heller ikke den 
    <lb/>store udstilling for circa 12 år siden i 
     <lb/><orgName key="i84">Nationalgalleriet</orgName> &#x2013;</p>
   </div></div></div>
  </body>
 </text>
</TEI>
