<?xml version="1.0" encoding="UTF-8"?>
<!DOCTYPE TEI PUBLIC "-//TEI P5 MunchTEI//DTD TEI P5 Unified for Edvard Munch's Texts//EN" "file:/O:/Munchs tekster/Transkripsjoner/MunchTEI.dtd" >
<TEI xmlns="http://www.tei-c.org/ns/1.0" version="5.0" xml:id="No-MM_N0032-02">
<teiHeader>
 <fileDesc>
<titleStmt>
<title>No-MM_N0032-02.jpg</title>
</titleStmt>

<publicationStmt>
<p></p>
</publicationStmt>
<sourceDesc>
<p>2704 x 4064</p>
</sourceDesc>
 </fileDesc>
 <encodingDesc>


 
  <tagsDecl xml:id="imtAnnotationCategories"><rendition xml:id="transcription"><label>Contains the transcribed and TEI P5 encoded text of the objects</label><code rend="rectangle" lang="text/css">color: #ff0000</code></rendition><rendition xml:id="commentary"><label>Kommentarer</label><code rend="rectangle" lang="text/css">color: #00ff00</code></rendition><rendition xml:id="philologicalNotes"><label>Edisjonsfilologiske noter</label><code rend="rectangle" lang="text/css">color: #0000ff</code></rendition><rendition xml:id="textForSearch"><desc>transcriptional</desc><label>Søkbar tekst</label><code rend="rectangle" lang="text/css">color: #000000</code></rendition></tagsDecl><appInfo>
     <application ident="ImageMarkupTool01" version="1.8.1.2" notAfter="2009-03-19T11:20:35">
     <label>
     Image Markup Tool</label><desc>
     Tool for annotating images using TEI</desc><ref type="appURI" target="http://www.tapor.uvic.ca/~mholmes/image_markup/">
     </ref><ptr target="#imtAnnotatedImage"></ptr><ptr target="#imtImageAnnotations"></ptr><ptr target="#imtAnnotationCategories"></ptr></application>
     
     
     </appInfo></encodingDesc>
</teiHeader>
 <facsimile xml:id="imtAnnotatedImage"><surface><graphic url="No-MM_N0032-02.jpg" width="2704px" height="4064px"></graphic><zone xml:id="imtArea_0" rendition="transcription" ulx="396" uly="616" lrx="2612" lry="3528" rend="visible"></zone></surface></facsimile>
 <text>
  <body>
   <div xml:id="imtImageAnnotations"><div corresp="#imtArea_0" type="imtAnnotation"><head>&#x00A0;</head><div>
    <fw type="page">&#x2013; 2 &#x2013;</fw>
    <p rend="noIndent">forbausende at han kommer med disse udtalelser &#x2013; efterat han har 
    <lb/>læst min redegjörelse. Sammenhængen med disse og den fris med moti-
    <lb/>ver fra stranden og skogen, der skulde dekorere den store nabosal &#x2013; 
    <lb/>selvfölgelig kunde enkelte billeder benyttes som &#x2013;</p>
    <p>Jeg har ogsaa tænkt mig en anden lösning. Den hele fris 
    <lb/>gjort meget större med rigtig store felter &#x2013;gjort trærnes kroner 
    <lb/>större, motivet med strand og skog mere gjennemfört, <add place="supralinear">i</add> billederne &#x2013;
    <lb/>hvorved der blir mere enhed. &#x2013;</p>
    <p>Der skrives mange ord om at billederne ikke stemmer sammen 
    <lb/>at de har forskjellig retning. &#x2013;</p>
    <p>Det er jo<add place="inline"> </add>noget alle kan si, og at jeg har tænkt de skulde 
    <lb/>tillempes og <del rend="overstrike">omhandle</del> ommales til det sted det skal dekorere er end 
    <lb/>yderligere bestemt sagt i forordet. &#x2013;</p>
    <p>Jeg vilde anse det for en feil at have gjort frisen færdig 
    <lb/>för jeg havde det bestemte rum. &#x2013; For pengemidler til dens fuldendel-
    <lb/>se. &#x2013;</p>
    <p><persName key="pe741">Vigeland</persName> gav sin serie en bestemt form for han vidste, hvor 
    <lb/>den skulde staa, nu ved han ikke at finde plads. &#x2013;</p>
    <p>Det er mig ufattelig, at kritikeren, der ogsaa er maler, ik-
    <lb/>ke kan finde sammenhæng i billedrækken. &#x2013; Ikke en sammenhæng paastaaes.</p>
    <p>Halvparten af billederne har slig sammenhæng, at de med stör-
    <lb/>ste lethet kunde föies sammen til et eneste langt stort billede.
    <lb/>Billederne med stranden og træerne. &#x2013; Der gaar stadig samme<del rend="overstrike" hand="EM2">n</del> 
     <lb/>toner igjen &#x2013; sommernattens giver<add place="inline"> </add>samtonen &#x2013; Træerne og havet giver 
    <lb/>lodrette og horisontale linier &#x2013; stranden og menneskene giver det 
    <lb/>bölgende levnedslivs toner &#x2013; sterke farver giver gjenlyd af samklang 
    <lb/>gjennem billederne. Billederne er rigtignok i meste motiver notater &#x2013;
    <lb/>&#x2013; dokumenter &#x2013; udkast &#x2013; emner. &#x2013;</p>
    </div></div></div>
  </body>
 </text>
</TEI>
