<?xml version="1.0" encoding="UTF-8"?>
<!DOCTYPE TEI PUBLIC "-//TEI P5 MunchTEI//DTD TEI P5 Unified for Edvard Munch's Texts//EN" "file:/O:/Munchs tekster/Transkripsjoner/MunchTEI.dtd" >
<TEI xmlns="http://www.tei-c.org/ns/1.0" version="5.0" xml:id="No-MM_N0150-00-01r">
<teiHeader>
 <fileDesc>
<titleStmt>
<title>No-MM_N0150-00-01r.jpg</title>
</titleStmt>

<publicationStmt>
<p></p>
</publicationStmt>
<sourceDesc>
<p>2704 x 4064</p>
</sourceDesc>
 </fileDesc>
 <encodingDesc>


 
  <tagsDecl xml:id="imtAnnotationCategories"><rendition xml:id="transcription"><label>Contains the transcribed and TEI P5 encoded text of the objects</label><code rend="rectangle" lang="text/css">color: #ff0000</code></rendition><rendition xml:id="commentary"><label>Kommentarer</label><code rend="rectangle" lang="text/css">color: #00ff00</code></rendition><rendition xml:id="philologicalNotes"><label>Edisjonsfilologiske noter</label><code rend="rectangle" lang="text/css">color: #0000ff</code></rendition><rendition xml:id="textForSearch"><desc>transcriptional</desc><label>Søkbar tekst</label><code rend="rectangle" lang="text/css">color: #000000</code></rendition></tagsDecl><appInfo>
     <application ident="ImageMarkupTool01" version="1.8.1.4" notAfter="2010-03-09T11:26:05">
     <label>
     Image Markup Tool</label><desc>
     Tool for annotating images using TEI</desc><ref type="appURI" target="http://www.tapor.uvic.ca/~mholmes/image_markup/">
     </ref><ptr target="#imtAnnotatedImage"></ptr><ptr target="#imtImageAnnotations"></ptr><ptr target="#imtAnnotationCategories"></ptr></application>
     
     
     </appInfo></encodingDesc>
</teiHeader>
 <facsimile xml:id="imtAnnotatedImage"><surface><graphic url="No-MM_N0150-00-01r.jpg" width="2704px" height="4064px"></graphic><zone xml:id="imtArea_0" rendition="transcription" ulx="266" uly="676" lrx="2405" lry="3356" rend="visible"></zone><zone xml:id="imtArea_1" rendition="transcription" ulx="111" uly="445" lrx="2143" lry="982" rend="visible"></zone><zone xml:id="imtArea_2" rendition="transcription" ulx="2227" uly="485" lrx="2633" lry="2362" rend="visible"></zone><zone xml:id="imtArea_3" rendition="transcription" ulx="2223" uly="2485" lrx="2656" lry="3010" rend="visible"></zone><zone xml:id="imtArea_4" rendition="transcription" ulx="1213" uly="3213" lrx="1781" lry="3392" rend="visible"></zone><zone xml:id="imtArea_5" rendition="transcription" ulx="135" uly="3281" lrx="1292" lry="3686" rend="visible"></zone><zone xml:id="imtArea_6" rendition="transcription" ulx="1312" uly="3300" lrx="2604" lry="3733" rend="visible"></zone></surface></facsimile>
 <text>
  <body>
   <div xml:id="imtImageAnnotations"><div corresp="#imtArea_0" type="imtAnnotation"><head>&#x00A0;</head><div>
    <p>Det er som De siger &#x2013; I de 8 års <del rend="overwritten">a</del>stadige
    <lb/>arbeide med <ref type="lemma" target="co2">Aula dekorationerne</ref> med de utallige
    <lb/>studier (4 sæt, <del rend="overwritten">a</del><ref type="lemma" target="co2">Aula</ref> <unclear reason="writing">studier</unclear>) blev jeg ikke udtrættet
    <lb/>tværtimod &#x2013; <del rend="overstrike">Ved</del> Jeg kunde med friske kræfter
    <lb/>fortsat med Alma mater &#x2013; og jeg gjorde flere
    <lb/>forsøg på at få gøre det men jeg fik ingen
    <lb/>tilslutning &#x2013;</p>
    <p>Under arbeidet med <ref type="lemma" target="co2">Aula billederne</ref>
    <lb/>følte jeg det jeg aldri tidligere følte &#x2013; at bæres
    <lb/>af arbeidet &#x2013; at få kræfter under arbeidet at
    <lb/>få luft under vingerne &#x2013;</p>
    <p>Jeg følte som jeg var kommet i <del rend="overstrike">det</del> havn
    <lb/>til en sfære jeg ante &#x2013;</p>
    <p><del rend="overstrike">Derfor er mine senere arbeider</del> med
    <lb/><del rend="overstrike">vægmal</del><seg rend="interpunctionalSpace"/>Det var en slem ting <del rend="overwritten"><gap/></del>at
    <lb/>blive <del rend="overstrike">uddrævet</del> stødt ned på dette plan
    <lb/>og ikke kunnet udnytte mine lærdomme &#x2013;</p>
    <p>Jeg skal villig indrømme at der ikke
    <lb/>fan<del rend="overwritten"><gap/></del>dtes så let <gap reason="writing"/> <del rend="overstrike">s</del> stort lokale (og det
    <lb/>måtte være af samme format)</p>
    <p>Men hva er ikke ødslet på <persName key="pe741">Vigeland</persName>
     <lb/>&#x2013; Kunde ikke blot en &#x215F;&#x2085;&#x2080; del være ofret
    <lb/>fra <del rend="overwritten">d</del>at jeg fik</p>
   
   </div></div><div corresp="#imtArea_1" type="imtAnnotation"><head>&#x00A0;</head><div>
    <p rend="extraAir-noIndent"><handShift new="EM2"/><del rend="overwritten"><gap/></del>Side <gap reason="writing"/>
    <lb/>bør betegnes
    <lb/>som
    <lb/>nev<gap reason="writing"></gap></p>
    <p rend="extraAir">Side 63
    <lb/><gap reason="writing"/>
     <lb/><gap reason="writing"/>
     <lb/>si <gap reason="writing"/> <gap reason="writing"/>
    <lb/><gap reason="writing"/></p>
    <p rend="extraAir">37
    <lb/>89
    <lb/><gap reason="writing"/> <gap reason="writing"/>
    <lb/><placeName key="pl42">Aasgaardstrand</placeName></p>
    
   </div></div><div corresp="#imtArea_2" type="imtAnnotation"><head>&#x00A0;</head><div>
    <p rend="noIndent">side 35 <del rend="overwritten"><gap/></del><gap/> <unclear reason="writing">styrt</unclear> forholdsvis liten
    <lb/>følelse for (i stedet for overhode)</p>
    
   </div></div><div corresp="#imtArea_3" type="imtAnnotation"><head>&#x00A0;</head><div>
    <p rend="noIndent"><hi rend="underlined">Rammer</hi>
    <lb/>ikke 
    <lb/>selskapelighet</p>
    
   </div></div><div corresp="#imtArea_4" type="imtAnnotation"><head>&#x00A0;</head><div>
    <p rend="noIndent"><persName key="pe257">Kollmann</persName></p>
    
   </div></div><div corresp="#imtArea_5" type="imtAnnotation"><head>&#x00A0;</head><div>
    <p>Side 38 <gap reason="scribble"/>
     <lb/>studerer <gap reason="writing"/> <unclear reason="writing">samt</unclear> Side 10
     <lb/>i stedet for 
     <lb/><gap reason="writing"/> <add place="margin-right">Selvportrett Weimar</add></p>
    
   </div></div><div corresp="#imtArea_6" type="imtAnnotation"><head>&#x00A0;</head><div>
    <p rend="noIndent">Kunstens gudinne har
    <lb/>jeg vært tro, derfor er
    <lb/>hun ennu ved min side</p>
    
    </div></div></div>
  </body>
 </text>
</TEI>
