<?xml version="1.0" encoding="UTF-8"?>
<!DOCTYPE TEI PUBLIC "-//TEI P5 MunchTEI//DTD TEI P5 Unified for Edvard Munch's Texts//EN" "file:/O:/Munchs tekster/Transkripsjoner/MunchTEI.dtd" >
<TEI xmlns="http://www.tei-c.org/ns/1.0" version="5.0" xml:id="No-MM_N0047-00-01r">
<teiHeader>
 <fileDesc>
<titleStmt>
<title>No-MM_N0047-00-01r.jpg</title>
</titleStmt>

<publicationStmt>
<p></p>
</publicationStmt>
<sourceDesc>
<p>2704 x 4064</p>
</sourceDesc>
 </fileDesc>
 <encodingDesc>


 
  <tagsDecl xml:id="imtAnnotationCategories"><rendition xml:id="transcription"><label>Contains the transcribed and TEI P5 encoded text of the objects</label><code rend="rectangle" lang="text/css">color: #ff0000</code></rendition><rendition xml:id="commentary"><label>Kommentarer</label><code rend="rectangle" lang="text/css">color: #00ff00</code></rendition><rendition xml:id="philologicalNotes"><label>Edisjonsfilologiske noter</label><code rend="rectangle" lang="text/css">color: #0000ff</code></rendition><rendition xml:id="textForSearch"><desc>transcriptional</desc><label>Søkbar tekst</label><code rend="rectangle" lang="text/css">color: #000000</code></rendition></tagsDecl><appInfo>
     <application ident="ImageMarkupTool01" version="1.8.1.3" notAfter="2009-03-23T13:23:28">
     <label>
     Image Markup Tool</label><desc>
     Tool for annotating images using TEI</desc><ref type="appURI" target="http://www.tapor.uvic.ca/~mholmes/image_markup/">
     </ref><ptr target="#imtAnnotatedImage"></ptr><ptr target="#imtImageAnnotations"></ptr><ptr target="#imtAnnotationCategories"></ptr></application>
     
     
     </appInfo></encodingDesc>
</teiHeader>
 <facsimile xml:id="imtAnnotatedImage"><surface><graphic url="No-MM_N0047-00-01r.jpg" width="2704px" height="4064px"></graphic><zone xml:id="imtArea_0" rendition="transcription" ulx="197" uly="758" lrx="2558" lry="2613" rend="visible"></zone></surface></facsimile>
 <text>
  <body>
   <div xml:id="imtImageAnnotations"><div corresp="#imtArea_0" type="imtAnnotation"><head>&#x00A0;</head><div>
    <p rend="noIndent"><add place="margin-top"><del rend="overstrike">Det</del></add></p>
    <p><add place="margin-top">Jeg har aldrig lovet at male <ref type="lemma" target="co2">aulabillederne</ref> 
    <lb/>i fresco &#x2013; Det vilde dengang været mig umuligt
    <lb/>Ellers er frescoen med de brugelige <gap reason="writing"/> <gap reason="writing"/> vel så let 
     <lb/><unclear reason="writing">som</unclear>
     <lb/><hi rend="underlined"><gap/></hi>
     <lb/><hi rend="underlined"><gap/></hi></add></p>
    <p>Billederne er hverken repareret 
    <lb/>eller restaureret altså uvederhæftig snak
    <lb/>Billederne er malt som alle mine billeder 
    <lb/>og de i galleriet som staffelimaleri &#x2013;
    <lb/>Jeg som mange udmærkede malere har 
    <lb/>ofte ladt lærredet <del rend="overstrike">så</del> stå &#x2013; F.ex. <persName key="pe847">Cezanne</persName> &#x2013; 
    <lb/>Billederne er i løbet af 4 år hængt <gap reason="writing"/>
    <lb/>ude i friluftsatelier udsat for vind regn 
    <lb/>og sne</p>
    <p>Der er ingen fordunkling i billederne</p>
    </div></div></div>
  </body>
 </text>
</TEI>
