<?xml version="1.0" encoding="UTF-8"?>
<!DOCTYPE TEI PUBLIC "-//TEI P5 MunchTEI//DTD TEI P5 Unified for Edvard Munch's Texts//EN" "file:/O:/Munchs tekster/Transkripsjoner/MunchTEI.dtd" >
<TEI xmlns="http://www.tei-c.org/ns/1.0" version="5.0" xml:id="No-MM_N0134-00-01r">
<teiHeader>
 <fileDesc>
<titleStmt>
<title>No-MM_N0134-00-01r.jpg</title>
</titleStmt>

<publicationStmt>
<p></p>
</publicationStmt>
<sourceDesc>
<p>2704 x 4064</p>
</sourceDesc>
 </fileDesc>
 <encodingDesc>


 
  <tagsDecl xml:id="imtAnnotationCategories"><rendition xml:id="transcription"><label>Contains the transcribed and TEI P5 encoded text of the objects</label><code rend="rectangle" lang="text/css">color: #ff0000</code></rendition><rendition xml:id="commentary"><label>Kommentarer</label><code rend="rectangle" lang="text/css">color: #00ff00</code></rendition><rendition xml:id="philologicalNotes"><label>Edisjonsfilologiske noter</label><code rend="rectangle" lang="text/css">color: #0000ff</code></rendition><rendition xml:id="textForSearch"><desc>transcriptional</desc><label>Søkbar tekst</label><code rend="rectangle" lang="text/css">color: #000000</code></rendition></tagsDecl><appInfo>
     <application ident="ImageMarkupTool01" version="1.8.1.3" notAfter="2009-04-22T11:57:38">
     <label>
     Image Markup Tool</label><desc>
     Tool for annotating images using TEI</desc><ref type="appURI" target="http://www.tapor.uvic.ca/~mholmes/image_markup/">
     </ref><ptr target="#imtAnnotatedImage"></ptr><ptr target="#imtImageAnnotations"></ptr><ptr target="#imtAnnotationCategories"></ptr></application>
     
     
     </appInfo></encodingDesc>
</teiHeader>
 <facsimile xml:id="imtAnnotatedImage"><surface><graphic url="No-MM_N0134-00-01r.jpg" width="2704px" height="4064px"></graphic><zone xml:id="imtArea_0" rendition="transcription" ulx="223" uly="342" lrx="2398" lry="827" rend="visible"></zone><zone xml:id="imtArea_1" rendition="transcription" ulx="179" uly="767" lrx="2617" lry="3590" rend="visible"></zone></surface></facsimile>
 <text>
  <body>
   <div xml:id="imtImageAnnotations"><div corresp="#imtArea_0" type="imtAnnotation"><head>&#x00A0;</head><div>
    <p><persName key="pe137">Gauguin</persName> sier: Efter et kort ophold i <placeName key="pl15">Norge</placeName> <date when="1905">1905</date>
    <lb/>reiste han med bitterhet til <placeName key="pl51">Tyskland</placeName>. Dette er
    <lb/>helt ukorrekt og misvisende og må absolut forandres</p>
    <p>Jeg <del rend="overstrike">tror det</del> finner det er riktigt at efterfølgende
     <lb/>beskrivelse af årene <date when="1904">1904</date>&#x2013;<date when="1908">1908</date> bør indtas</p>
    
   </div></div><div corresp="#imtArea_1" type="imtAnnotation"><head>&#x00A0;</head><div>
    <head>I
    <lb/>Årene <date when="1904">1904</date>&#x2013;<date when="1907">1907</date>&#x2013;<date when="1908">1908</date></head>
    <p><persName key="pe627">Munch</persName> havde længe især det sidste
    <lb/>år i <placeName key="pl51">Tyskland</placeName> <add place="supralinear"><date when="1904">1904</date> og <date when="1905">1905</date></add> ligget under for en nerve-
    <lb/>sygdom ofte med alvorlige anfald &#x2013;</p>
    <p>Han reiste i <date when="05-03">Marts 1905</date> til <placeName key="pl42">Aasgaardstrand</placeName>
     <lb/>(malte <rs type="portrait" key="pe239">portræt af Karsten</rs>) Efter et halvt års
    <lb/>ophold reiste han til <placeName key="pl146">Chemnitz</placeName> <del rend="overstrike">forat</del> forat
    <lb/><del rend="overstrike">m</del> udføre en større bestilling som fabrik-
    <lb/>eier <persName key="pe118">Herbert Esche</persName> havde givet ham</p>
    <p>Han malte det bekjendte dobbeltportræt
    <lb/><rs type="portrait" key="pe117"><rs type="portrait" key="pe116">Herbert Esches børn</rs></rs></p>
    <p>Han var her sammen med <persName key="pe464">Van de Velde</persName>
    <lb/>der netop fuldførte en af sine betydeligste
    <lb/>bygværker Esches <del rend="overstrike">h</del> nye hus &#x2013;</p>
    <p><persName key="pe627">Munch</persName> var det foregående år som <persName key="pe471">Graf Kesslers</persName>
    <lb/>gjæst <del rend="overstrike">m</del> meget sammen med ham. Man
    <lb/>mødtes <add place="supralinear">hos</add> fru <persName key="pe134">Elisabeth Förster-Nietzsche</persName> i <orgName key="i397">Nietzsche Archivet</orgName>
    <lb/>hvor en større kreds nød godt af hendes store
    <lb/>gjæstfrihed og elskværdighed</p>
    </div></div></div>
  </body>
 </text>
</TEI>
