<?xml version="1.0" encoding="UTF-8"?>
<!DOCTYPE TEI PUBLIC "-//TEI P5 MunchTEI//DTD TEI P5 Unified for Edvard Munch's Texts//EN" "file:/O:/Munchs tekster/Transkripsjoner/MunchTEI.dtd" >
<TEI xmlns="http://www.tei-c.org/ns/1.0" version="5.0" xml:id="No-MM_N0007-01">
<teiHeader>
 <fileDesc>
<titleStmt>
<title>No-MM_N0007-01.jpg</title>
</titleStmt>

<publicationStmt>
<p></p>
</publicationStmt>
<sourceDesc>
<p>2704 x 4064</p>
</sourceDesc>
 </fileDesc>
 <encodingDesc>


 
  <tagsDecl xml:id="imtAnnotationCategories"><rendition xml:id="transcription"><label>Contains the transcribed and TEI P5 encoded text of the objects</label><code rend="rectangle" lang="text/css">color: #ff0000</code></rendition><rendition xml:id="commentary"><label>Kommentarer</label><code rend="rectangle" lang="text/css">color: #00ff00</code></rendition><rendition xml:id="philologicalNotes"><label>Edisjonsfilologiske noter</label><code rend="rectangle" lang="text/css">color: #0000ff</code></rendition><rendition xml:id="textForSearch"><desc>transcriptional</desc><label>Søkbar tekst</label><code rend="rectangle" lang="text/css">color: #000000</code></rendition></tagsDecl><appInfo>
     <application ident="ImageMarkupTool01" version="1.8.1.2" notAfter="2009-03-13T13:35:57">
     <label>
     Image Markup Tool</label><desc>
     Tool for annotating images using TEI</desc><ref type="appURI" target="http://www.tapor.uvic.ca/~mholmes/image_markup/">
     </ref><ptr target="#imtAnnotatedImage"></ptr><ptr target="#imtImageAnnotations"></ptr><ptr target="#imtAnnotationCategories"></ptr></application>
     
     
     </appInfo></encodingDesc>
</teiHeader>
 <facsimile xml:id="imtAnnotatedImage"><surface><graphic url="No-MM_N0007-01.jpg" width="2704px" height="4064px"></graphic><zone xml:id="imtArea_0" rendition="transcription" ulx="252" uly="320" lrx="2456" lry="3756" rend="visible"></zone></surface></facsimile>
 <text>
  <body>
   <div xml:id="imtImageAnnotations"><div corresp="#imtArea_0" type="imtAnnotation"><head>&#x00A0;</head><div>
    <p rend="noIndent">øinene &#x2013; Opvarterne så bort 
     <lb/><del rend="overwritten"><gap/></del>mod mig &#x2013;</p>
    <p>Hvor trist og stor den var <del rend="overstrike">den</del> 
     <lb/>restaurationen &#x2013; det var ikke 
    <lb/>andre end jeg og et par <del rend="overstrike">opf</del> 
     <lb/>opvartere &#x2013; derborte stod <del rend="overstrike">noe</del> 
    <lb/>et par svære billiardbord og 
     <lb/>gabte. &#x2013;</p>
    <p>Jeg måtte ud &#x2013; Jeg <del rend="overwritten"><gap/></del>bestemte 
    <lb/>mig til at gå <del rend="overstrike">ud og</del> ned til 
    <lb/><orgName key="i86">Cafe Regence</orgName> og finde avertis-
     <lb/>sementet i <del rend="overstrike">m</del> <orgName key="i79">Morgenbladet</orgName> &#x2013;
     <lb/>Jeg gik nedover <del rend="overwritten"><gap/></del><placeName key="pl116">St. Honore</placeName> &#x2013; 
     <lb/>Ned ved <orgName key="i115">Madeleine Kirken</orgName> &#x2013;
    <lb/>begyndte det at myldre af 
     <lb/><del rend="overstrike">Men</del> mennesker &#x2013; <del rend="overstrike">det va</del> og 
    <lb/><del rend="overstrike">uafladelig tykt af</del> uafladelig 
     <lb/>kjørende <del rend="overwritten">i</del>&#x2013; hvor lydløst hjulene 
     <lb/><del rend="overstrike">gled</del> rullede &#x2013; man hørte blot 
    <lb/><del rend="overstrike">noen smæld af h</del> de regelmæssige 
    <lb/>klap af hovene mod asfalten.</p>
    <p>&#x2013; Jeg gik forsigtig over gaden</p> 
    </div></div></div>
  </body>
 </text>
</TEI>
