<?xml version="1.0" encoding="UTF-8"?>
<!DOCTYPE TEI PUBLIC "-//TEI P5 MunchTEI//DTD TEI P5 Unified for Edvard Munch's Texts//EN" "file:/O:/Munchs tekster/Transkripsjoner/MunchTEI.dtd" >
<TEI xmlns="http://www.tei-c.org/ns/1.0" version="5.0" xml:id="No-MM_N0097-01">
<teiHeader>
 <fileDesc>
<titleStmt>
<title>No-MM_N0097-01.jpg</title>
</titleStmt>

<publicationStmt>
<p></p>
</publicationStmt>
<sourceDesc>
<p>2704 x 4064</p>
</sourceDesc>
 </fileDesc>
 <encodingDesc>


 
  <tagsDecl xml:id="imtAnnotationCategories"><rendition xml:id="transcription"><label>Contains the transcribed and TEI P5 encoded text of the objects</label><code rend="rectangle" lang="text/css">color: #ff0000</code></rendition><rendition xml:id="commentary"><label>Kommentarer</label><code rend="rectangle" lang="text/css">color: #00ff00</code></rendition><rendition xml:id="philologicalNotes"><label>Edisjonsfilologiske noter</label><code rend="rectangle" lang="text/css">color: #0000ff</code></rendition><rendition xml:id="textForSearch"><desc>transcriptional</desc><label>Søkbar tekst</label><code rend="rectangle" lang="text/css">color: #000000</code></rendition></tagsDecl><appInfo>
     <application ident="ImageMarkupTool01" version="1.8.1.3" notAfter="2009-03-30T13:22:15">
     <label>
     Image Markup Tool</label><desc>
     Tool for annotating images using TEI</desc><ref type="appURI" target="http://www.tapor.uvic.ca/~mholmes/image_markup/">
     </ref><ptr target="#imtAnnotatedImage"></ptr><ptr target="#imtImageAnnotations"></ptr><ptr target="#imtAnnotationCategories"></ptr></application>
     
     
     </appInfo></encodingDesc>
</teiHeader>
 <facsimile xml:id="imtAnnotatedImage"><surface><graphic url="No-MM_N0097-01.jpg" width="2704px" height="4064px"></graphic><zone xml:id="imtArea_0" rendition="transcription" ulx="290" uly="433" lrx="2386" lry="3240" rend="visible"></zone></surface></facsimile>
 <text>
  <body>
   <div xml:id="imtImageAnnotations"><div corresp="#imtArea_0" type="imtAnnotation"><head>&#x00A0;</head><div>
    <p>Jeg liker ikke lyset &#x2013; jeg synes 
    <lb/>best om månen når den er slig
    <lb/>bag skyerne &#x2013; det er så deili hemmelighedsfuldt 
    <lb/><del rend="overstrike">og</del> <del rend="overwritten">l</del>Lyset er så indiskret.</p>
    <p>Jeg synes netop om <del rend="overwritten"><gap/></del>solen og lyset sa 
     <lb/><del rend="overwritten">b</del><ref type="lemma" target="co6">Brandt</ref><seg type="interpunctionalSpace"/>især de lyse blege sommernætter</p>
    <p>Jeg har det sån sa hun efter 
    <lb/>en stund &#x2013; på slige aftener som 
    <lb/>iaften kunde jeg gjøre hva som 
    <lb/>helst &#x2013; noe forfærdeli galt
    <lb/><ref type="lemma" target="co6">Brandt</ref> så ind i et par store dunkle 
    <lb/>øine &#x2013; <del rend="overstrike">han fik</del></p>
    <p><del rend="overstrike">Hva mente hun</del></p> 
    <p>Hva mente hun &#x2013; han <del rend="overwritten"><gap/></del>fik et 
    <lb/>øieblik en <add place="supralinear">følelse</add> at noe vilde ske &#x2013; en 
    <lb/>føle<del rend="overwritten">s</del>lse af skyhed derfor &#x2013;</p>
    <p>Hun smilte så underli blødt med 
    <lb/>den ene siden &#x2013; et kjælent smil</p>
    <p>Han måtte osså smile</p>
    </div></div></div>
  </body>
 </text>
</TEI>
