<?xml version="1.0" encoding="UTF-8"?>
<!DOCTYPE TEI PUBLIC "-//TEI P5 MunchTEI//DTD TEI P5 Unified for Edvard Munch's Texts//EN" "file:/O:/Munchs tekster/Transkripsjoner/MunchTEI.dtd" >
<TEI xmlns="http://www.tei-c.org/ns/1.0" version="5.0" xml:id="No-MM_N0138-01">
<teiHeader>
 <fileDesc>
<titleStmt>
<title>No-MM_N0138-01.jpg</title>
</titleStmt>

<publicationStmt>
<p></p>
</publicationStmt>
<sourceDesc>
<p>2704 x 4064</p>
</sourceDesc>
 </fileDesc>
 <encodingDesc>


 
  <tagsDecl xml:id="imtAnnotationCategories"><rendition xml:id="transcription"><label>Contains the transcribed and TEI P5 encoded text of the objects</label><code rend="rectangle" lang="text/css">color: #ff0000</code></rendition><rendition xml:id="commentary"><label>Kommentarer</label><code rend="rectangle" lang="text/css">color: #00ff00</code></rendition><rendition xml:id="philologicalNotes"><label>Edisjonsfilologiske noter</label><code rend="rectangle" lang="text/css">color: #0000ff</code></rendition><rendition xml:id="textForSearch"><desc>transcriptional</desc><label>Søkbar tekst</label><code rend="rectangle" lang="text/css">color: #000000</code></rendition></tagsDecl><appInfo>
     <application ident="ImageMarkupTool01" version="1.8.1.3" notAfter="2009-04-23T09:35:17">
     <label>
     Image Markup Tool</label><desc>
     Tool for annotating images using TEI</desc><ref type="appURI" target="http://www.tapor.uvic.ca/~mholmes/image_markup/">
     </ref><ptr target="#imtAnnotatedImage"></ptr><ptr target="#imtImageAnnotations"></ptr><ptr target="#imtAnnotationCategories"></ptr></application>
     
     
     </appInfo></encodingDesc>
</teiHeader>
 <facsimile xml:id="imtAnnotatedImage"><surface><graphic url="No-MM_N0138-01.jpg" width="2704px" height="4064px"></graphic><zone xml:id="imtArea_0" rendition="transcription" ulx="99" uly="509" lrx="2425" lry="3456" rend="visible"></zone></surface></facsimile>
 <text>
  <body>
   <div xml:id="imtImageAnnotations"><div corresp="#imtArea_0" type="imtAnnotation"><head>&#x00A0;</head><div>
    <p>Dagen derpå har jeg
    <lb/>stadi holdt i 5000 Kr.
    <lb/>&#x2013; Det holdt på at kjøbes
    <lb/>til <orgName key="i114">Kjøbenhavns Musæum</orgName> &#x2013;
    <lb/><del rend="overstrike">hv</del> og havde slået Prisen
    <lb/>ned til 3,500 &#x2013;
     <lb/>Til <unclear reason="writing">det</unclear> Norske <orgName key="i84">Galleriet</orgName>
    <lb/>blev Prisen sat <del rend="overstrike">ned</del>
    <lb/><del rend="overstrike"><gap/></del> til 3<del rend="overwritten">8</del>000 som
    <lb/>sidste Bud &#x2013;</p>
    <p>&#x2013; Ung Pige på Sengekanten
    <lb/>og Dagen derpå kunde</p>
    </div></div></div>
  </body>
 </text>
</TEI>
