<?xml version="1.0" encoding="UTF-8"?>
<!DOCTYPE TEI PUBLIC "-//TEI P5 MunchTEI//DTD TEI P5 Unified for Edvard Munch's Texts//EN" "file:/O:/Munchs tekster/Transkripsjoner/MunchTEI.dtd" >
<TEI xmlns="http://www.tei-c.org/ns/1.0" version="5.0" xml:id="No-MM_N0027-00-02r">
<teiHeader>
 <fileDesc>
<titleStmt>
<title>No-MM_N0027-00-02r.jpg</title>
</titleStmt>

<publicationStmt>
<p></p>
</publicationStmt>
<sourceDesc>
<p>2704 x 4064</p>
</sourceDesc>
 </fileDesc>
 <encodingDesc>


 
  <tagsDecl xml:id="imtAnnotationCategories"><rendition xml:id="transcription"><label>Contains the transcribed and TEI P5 encoded text of the objects</label><code rend="rectangle" lang="text/css">color: #ff0000</code></rendition><rendition xml:id="commentary"><label>Kommentarer</label><code rend="rectangle" lang="text/css">color: #00ff00</code></rendition><rendition xml:id="philologicalNotes"><label>Edisjonsfilologiske noter</label><code rend="rectangle" lang="text/css">color: #0000ff</code></rendition><rendition xml:id="textForSearch"><desc>transcriptional</desc><label>Søkbar tekst</label><code rend="rectangle" lang="text/css">color: #000000</code></rendition></tagsDecl><appInfo>
     <application ident="ImageMarkupTool01" version="1.8.1.2" notAfter="2009-03-18T16:34:05">
     <label>
     Image Markup Tool</label><desc>
     Tool for annotating images using TEI</desc><ref type="appURI" target="http://www.tapor.uvic.ca/~mholmes/image_markup/">
     </ref><ptr target="#imtAnnotatedImage"></ptr><ptr target="#imtImageAnnotations"></ptr><ptr target="#imtAnnotationCategories"></ptr></application>
     
     
     </appInfo></encodingDesc>
</teiHeader>
 <facsimile xml:id="imtAnnotatedImage"><surface><graphic url="No-MM_N0027-00-02r.jpg" width="2704px" height="4064px"></graphic><zone xml:id="imtArea_0" rendition="transcription" ulx="244" uly="368" lrx="2576" lry="3888" rend="visible"></zone></surface></facsimile>
 <text>
  <body>
   <div xml:id="imtImageAnnotations"><div corresp="#imtArea_0" type="imtAnnotation"><head>&#x00A0;</head><div>
    <p rend="extraAir">Med</p>
    <p><unclear reason="writing">Der er du</unclear></p>
    <p>Jeg gik ind i lighuset og nærmede 
    <lb/>mig kisten der stod lige foran 
    <lb/>en kristusfigur af gulagtig gibs 
    <lb/><del rend="overstrike">og</del> som udbredte sine hænder velsignende</p>
    <p>Der lå den døde hoved afdækket
    <lb/>Jeg blev først betat af denne 
    <lb/><add place="supralinear"><unclear reason="writing">underli</unclear></add> klamme fornemmelse <del rend="overstrike">der</del> man får fra 
    <lb/>et lig.</p>
    <p>Så grebes jeg af dette store 
    <lb/>mægtige alvor der <del rend="overstrike">var</del> lå over
    <lb/>disse stivnede træk</p>
    <p><add place="inBetweenLines">Hvor deilig dette <add place="supralinear">gamle</add> hode var som det 
    <lb/>lå der grågult mod de blåhvide lagen</add></p> 
    <p>Den store pande med de sirligt 
    <lb/>tilbage strøgne hår den lige lidt krummede 
    <lb/>næse der var blit noget spids forud 
    <lb/>og den <del rend="overwritten"><gap/></del>fast <del rend="overstrike">sammen</del> sluttede mund 
    <lb/>der ligesom lukkede for noget mægtigt 
    <lb/><del rend="overstrike">stort lissom</del> <add place="supralinear">lukket</add> <del rend="overstrike">for en stor gåde</del>
    <lb/>gådefuldt</p>
    </div></div></div>
  </body>
 </text>
</TEI>
