<?xml version="1.0" encoding="UTF-8"?>
<!DOCTYPE TEI PUBLIC "-//TEI P5 MunchTEI//DTD TEI P5 Unified for Edvard Munch's Texts//EN" "file:/O:/Munchs tekster/Transkripsjoner/MunchTEI.dtd" >
<TEI xmlns="http://www.tei-c.org/ns/1.0" version="5.0" xml:id="No-MM_N0113-03">
<teiHeader>
 <fileDesc>
<titleStmt>
<title>No-MM_N0113-03.jpg</title>
</titleStmt>

<publicationStmt>
<p></p>
</publicationStmt>
<sourceDesc>
<p>2704 x 4064</p>
</sourceDesc>
 </fileDesc>
 <encodingDesc>


 
  <tagsDecl xml:id="imtAnnotationCategories"><rendition xml:id="transcription"><label>Contains the transcribed and TEI P5 encoded text of the objects</label><code rend="rectangle" lang="text/css">color: #ff0000</code></rendition><rendition xml:id="commentary"><label>Kommentarer</label><code rend="rectangle" lang="text/css">color: #00ff00</code></rendition><rendition xml:id="philologicalNotes"><label>Edisjonsfilologiske noter</label><code rend="rectangle" lang="text/css">color: #0000ff</code></rendition><rendition xml:id="textForSearch"><desc>transcriptional</desc><label>Søkbar tekst</label><code rend="rectangle" lang="text/css">color: #000000</code></rendition></tagsDecl><appInfo>
     <application ident="ImageMarkupTool01" version="1.8.1.3" notAfter="2009-04-14T11:43:47">
     <label>
     Image Markup Tool</label><desc>
     Tool for annotating images using TEI</desc><ref type="appURI" target="http://www.tapor.uvic.ca/~mholmes/image_markup/">
     </ref><ptr target="#imtAnnotatedImage"></ptr><ptr target="#imtImageAnnotations"></ptr><ptr target="#imtAnnotationCategories"></ptr></application>
     
     
     </appInfo></encodingDesc>
</teiHeader>
 <facsimile xml:id="imtAnnotatedImage"><surface><graphic url="No-MM_N0113-03.jpg" width="2704px" height="4064px"></graphic><zone xml:id="imtArea_0" rendition="transcription" ulx="127" uly="477" lrx="2541" lry="3499" rend="visible"></zone></surface></facsimile>
 <text>
  <body>
   <div xml:id="imtImageAnnotations"><div corresp="#imtArea_0" type="imtAnnotation"><head>&#x00A0;</head><div>
    <p><handShift new="EM2"/><unclear reason="damage">Om jeg kjennern <note>kodes?</note>Catein Ihlen hetern
    <lb/>han &#x2013; &#x2013; Gjort som han <gap/> sig og både
    <lb/>på sjøn og på landet &#x2013; Han kom fra
    <lb/><note>kodes?</note>Ihlen &#x2013; f<gap/> <gap/> <gap/>  &#x2013; karet sig op &#x2013;
    <lb/>a<gap/> <gap/> fand<gap/>
     <lb/>Men <gap/> <gap/> <gap/> <gap/> <gap/> på
     <lb/>skulen &#x2013; <gap/> &#x2013; <gap/> <gap/> <gap/> <gap/>
     <lb/>kjennern <gap/> <gap/>fr<gap/> tid har til 
     <lb/>at bruge kjæften &#x2013; og hjælp <gap/> <gap/> 
     <lb/>han finde <gap/> <gap/> <gap/> <gap/> over
     <lb/>nakken med <gap/> <gap/> <gap/> <gap/>
     <lb/>men ved <gap/> <gap/> fik de &#x2013; spurte
     <lb/>ikke på <gap/> <gap/> gråting og <gap/> <gap/> f<gap/>
     <lb/>Kom d<gap/> 
     <lb/><gap/> <gap/> <gap/> <gap/>
     <lb/>I <gap/> <gap/> <gap/> først <gap/> <gap/> 
     <lb/>b<gap/> modern og da han bragt til <gap/>
     <lb/>fram derfor er <gap/> som <gap/> <gap/> 
     <lb/>S<gap/> rasede  han i <gap/>
    <lb/>Fanen til sørøver varn &#x2013; stjal de han kunde</unclear>
    <lb/>tog <del rend="overstrike">ga</del> fra fisken og garne til fiskerne &#x2013; Jævel varn</p>
    </div></div></div>
  </body>
 </text>
</TEI>