<?xml version="1.0" encoding="UTF-8"?>
<!DOCTYPE TEI PUBLIC "-//TEI P5 MunchTEI//DTD TEI P5 Unified for Edvard Munch's Texts//EN" "file:/O:/Munchs tekster/Transkripsjoner/MunchTEI.dtd" >
<TEI xmlns="http://www.tei-c.org/ns/1.0" version="5.0" xml:id="No-MM_N0096-00-01r">
<teiHeader>
 <fileDesc>
<titleStmt>
<title>No-MM_N0096-00-01r.jpg</title>
</titleStmt>

<publicationStmt>
<p></p>
</publicationStmt>
<sourceDesc>
<p>2704 x 4064</p>
</sourceDesc>
 </fileDesc>
 <encodingDesc>


 
  <tagsDecl xml:id="imtAnnotationCategories"><rendition xml:id="transcription"><label>Contains the transcribed and TEI P5 encoded text of the objects</label><code rend="rectangle" lang="text/css">color: #ff0000</code></rendition><rendition xml:id="commentary"><label>Kommentarer</label><code rend="rectangle" lang="text/css">color: #00ff00</code></rendition><rendition xml:id="philologicalNotes"><label>Edisjonsfilologiske noter</label><code rend="rectangle" lang="text/css">color: #0000ff</code></rendition><rendition xml:id="textForSearch"><desc>transcriptional</desc><label>Søkbar tekst</label><code rend="rectangle" lang="text/css">color: #000000</code></rendition></tagsDecl><appInfo>
     <application ident="ImageMarkupTool01" version="1.8.1.4" notAfter="2010-04-26T11:32:31">
     <label>
     Image Markup Tool</label><desc>
     Tool for annotating images using TEI</desc><ref type="appURI" target="http://www.tapor.uvic.ca/~mholmes/image_markup/">
     </ref><ptr target="#imtAnnotatedImage"></ptr><ptr target="#imtImageAnnotations"></ptr><ptr target="#imtAnnotationCategories"></ptr></application>
     
     
     </appInfo></encodingDesc>
</teiHeader>
 <facsimile xml:id="imtAnnotatedImage"><surface><graphic url="No-MM_N0096-00-01r.jpg" width="2704px" height="4064px"></graphic><zone xml:id="imtArea_1" rendition="transcription" ulx="215" uly="171" lrx="2445" lry="3945" rend="visible"></zone></surface></facsimile>
 <text>
  <body>
   <div xml:id="imtImageAnnotations"><div corresp="#imtArea_1" type="imtAnnotation"><head>&#x00A0;</head><div>
    <fw type="page" rend="emptyPartOfPage">1)</fw>
    <p>Der lå han <del rend="overstrike">midt</del> med hode midt i <del rend="overwritten"><gap/></del>puden 
     <lb/>og dybt ind i den. Armene tunge og 
     <lb/>trætte nede i dynen. <del rend="overwritten"><gap/></del>Det var noget 
     <lb/>fremmed over ansigtet &#x2013; <del rend="overstrike"><gap/></del> det var 
     <lb/>mindre og ligesom rødsminket &#x2013;</p>
    <p>Han lå i en døs og så distr<del rend="overwritten"><gap/></del>ait 
     <lb/><del rend="overstrike"><gap/></del> ud i værelset. <del rend="overstrike">Så</del></p>
    <p>Det er <persName key="pe627">Edvard</persName> sa de<seg type="interpunctionalSpace"/>han kommer 
     <lb/>for at hilse på Dig. Han stirre<del rend="overwritten"><gap/></del>de <del rend="overstrike">ud</del>
     <lb/>i førstningen lidt forstyrret så <del rend="overwritten">s</del>kjendte
     <lb/>han mig nei er det ikke <ref type="lemma" target="co16">Munken</ref>
     <lb/>han kaldte mig altid ved efternavnet.
     <lb/>Nei er det ikke det da.</p>
    <p>Goddag goddag. Det var noget av det 
     <lb/>gamle <del rend="overstrike">f<gap/></del> <del rend="overwritten"><gap/></del>tonefaldet.</p>
    <p>Ja nu er det dårlig me mig &#x2013; <del rend="overwritten">s</del>kan 
     <lb/>ikke skjønne det. Kan ikke reise mig og 
     <lb/>så er det smerterne i ryggen. <del rend="overstrike">A<del rend="overwritten">g</del>a ja</del> 
     <lb/>Det er det med blodet sygdom i blodet</p> 
    <p>Ja. Ja</p>
    <p>Det var morsomt du kom da.</p>
    <p>Du var jo i <placeName key="pl22">Kjøbenhavn</placeName> ja rask gut ja
     <lb/>var Du på <unclear reason="writing"><orgName key="i138">rundetårn</orgName></unclear> &#x2013;
     <lb/>præktig udsigt var der i <date when="1948">48</date>, da jeg 
     <lb/>for med <gap reason="writing"/></p>
   </div></div></div>
  </body>
 </text>
</TEI>
