<?xml version="1.0" encoding="UTF-8"?>
<!DOCTYPE TEI PUBLIC "-//TEI P5 MunchTEI//DTD TEI P5 Unified for Edvard Munch's Texts//EN" "file:/O:/Munchs tekster/Transkripsjoner/MunchTEI.dtd" >
<TEI xmlns="http://www.tei-c.org/ns/1.0" version="5.0" xml:id="No-MM_N0025-02">
<teiHeader>
 <fileDesc>
<titleStmt>
<title>No-MM_N0025-02.jpg</title>
</titleStmt>

<publicationStmt>
<p></p>
</publicationStmt>
<sourceDesc>
<p>2704 x 4064</p>
</sourceDesc>
 </fileDesc>
 <encodingDesc>


 
  <tagsDecl xml:id="imtAnnotationCategories"><rendition xml:id="transcription"><label>Contains the transcribed and TEI P5 encoded text of the objects</label><code rend="rectangle" lang="text/css">color: #ff0000</code></rendition><rendition xml:id="commentary"><label>Kommentarer</label><code rend="rectangle" lang="text/css">color: #00ff00</code></rendition><rendition xml:id="philologicalNotes"><label>Edisjonsfilologiske noter</label><code rend="rectangle" lang="text/css">color: #0000ff</code></rendition><rendition xml:id="textForSearch"><desc>transcriptional</desc><label>Søkbar tekst</label><code rend="rectangle" lang="text/css">color: #000000</code></rendition></tagsDecl><appInfo>
     <application ident="ImageMarkupTool01" version="1.8.1.2" notAfter="2009-03-18T14:31:22">
     <label>
     Image Markup Tool</label><desc>
     Tool for annotating images using TEI</desc><ref type="appURI" target="http://www.tapor.uvic.ca/~mholmes/image_markup/">
     </ref><ptr target="#imtAnnotatedImage"></ptr><ptr target="#imtImageAnnotations"></ptr><ptr target="#imtAnnotationCategories"></ptr></application>
     
     
     </appInfo></encodingDesc>
</teiHeader>
 <facsimile xml:id="imtAnnotatedImage"><surface><graphic url="No-MM_N0025-02.jpg" width="2704px" height="4064px"></graphic><zone xml:id="imtArea_0" rendition="transcription" ulx="92" uly="352" lrx="2556" lry="2484" rend="visible"></zone></surface></facsimile>
 <text>
  <body>
   <div xml:id="imtImageAnnotations"><div corresp="#imtArea_0" type="imtAnnotation"><head>&#x00A0;</head><div>
    <p><del rend="overwritten"><gap/></del><persName key="pe451">Strindberg</persName> er væk &#x2013; en ven<del rend="overstrike">d</del>
    <lb/>er væk &#x2013;</p>
    <p>To rækker af Billeder stiger
     <lb/>frem &#x2013;
    <lb/>fra det daglige Samvær i <placeName key="pl17">Berlin</placeName>
     <lb/>Vinteren <date from="1902" to="1903">190<del rend="overwritten">3</del>2&#x2013;3</date></p>
    <p>Ved Endebordet i <orgName key="i118">Schwarzen Ferkel</orgName>
    <lb/>omgivet af Tyskere Dansker Svensker Finner
     <lb/>Normæn og Russere &#x2013; <gap reason="writing"/> besørget
     <lb/>af de unge tyske Digtere &#x2013;</p>
    <p><add place="inBetweenLines">Især <persName key="pe926">Dehmel</persName> &#x2013; der stod op på Bordet
     <lb/>så <del rend="overstrike"><gap/></del> Flasker ramlet <gap reason="writing"/> &#x2013; <del rend="overstrike">og <gap/> <gap/></del></add></p>
    <p>Og Førsteopførelsen af <del rend="overstrike"><gap/></del> af
    <lb/>hans Stykke &#x2013;</p>
    <p>&#x2013; Replikkene faldt som Kl<gap reason="writing"/>
     <lb/>&#x2013; Ord af Jern &#x2013; snart som
    <lb/>sværd, snart som Dolke
    <lb/>&#x2013; mest sydet det som <del rend="overwritten"><gap/></del><gap/>
     <lb/>jern &#x2013; <del rend="overstrike">hvid</del> rødglødene hvidglødende
     <lb/><unclear reason="writing">digteren der</unclear> svedende &#x2013; brændene</p>
   </div></div></div>
  </body>
 </text>
</TEI>