<?xml version="1.0" encoding="UTF-8"?>
<!DOCTYPE TEI PUBLIC "-//TEI P5 MunchTEI//DTD TEI P5 Unified for Edvard Munch's Texts//EN" "file:/O:/Munchs tekster/Transkripsjoner/MunchTEI.dtd" >
<TEI xmlns="http://www.tei-c.org/ns/1.0" version="5.0" xml:id="No-MM_N0055-00-01v">
<teiHeader>
 <fileDesc>
<titleStmt>
<title>No-MM_N0055-00-01v.jpg</title>
</titleStmt>

<publicationStmt>
<p></p>
</publicationStmt>
<sourceDesc>
<p>2704 x 4064</p>
</sourceDesc>
 </fileDesc>
 <encodingDesc>


 
  <tagsDecl xml:id="imtAnnotationCategories"><rendition xml:id="transcription"><label>Contains the transcribed and TEI P5 encoded text of the objects</label><code rend="rectangle" lang="text/css">color: #ff0000</code></rendition><rendition xml:id="commentary"><label>Kommentarer</label><code rend="rectangle" lang="text/css">color: #00ff00</code></rendition><rendition xml:id="philologicalNotes"><label>Edisjonsfilologiske noter</label><code rend="rectangle" lang="text/css">color: #0000ff</code></rendition><rendition xml:id="textForSearch"><desc>transcriptional</desc><label>Søkbar tekst</label><code rend="rectangle" lang="text/css">color: #000000</code></rendition></tagsDecl><appInfo>
     <application ident="ImageMarkupTool01" version="1.8.1.3" notAfter="2009-03-24T09:51:03">
     <label>
     Image Markup Tool</label><desc>
     Tool for annotating images using TEI</desc><ref type="appURI" target="http://www.tapor.uvic.ca/~mholmes/image_markup/">
     </ref><ptr target="#imtAnnotatedImage"></ptr><ptr target="#imtImageAnnotations"></ptr><ptr target="#imtAnnotationCategories"></ptr></application>
     
     
     </appInfo></encodingDesc>
</teiHeader>
 <facsimile xml:id="imtAnnotatedImage"><surface><graphic url="No-MM_N0055-00-01v.jpg" width="2704px" height="4064px"></graphic><zone xml:id="imtArea_0" rendition="transcription" ulx="103" uly="477" lrx="2378" lry="3678" rend="visible"></zone><zone xml:id="imtArea_1" rendition="transcription" ulx="2322" uly="501" lrx="2696" lry="3606" rend="visible"></zone></surface></facsimile>
 <text>
  <body>
   <div xml:id="imtImageAnnotations"><div corresp="#imtArea_0" type="imtAnnotation"><head>&#x00A0;</head><div>
    <p rend="noIndent">at den såkaldte Reinhardsfris var resultat 
    <lb/>af mange forsøg &#x2013; (Lindefris) og passet 
    <lb/>udmærket til det rum jeg malte den til &#x2013; 
    <lb/><del rend="overwritten"><gap/></del>men den blev splittet da <persName key="pe839">Reinhardt</persName> tjente 
    <lb/>enormt derpå &#x2013;</p>
    <p rend="extraAir">Fremforalt burde De ikke have <unclear reason="writing">reproducert</unclear> 
    <lb/>de tilfeldige ut<del rend="overwritten"><gap/></del>kast hos <persName key="pe143">Glaser</persName> &#x2013; 
    <lb/>hvoraf det ene er et efterglemt lærred 
    <lb/>der har været påspændt baksiden af 
    <lb/>et Billede &#x2013; Der er i Reinhardtfrisen <del rend="overstrike">fle</del> 
    <lb/><del rend="overstrike">Billede</del> megen fasthed og fast gruppering 
    <lb/>og indeling af rummet</p>
    <p rend="extraAir">Jeg har ikke tænkt at fremstille alle <unclear reason="writing">fakulteter</unclear>
    <lb/>Historien er ikke bare Historie 
    <lb/>det er lærdommen og visdommen i det 
    <lb/>hele &#x2013; <del rend="overstrike">Fremfor</del> Det er nærmest visdommen <del rend="overwritten">en</del>der går 
    <lb/>inover &#x2013; Sidefeltene &#x2013; <del rend="overwritten">d</del>naturens indre værksted 
    <lb/>Alma Mater er <del rend="overstrike">ikke</del> fremdeles Alma Mater men 
    <lb/>kan osså bety Moder Jord &#x2013; Det er symbol over mer
    <lb/>ydre grener af videnskaben &#x2013; De <del rend="overwritten"><gap/></del>som spirende &#x2013; <del rend="overwritten">D</del>Hun giver
    <lb/><del rend="overstrike">Næring</del> &#x2013; Botanik &#x2013; Geografi &#x2013; Hun gir videnskabens melk &#x2013;</p>
    <p>Det undrer mig De ikke har nævnt 
    <lb/>at jeg selv anser det ikke for færdi men fremdeles 
    <lb/>søger en løsning og har dertil mange udkast 
    <lb/>&#x2013; Det havde osså været på sin plads <del rend="overstrike">at</del> fremhæve 
    <lb/>hvilke vanskeligheder jeg havde ved udførelsen af dette store 
    <lb/>værk &#x2013; Jeg arbeidet jo <unclear reason="blurredInk">ved</unclear> egen risiko over 5 år med 
    <lb/>store utgifter &#x2013; og da det <gap reason="blurredInk"/> ikke var bestilling 
    <lb/>måtte jeg tilslut erklære billederne færdi forat få 
    <lb/>Afgjørelse</p>
    </div></div><div corresp="#imtArea_1" type="imtAnnotation"><head>&#x00A0;</head><div>
    <p>Undskyld &#x2013; men jeg syns det er lidt pudsig at når jeg har brugt Fiskeren 
    <lb/>og Moderen &#x2013; <del rend="overwritten"><gap/></del>bærplukkere &#x2013; vanddrikkere &#x2013; badende som jævne symboler
    <lb/>&#x2013; at <del rend="overstrike">det</del> De <unclear reason="writing">synes</unclear> Mysteriet &#x2013; kjærligheden &#x2013; Krystalisation &#x2013; legemernes <del rend="overstrike"><gap/></del> Gjennem<del rend="overwritten"><gap/></del>sigtighe ikke skulde 
     <lb/>være med</p>
    </div></div></div>
  </body>
 </text>
</TEI>
