<?xml version="1.0" encoding="UTF-8"?>
<!DOCTYPE TEI PUBLIC "-//TEI P5 MunchTEI//DTD TEI P5 Unified for Edvard Munch's Texts//EN" "file:/O:/Munchs tekster/Transkripsjoner/MunchTEI.dtd" >
<TEI xmlns="http://www.tei-c.org/ns/1.0" version="5.0" xml:id="No-MM_N0099-03">
<teiHeader>
 <fileDesc>
<titleStmt>
<title>No-MM_N0099-03.jpg</title>
</titleStmt>

<publicationStmt>
<p></p>
</publicationStmt>
<sourceDesc>
<p>2704 x 4064</p>
</sourceDesc>
 </fileDesc>
 <encodingDesc>


 
  <tagsDecl xml:id="imtAnnotationCategories"><rendition xml:id="transcription"><label>Contains the transcribed and TEI P5 encoded text of the objects</label><code rend="rectangle" lang="text/css">color: #ff0000</code></rendition><rendition xml:id="commentary"><label>Kommentarer</label><code rend="rectangle" lang="text/css">color: #00ff00</code></rendition><rendition xml:id="philologicalNotes"><label>Edisjonsfilologiske noter</label><code rend="rectangle" lang="text/css">color: #0000ff</code></rendition><rendition xml:id="textForSearch"><desc>transcriptional</desc><label>Søkbar tekst</label><code rend="rectangle" lang="text/css">color: #000000</code></rendition></tagsDecl><appInfo>
     <application ident="ImageMarkupTool01" version="1.8.1.3" notAfter="2009-03-30T14:36:02">
     <label>
     Image Markup Tool</label><desc>
     Tool for annotating images using TEI</desc><ref type="appURI" target="http://www.tapor.uvic.ca/~mholmes/image_markup/">
     </ref><ptr target="#imtAnnotatedImage"></ptr><ptr target="#imtImageAnnotations"></ptr><ptr target="#imtAnnotationCategories"></ptr></application>
     
     
     </appInfo></encodingDesc>
</teiHeader>
 <facsimile xml:id="imtAnnotatedImage"><surface><graphic url="No-MM_N0099-03.jpg" width="2704px" height="4064px"></graphic><zone xml:id="imtArea_0" rendition="transcription" ulx="179" uly="290" lrx="2537" lry="3861" rend="visible"></zone></surface></facsimile>
 <text>
  <body>
   <div xml:id="imtImageAnnotations"><div corresp="#imtArea_0" type="imtAnnotation"><head>&#x00A0;</head><div>
    <p><del rend="overstrike">Jeg</del></p>
    <p>Vi traf hinanden den næste dag
    <lb/><del rend="diagonalOverstrike"><del rend="overstrike">Vi talte om</del></del></p>
    <p><del rend="diagonalOverstrike">Hun kom mod mig som ellers
    <lb/>med sit vante smil til den ene siden
     <lb/>&#x2013; <del rend="overstrike">Jeg visste ikke &#x2013; <del rend="overwritten"><gap/></del>hvad vi skulde
    <lb/>tale om</del> <del rend="overstrike">og så talte</del> blev det
    <lb/>en <gap/> Vi talte om ligegyldige ting
    <lb/>&#x2013; som vi sa bare for at si noget
    <lb/><del rend="overstrike">Hun vilde gå lenger</del> hjem &#x2013;
    <lb/><del rend="overstrike">det vilde ikke jeg</del> så s
    <lb/><del rend="overstrike">Hun vilde</del> 
    <lb/><del rend="overstrike"><del rend="overwritten"><gap/></del>Vi g</del></del></p> 
     <p><del rend="diagonalOverstrike">Hun vilde gå skovveien &#x2013; jeg 
    <lb/><del rend="overstrike">vilde</del> den gik forbi mit hjem &#x2013; og 
    <lb/>de hjemme vilde se os &#x2013; Jeg vil 
    <lb/>det sa hun og når jeg vil så</del></p>
    <p>Og de kikket ind i skoven &#x2013;
    <lb/>Se hvor rart <del rend="overstrike">og</del> <del rend="overwritten"><gap/></del>det er inde i mørket
    <lb/>sa <ref type="lemma" target="co5">fru Heiberg</ref> &#x2013; og så stilt da 
    <lb/>sa <ref type="lemma" target="co6">Brandt</ref> &#x2013; <unclear><del rend="overstrike">lummert</del></unclear> &#x2013; det var
    <lb/><del rend="overwritten"><gap/></del>hyggelig at bo <del rend="overstrike">indi</del> i et telt
    <lb/>inde i en sådan skov om sommeren &#x2013;</p>
    <p>Ikke alene sa <ref type="lemma" target="co5">fru Heiberg</ref></p>
    <p>Nei <del rend="overstrike">den</del> med en som man var
    <lb/>gla i &#x2013; de gik et stykke ind</p>    
   </div></div></div>
  </body>
 </text>
</TEI>
