<?xml version="1.0" encoding="UTF-8"?>
<!DOCTYPE TEI PUBLIC "-//TEI P5 MunchTEI//DTD TEI P5 Unified for Edvard Munch's Texts//EN" "file:/O:/Munchs tekster/Transkripsjoner/MunchTEI.dtd" >
<TEI xmlns="http://www.tei-c.org/ns/1.0" version="5.0" xml:id="No-MM_N0023-01">
<teiHeader>
 <fileDesc>
<titleStmt>
<title>No-MM_N0023-01.jpg</title>
</titleStmt>

<publicationStmt>
<p></p>
</publicationStmt>
<sourceDesc>
<p>2704 x 4064</p>
</sourceDesc>
 </fileDesc>
 <encodingDesc>


 
  <tagsDecl xml:id="imtAnnotationCategories"><rendition xml:id="transcription"><label>Contains the transcribed and TEI P5 encoded text of the objects</label><code rend="rectangle" lang="text/css">color: #ff0000</code></rendition><rendition xml:id="commentary"><label>Kommentarer</label><code rend="rectangle" lang="text/css">color: #00ff00</code></rendition><rendition xml:id="philologicalNotes"><label>Edisjonsfilologiske noter</label><code rend="rectangle" lang="text/css">color: #0000ff</code></rendition><rendition xml:id="textForSearch"><desc>transcriptional</desc><label>Søkbar tekst</label><code rend="rectangle" lang="text/css">color: #000000</code></rendition></tagsDecl><appInfo>
     <application ident="ImageMarkupTool01" version="1.8.1.2" notAfter="2009-03-18T12:53:58">
     <label>
     Image Markup Tool</label><desc>
     Tool for annotating images using TEI</desc><ref type="appURI" target="http://www.tapor.uvic.ca/~mholmes/image_markup/">
     </ref><ptr target="#imtAnnotatedImage"></ptr><ptr target="#imtImageAnnotations"></ptr><ptr target="#imtAnnotationCategories"></ptr></application>
     
     
     </appInfo></encodingDesc>
</teiHeader>
 <facsimile xml:id="imtAnnotatedImage"><surface><graphic url="No-MM_N0023-01.jpg" width="2704px" height="4064px"></graphic><zone xml:id="imtArea_0" rendition="transcription" ulx="220" uly="540" lrx="2340" lry="3680" rend="visible"></zone></surface></facsimile>
 <text>
  <body>
   <div xml:id="imtImageAnnotations"><div corresp="#imtArea_0" type="imtAnnotation"><head>&#x00A0;</head><div>
    <p>Rundt om i <placeName key="pl100">Europa</placeName> er der sibirisk 
     <lb/>kulde &#x2013; Der meldes om <del rend="overwritten"><gap/></del>snestorme 
     <lb/>i <placeName key="pl111">Algier</placeName> og <placeName key="pl90">Italien</placeName> &#x2013; og fra <placeName key="pl112">Toulon</placeName>
    <lb/>og <placeName key="pl113">Marzeille</placeName> om børn der er frosset 
    <lb/>ihjæl på gaderne</p>
    <p>I medens sidder jeg her i 
    <lb/><placeName key="pl70">Nizza</placeName> for åbne vinduer og soler 
     <lb/>mig &#x2013; Januar har været en række
     <lb/>solskinsdage varme som i Juni &#x2013;
     <lb/>&#x2013; La belle <placeName key="pl70">Nice</placeName><seg type="interpunctionalSpace"/><del rend="overstrike">hav</del> <del rend="overstrike">M</del> <placeName key="pl114"><del rend="overwritten">m</del>Middel-
    <lb/>havets</placeName> <del rend="overwritten">s</del>dronning har aldri været 
    <lb/>mer strålende skjøn</p>
    <p><placeName key="pl115">Boulevard des Anglais</placeName> ligger 
    <lb/>blendende i middagssolen. <unclear reason="blurredInk">Der</unclear> 
     <lb/>vrimler af folk &#x2013; det lyser <unclear reason="blurredInk">af</unclear> 
    <lb/><del rend="overwritten"><gap/></del>af brogede parasoller og vårtoiletter.</p>
    <p>Her går blege misser &#x2013; stilie 
    <lb/>pariserinder med sine bittesmå 
     <lb/>skjødehunder &#x2013; Pariserlapser med buxer</p> 
    </div></div></div>
  </body>
 </text>
</TEI>
