<?xml version="1.0" encoding="UTF-8"?>
<!DOCTYPE TEI PUBLIC "-//TEI P5 MunchTEI//DTD TEI P5 Unified for Edvard Munch's Texts//EN" "file:/O:/Munchs tekster/Transkripsjoner/MunchTEI.dtd" >
<TEI xmlns="http://www.tei-c.org/ns/1.0" version="5.0" xml:id="No-MM_N0052-00-01r">
<teiHeader>
 <fileDesc>
<titleStmt>
<title>No-MM_N0052-00-01r.jpg</title>
</titleStmt>

<publicationStmt>
<p></p>
</publicationStmt>
<sourceDesc>
<p>2704 x 4064</p>
</sourceDesc>
 </fileDesc>
 <encodingDesc>


 
  <tagsDecl xml:id="imtAnnotationCategories"><rendition xml:id="transcription"><label>Contains the transcribed and TEI P5 encoded text of the objects</label><code rend="rectangle" lang="text/css">color: #ff0000</code></rendition><rendition xml:id="commentary"><label>Kommentarer</label><code rend="rectangle" lang="text/css">color: #00ff00</code></rendition><rendition xml:id="philologicalNotes"><label>Edisjonsfilologiske noter</label><code rend="rectangle" lang="text/css">color: #0000ff</code></rendition><rendition xml:id="textForSearch"><desc>transcriptional</desc><label>Søkbar tekst</label><code rend="rectangle" lang="text/css">color: #000000</code></rendition></tagsDecl><appInfo>
     <application ident="ImageMarkupTool01" version="1.8.1.3" notAfter="2009-03-23T17:08:32">
     <label>
     Image Markup Tool</label><desc>
     Tool for annotating images using TEI</desc><ref type="appURI" target="http://www.tapor.uvic.ca/~mholmes/image_markup/">
     </ref><ptr target="#imtAnnotatedImage"></ptr><ptr target="#imtImageAnnotations"></ptr><ptr target="#imtAnnotationCategories"></ptr></application>
     
     
     </appInfo></encodingDesc>
</teiHeader>
 <facsimile xml:id="imtAnnotatedImage"><surface><graphic url="No-MM_N0052-00-01r.jpg" width="2704px" height="4064px"></graphic><zone xml:id="imtArea_0" rendition="transcription" ulx="517" uly="433" lrx="2871" lry="3662" rend="visible"></zone><zone xml:id="imtArea_1" rendition="transcription" ulx="100" uly="644" lrx="354" lry="3419" rend="visible"></zone><zone xml:id="imtArea_2" rendition="transcription" ulx="2362" uly="561" lrx="2616" lry="3440" rend="visible"></zone></surface></facsimile>
 <text>
  <body>
   <div xml:id="imtImageAnnotations"><div corresp="#imtArea_0" type="imtAnnotation"><head>&#x00A0;</head><div>
    <p rend="extraAir"><add place="margin-top"><gap reason="writing"/> Ober Ober Fresco Maler Spitsen Reit<del rend="overwritten"><gap/></del>er</add></p>
    <p><placeName key="pl20">Oslo</placeName> som Kunstby
    <lb/>Fresco contra Oliemaleri 
    <lb/><add place="inBetweenLines">Ober spitzen Fresco Reiter</add></p>
    <p>Det har i mange år været drevet 
     <lb/>stærk propaganda for fresco maleriet &#x2013; Det er 
    <lb/>fortjenstfuldt at den skjønne <del rend="overstrike">ku</del> maleri teknik 
    <lb/>optas men at ville fortrenge den for oliemaleri 
     <lb/>er helt <del rend="overstrike">uriktig</del> <add place="supralinear">uriktig</add> &#x2013; <del rend="overstrike">oliem</del> Maling på lærred 
    <lb/>blir omtrent sat ud af betra<del rend="overwritten">k</del>gtning som mine 
     <lb/><ref type="lemma" target="co2">Aula billeder</ref> &#x2013; <add place="supralinear">Mine <del rend="overstrike">a</del> Freiadekorationer er helt boycottet</add> Værre er det når det kolporteres 
    <lb/>helt urigtige påstande om mine <ref type="lemma" target="co2">Aula billeder</ref> 
     <lb/>og <del rend="overwritten"><gap/></del>dets uholdbarhed. Det skader mig <del rend="overstrike">og <gap/></del></p>
    <p>Jeg skal anføre noen korte uddrag af 
    <lb/>den lange artikkel:</p>
    <p>&#x00AB;<persName key="pe627">Edvard Munch</persName> fik <ref type="lemma" target="co2">Aulabillederne</ref> på sin 
     <lb/>plads efter hårde kampe i <date when="1916">1916</date> &#x2013; For en tid 
     <lb/>siden måtte <del rend="overwritten">D</del>de tas ned forat restaureres.&#x00BB; 
     <lb/>De skulde altså være fordærvet &#x2013; <add place="margin-right">Det skal bety oliemalingens 
    <lb/>utrygelighed i almindelig og 
    <lb/>mine oliemalinger i særdeleshed</add></p>
    <p>Dette er <del rend="overwritten"><gap/></del>helt <del rend="overstrike">uriktig</del> <add place="supralinear">usandt</add> &#x2013; Billederne blev 
    <lb/>tat ned forat renses for sot fra centralovnen, ferniseres 
     <lb/>og sættes på blindrammer &#x2013; Se billederne nu 
    <lb/>i godt lys. <del rend="overstrike"><gap/></del> F.ex om morgenen når lyset 
     <lb/>falder på historien &#x2013; Billederne har aldrig virket 
     <lb/>så friske &#x2013; malt som igår. Billederne er malt 
    <lb/><del rend="overwritten">m</del>på <del rend="overstrike">det</del> verdens stærkeste lærred kjæmpelærreder fra <orgName key="i316">Block-Bryssel</orgName>
     <lb/>der nu ikke kan fåes &#x2013; De er malt med de ypperlige <orgName key="i289">Windsor &amp; Newton</orgName> farver &#x2013; og er isolerte</p>
    
   </div></div><div corresp="#imtArea_1" type="imtAnnotation"><head>&#x00A0;</head><div>
    <p>Da jeg var syg kom mennesker (vennene) og spiste af mine 
     <lb/>laurbær</p>
    
   </div></div><div corresp="#imtArea_2" type="imtAnnotation"><head>&#x00A0;</head><div>
    <p>Hva sier <persName key="pe364">Nietzsche</persName> &#x2013; Da jeg var syg kom mine uvenner og spiste af mine laurbær</p>
   </div></div></div>
  </body>
 </text>
</TEI>
