<?xml version="1.0" encoding="UTF-8"?>
<!DOCTYPE TEI PUBLIC "-//TEI P5 MunchTEI//DTD TEI P5 Unified for Edvard Munch's Texts//EN" "file:/O:/Munchs tekster/Transkripsjoner/MunchTEI.dtd" >
<TEI xmlns="http://www.tei-c.org/ns/1.0" version="5.0" xml:id="No-MM_N0104-01">
<teiHeader>
 <fileDesc>
<titleStmt>
<title>No-MM_N0104-01.jpg</title>
</titleStmt>

<publicationStmt>
<p></p>
</publicationStmt>
<sourceDesc>
<p>2704 x 4064</p>
</sourceDesc>
 </fileDesc>
 <encodingDesc>


 
  <tagsDecl xml:id="imtAnnotationCategories"><rendition xml:id="transcription"><label>Contains the transcribed and TEI P5 encoded text of the objects</label><code rend="rectangle" lang="text/css">color: #ff0000</code></rendition><rendition xml:id="commentary"><label>Kommentarer</label><code rend="rectangle" lang="text/css">color: #00ff00</code></rendition><rendition xml:id="philologicalNotes"><label>Edisjonsfilologiske noter</label><code rend="rectangle" lang="text/css">color: #0000ff</code></rendition><rendition xml:id="textForSearch"><desc>transcriptional</desc><label>Søkbar tekst</label><code rend="rectangle" lang="text/css">color: #000000</code></rendition></tagsDecl><appInfo>
     <application ident="ImageMarkupTool01" version="1.8.1.3" notAfter="2009-04-03T11:46:37">
     <label>
     Image Markup Tool</label><desc>
     Tool for annotating images using TEI</desc><ref type="appURI" target="http://www.tapor.uvic.ca/~mholmes/image_markup/">
     </ref><ptr target="#imtAnnotatedImage"></ptr><ptr target="#imtImageAnnotations"></ptr><ptr target="#imtAnnotationCategories"></ptr></application>
     
     
     </appInfo></encodingDesc>
</teiHeader>
 <facsimile xml:id="imtAnnotatedImage"><surface><graphic url="No-MM_N0104-01.jpg" width="2704px" height="4064px"></graphic><zone xml:id="imtArea_0" rendition="transcription" ulx="187" uly="314" lrx="2354" lry="3658" rend="visible"></zone></surface></facsimile>
 <text>
  <body>
   <div xml:id="imtImageAnnotations"><div corresp="#imtArea_0" type="imtAnnotation"><head>&#x00A0;</head><div>
    <p>Han generte sig for de andre
    <lb/>Nei ikke den og han la den fra
    <lb/>sig &#x2013;</p> 
    <p><del rend="overstrike">Han slænger fra</del> <del rend="overstrike">sig &#x2013; det</del> som
    <lb/><del rend="overstrike"><ref type="lemma" target="co5">fru Heiber</ref></del></p>
    <p><del rend="overstrike">No</del> Tænk han slænger fra
    <lb/>sig det som <del rend="overstrike"><ref type="lemma" target="co5">fru Heiberg</ref></del> netop
    <lb/>har lagt om <ref type="lemma" target="co5">fru Heibergs</ref>
     <lb/>hals &#x2013; sa <ref type="lemma" target="co246">fru Bechman</ref></p>
    <p><ref type="lemma" target="co6">Brandt</ref> tog den og la
    <lb/>den ind til si<del rend="overwritten">n</del>t kind <del rend="overstrike">og la</del></p>
    <p>Nu har han gjort det godt
    <lb/>igjen <ref type="lemma" target="co5">fru Heiberg</ref> &#x2013; han kys<del rend="overwritten">er</del>ser
    <lb/>den &#x2013;</p>
    <p>Man lo &#x2013;
    <lb/>Man tog farvel ude i måneskinnet
    <lb/>De var alene tilbage &#x2013;</p>
    <p>Adjø da sa han
    <lb/>Jeg følger dem et stykke</p>
    </div></div></div>
  </body>
 </text>
</TEI>