<?xml version="1.0" encoding="UTF-8"?>
<!DOCTYPE TEI PUBLIC "-//TEI P5 MunchTEI//DTD TEI P5 Unified for Edvard Munch's Texts//EN" "file:/O:/Munchs tekster/Transkripsjoner/MunchTEI.dtd" >
<TEI xmlns="http://www.tei-c.org/ns/1.0" version="5.0" xml:id="No-MM_N0085-01">
<teiHeader>
 <fileDesc>
<titleStmt>
<title>No-MM_N0085-01.jpg</title>
</titleStmt>

<publicationStmt>
<p></p>
</publicationStmt>
<sourceDesc>
<p>2704 x 4064</p>
</sourceDesc>
 </fileDesc>
 <encodingDesc>


 
  <tagsDecl xml:id="imtAnnotationCategories"><rendition xml:id="transcription"><label>Contains the transcribed and TEI P5 encoded text of the objects</label><code rend="rectangle" lang="text/css">color: #ff0000</code></rendition><rendition xml:id="commentary"><label>Kommentarer</label><code rend="rectangle" lang="text/css">color: #00ff00</code></rendition><rendition xml:id="philologicalNotes"><label>Edisjonsfilologiske noter</label><code rend="rectangle" lang="text/css">color: #0000ff</code></rendition><rendition xml:id="textForSearch"><desc>transcriptional</desc><label>Søkbar tekst</label><code rend="rectangle" lang="text/css">color: #000000</code></rendition></tagsDecl><appInfo>
     <application ident="ImageMarkupTool01" version="1.8.1.3" notAfter="2009-03-27T13:19:09">
     <label>
     Image Markup Tool</label><desc>
     Tool for annotating images using TEI</desc><ref type="appURI" target="http://www.tapor.uvic.ca/~mholmes/image_markup/">
     </ref><ptr target="#imtAnnotatedImage"></ptr><ptr target="#imtImageAnnotations"></ptr><ptr target="#imtAnnotationCategories"></ptr></application>
     
     
     </appInfo></encodingDesc>
</teiHeader>
 <facsimile xml:id="imtAnnotatedImage"><surface><graphic url="No-MM_N0085-01.jpg" width="2704px" height="4064px"></graphic><zone xml:id="imtArea_0" rendition="transcription" ulx="147" uly="243" lrx="2374" lry="3810" rend="visible"></zone></surface></facsimile>
 <text>
  <body>
   <div xml:id="imtImageAnnotations"><div corresp="#imtArea_0" type="imtAnnotation"><head>&#x00A0;</head><div>
    <p><add place="margin-top">og den Norske og Danske 
    <lb/>Presse <del rend="overstrike"><gap/></del></add></p>
    <p>I anledning de sidste 
    <lb/><del rend="overstrike">Der h</del> Dages Hændelser &#x2013;
    <lb/><add place="inline"><del rend="overstrike">spesielt <unclear >Pressens Forbud</unclear></del></add></p>
    <p>Jeg for min Del har mere 
    <lb/>at beklage mig over den 
    <lb/>Norske Presse &#x2013; Specielt <del rend="overwritten"><gap/></del><persName key="pe271">Ch. Krog</persName> 
    <lb/>i <orgName key="i121">Verdens Gang</orgName> og <persName key="pe169">Hamsun</persName> 
    <lb/>i <orgName key="i131">Forposten</orgName> &#x2013; Ligeledes vil 
    <lb/>det endnu være i Erindring 
    <lb/>at for 2 Maander siden 
    <lb/>da jeg blev overfaldt af
    <lb/>6&#x2013;7 Kristianiapøbel om 
    <lb/>Natten mens jeg var i færd 
    <lb/>med at male <del rend="overstrike">blev</del> tar 
    <lb/>Pressen strax parti for 
    <lb/>Rampen mod mig</p>
    </div></div></div>
  </body>
 </text>
</TEI>
