<?xml version="1.0" encoding="UTF-8"?>
<!DOCTYPE TEI PUBLIC "-//TEI P5 MunchTEI//DTD TEI P5 Unified for Edvard Munch's Texts//EN" "file:/O:/Munchs tekster/Transkripsjoner/MunchTEI.dtd" >
<TEI xmlns="http://www.tei-c.org/ns/1.0" version="5.0" xml:id="No-MM_N0018-01">
<teiHeader>
 <fileDesc>
<titleStmt>
<title>No-MM_N0018-01.jpg</title>
</titleStmt>

<publicationStmt>
<p></p>
</publicationStmt>
<sourceDesc>
<p>2704 x 4064</p>
</sourceDesc>
 </fileDesc>
 <encodingDesc>


 
  <tagsDecl xml:id="imtAnnotationCategories"><rendition xml:id="transcription"><label>Contains the transcribed and TEI P5 encoded text of the objects</label><code rend="rectangle" lang="text/css">color: #ff0000</code></rendition><rendition xml:id="commentary"><label>Kommentarer</label><code rend="rectangle" lang="text/css">color: #00ff00</code></rendition><rendition xml:id="philologicalNotes"><label>Edisjonsfilologiske noter</label><code rend="rectangle" lang="text/css">color: #0000ff</code></rendition><rendition xml:id="textForSearch"><desc>transcriptional</desc><label>Søkbar tekst</label><code rend="rectangle" lang="text/css">color: #000000</code></rendition></tagsDecl><appInfo>
     <application ident="ImageMarkupTool01" version="1.8.1.2" notAfter="2009-03-17T10:54:34">
     <label>
     Image Markup Tool</label><desc>
     Tool for annotating images using TEI</desc><ref type="appURI" target="http://www.tapor.uvic.ca/~mholmes/image_markup/">
     </ref><ptr target="#imtAnnotatedImage"></ptr><ptr target="#imtImageAnnotations"></ptr><ptr target="#imtAnnotationCategories"></ptr></application>
     
     
     </appInfo></encodingDesc>
</teiHeader>
 <facsimile xml:id="imtAnnotatedImage"><surface><graphic url="No-MM_N0018-01.jpg" width="2704px" height="4064px"></graphic><zone xml:id="imtArea_0" rendition="transcription" ulx="224" uly="308" lrx="2496" lry="3872" rend="visible"></zone></surface></facsimile>
 <text>
  <body>
   <div xml:id="imtImageAnnotations"><div corresp="#imtArea_0" type="imtAnnotation"><head>&#x00A0;</head><div>
    <p rend="noIndent"><del rend="overwritten"><gap/></del>Jeg sidder <del rend="overstrike">alle</del> alene <del rend="overstrike">m</del> 
    <lb/>til jeg ikke holder længer 
    <lb/>ud. Så går jeg ud for at 
    <lb/>træffe venner.</p>
    <p rend="extraAir">Når er sammen med 
    <lb/>skjærer der latter mig og
    <lb/>flygter for dem</p>
    <p><del rend="overstrike">Der er</del></p>
    <p rend="extraAir">Dagen som gryr er grå og 
    <lb/>mørk når man ser den 
    <lb/>gj<del rend="overwritten"><gap/></del>ennem tårer.</p>
    <p>Hvad jeg vilde forstod han 
    <lb/>ikke. <add place="inBetweenLines">Hvad han satte høiest 
    <lb/>forstod ikke jeg.</add>
    <lb/>Gud skilte os ad</p>
    <figure rend="shortHorizRule"/>
    <p><del rend="overwritten">E</del>Vidste du <del rend="overstrike">v</del>hvad jeg 
    <lb/>led forstod du hvorfor jeg <del rend="overstrike">h</del> 
    <lb/>var hård. Jeg var ikke mig 
    <lb/>selv alene. Hun var i mig <del rend="overstrike">og</del> 
    <lb/>hun var i mit blod</p>
    </div></div></div>
  </body>
 </text>
</TEI>
