<?xml version="1.0" encoding="UTF-8"?>
<!DOCTYPE TEI PUBLIC "-//TEI P5 MunchTEI//DTD TEI P5 Unified for Edvard Munch's Texts//EN" "file:/O:/Munchs tekster/Transkripsjoner/MunchTEI.dtd" >
<TEI xmlns="http://www.tei-c.org/ns/1.0" version="5.0" xml:id="No-MM_N0012-01">
<teiHeader>
 <fileDesc>
<titleStmt>
<title>No-MM_N0012-01.jpg</title>
</titleStmt>

<publicationStmt>
<p></p>
</publicationStmt>
<sourceDesc>
<p>2704 x 4064</p>
</sourceDesc>
 </fileDesc>
 <encodingDesc>


 
  <tagsDecl xml:id="imtAnnotationCategories"><rendition xml:id="transcription"><label>Contains the transcribed and TEI P5 encoded text of the objects</label><code rend="rectangle" lang="text/css">color: #ff0000</code></rendition><rendition xml:id="commentary"><label>Kommentarer</label><code rend="rectangle" lang="text/css">color: #00ff00</code></rendition><rendition xml:id="philologicalNotes"><label>Edisjonsfilologiske noter</label><code rend="rectangle" lang="text/css">color: #0000ff</code></rendition><rendition xml:id="textForSearch"><desc>transcriptional</desc><label>Søkbar tekst</label><code rend="rectangle" lang="text/css">color: #000000</code></rendition></tagsDecl><appInfo>
     <application ident="ImageMarkupTool01" version="1.8.1.2" notAfter="2009-03-13T16:22:49">
     <label>
     Image Markup Tool</label><desc>
     Tool for annotating images using TEI</desc><ref type="appURI" target="http://www.tapor.uvic.ca/~mholmes/image_markup/">
     </ref><ptr target="#imtAnnotatedImage"></ptr><ptr target="#imtImageAnnotations"></ptr><ptr target="#imtAnnotationCategories"></ptr></application>
     
     
     </appInfo></encodingDesc>
</teiHeader>
 <facsimile xml:id="imtAnnotatedImage"><surface><graphic url="No-MM_N0012-01.jpg" width="2704px" height="4064px"></graphic><zone xml:id="imtArea_0" rendition="transcription" ulx="188" uly="304" lrx="2384" lry="3768" rend="visible"></zone></surface></facsimile>
 <text>
  <body>
   <div xml:id="imtImageAnnotations"><div corresp="#imtArea_0" type="imtAnnotation"><head>&#x00A0;</head><div>
    <p>Den <persName key="pe236">Jæger</persName> &#x2013; du han var 
     <lb/>hard &#x2013; ved du hva 
    <lb/>han sa</p>
    <p rend="extraAir"><del rend="overstrike">At jeg skulde dræ</del>
     <lb/>Dræb ham &#x2013;
     <lb/>Min far du &#x2013; han <add place="supralinear">med</add> det hjertet 
     <lb/>&#x2013; Jeg kunde ikke forstå <persName key="pe236">Jæger</persName>
     <lb/>Jeg kunde elske ham &#x2013; men 
     <lb/>osså hade ham &#x2013;
     <lb/>Det var det værste &#x2013; for min 
     <lb/>far det med <persName key="pe236">Jæger</persName> &#x2013;</p>
    <p>&#x2013;<seg type="typographicalSpace"/>&#x2013;</p>
    <p>Han vidste jo ikke &#x2013; 
     <lb/>min far &#x2013; hvordan jeg hadde 
     <lb/>det &#x2013; jeg kunde jo ikke sidde 
     <lb/>rolig &#x2013; ikke <del rend="overstrike">være</del> være gla &#x2013; ikke 
     <lb/>kose mig hjemme &#x2013; når hun 
     <lb/>var derude med den anden &#x2013; 
    <lb/><del rend="overstrike">Jeg måtte</del></p>
    <p>Og så søgte jeg de der led 
     <lb/>som jeg &#x2013; Jeg skjønte ikke lenger 
    <lb/><del rend="overstrike">hvad</del> <del rend="overwritten"><gap/></del>deres tale hjemme <gap reason="writing"/></p>
    </div></div></div>
  </body>
 </text>
</TEI>
