<?xml version="1.0" encoding="UTF-8"?>
<!DOCTYPE TEI PUBLIC "-//TEI P5 MunchTEI//DTD TEI P5 Unified for Edvard Munch's Texts//EN" "file:/O:/Munchs tekster/Transkripsjoner/MunchTEI.dtd" >
<TEI xmlns="http://www.tei-c.org/ns/1.0" version="5.0" xml:id="No-MM_N0079-01">
<teiHeader>
 <fileDesc>
<titleStmt>
<title>No-MM_N0079-01.jpg</title>
</titleStmt>

<publicationStmt>
<p></p>
</publicationStmt>
<sourceDesc>
<p>2704 x 4064</p>
</sourceDesc>
 </fileDesc>
 <encodingDesc>


 
  <tagsDecl xml:id="imtAnnotationCategories"><rendition xml:id="transcription"><label>Contains the transcribed and TEI P5 encoded text of the objects</label><code rend="rectangle" lang="text/css">color: #ff0000</code></rendition><rendition xml:id="commentary"><label>Kommentarer</label><code rend="rectangle" lang="text/css">color: #00ff00</code></rendition><rendition xml:id="philologicalNotes"><label>Edisjonsfilologiske noter</label><code rend="rectangle" lang="text/css">color: #0000ff</code></rendition><rendition xml:id="textForSearch"><desc>transcriptional</desc><label>Søkbar tekst</label><code rend="rectangle" lang="text/css">color: #000000</code></rendition></tagsDecl><appInfo>
     <application ident="ImageMarkupTool01" version="1.8.1.3" notAfter="2009-03-26T12:50:12">
     <label>
     Image Markup Tool</label><desc>
     Tool for annotating images using TEI</desc><ref type="appURI" target="http://www.tapor.uvic.ca/~mholmes/image_markup/">
     </ref><ptr target="#imtAnnotatedImage"></ptr><ptr target="#imtImageAnnotations"></ptr><ptr target="#imtAnnotationCategories"></ptr></application>
     
     
     </appInfo></encodingDesc>
</teiHeader>
 <facsimile xml:id="imtAnnotatedImage"><surface><graphic url="No-MM_N0079-01.jpg" width="2704px" height="4064px"></graphic><zone xml:id="imtArea_0" rendition="transcription" ulx="4" uly="616" lrx="2450" lry="3753" rend="visible"></zone></surface></facsimile>
 <text>
  <body>
   <div xml:id="imtImageAnnotations"><div corresp="#imtArea_0" type="imtAnnotation"><head>&#x00A0;</head><div>
    <p><del rend="overstrike">Kritikkerne</del></p>
    <p>En kritikker kommer 
    <lb/>til <placeName key="pl16">Paris</placeName> han opdager 
    <lb/><del rend="overstrike">en</del> pludseli <placeName key="pl52">Amerika</placeName> &#x2013; det
    <lb/>vil si Impresionismen og dens 
    <lb/><del rend="overstrike">glimr</del> glimrende kunst &#x2013; men 
    <lb/>som uheldigvis har været opdaget 
    <lb/>lang tid &#x2013; så længe at <del rend="overstrike">en ny</del> 
    <lb/>noe nyt er i fuld voxen &#x2013;</p>
    <p>&#x2013; Han danser omkring kalven 
    <lb/><del rend="overstrike">og</del> der allerede er stekt hard &#x2013;</p>
    <p>Til sin skræk opdager han 
    <lb/>rundt om sig en hel ny 
    <lb/>kunst er voxet o<del rend="overwritten"><gap/></del>p vækker 
    <lb/>forargelse strid &#x2013; og glød som 
    <lb/>Impresionismen vakte for en 
    <lb/>menneskealder &#x2013; O<del rend="overwritten"><gap/></del>m han står alene</p>
    </div></div></div>
  </body>
 </text>
</TEI>
