<?xml version="1.0" encoding="UTF-8"?>
<!DOCTYPE TEI PUBLIC "-//TEI P5 MunchTEI//DTD TEI P5 Unified for Edvard Munch's Texts//EN" "file:/O:/Munchs tekster/Transkripsjoner/MunchTEI.dtd" >
<TEI xmlns="http://www.tei-c.org/ns/1.0" version="5.0" xml:id="No-MM_N0033-01">
<teiHeader>
 <fileDesc>
<titleStmt>
<title>No-MM_N0033-01.jpg</title>
</titleStmt>

<publicationStmt>
<p></p>
</publicationStmt>
<sourceDesc>
<p>2704 x 4064</p>
</sourceDesc>
 </fileDesc>
 <encodingDesc>


 
  <tagsDecl xml:id="imtAnnotationCategories"><rendition xml:id="transcription"><label>Contains the transcribed and TEI P5 encoded text of the objects</label><code rend="rectangle" lang="text/css">color: #ff0000</code></rendition><rendition xml:id="commentary"><label>Kommentarer</label><code rend="rectangle" lang="text/css">color: #00ff00</code></rendition><rendition xml:id="philologicalNotes"><label>Edisjonsfilologiske noter</label><code rend="rectangle" lang="text/css">color: #0000ff</code></rendition><rendition xml:id="textForSearch"><desc>transcriptional</desc><label>Søkbar tekst</label><code rend="rectangle" lang="text/css">color: #000000</code></rendition></tagsDecl><appInfo>
     <application ident="ImageMarkupTool01" version="1.8.1.4" notAfter="2010-01-27T11:58:27">
     <label>
     Image Markup Tool</label><desc>
     Tool for annotating images using TEI</desc><ref type="appURI" target="http://www.tapor.uvic.ca/~mholmes/image_markup/">
     </ref><ptr target="#imtAnnotatedImage"></ptr><ptr target="#imtImageAnnotations"></ptr><ptr target="#imtAnnotationCategories"></ptr></application>
     
     
     </appInfo></encodingDesc>
</teiHeader>
 <facsimile xml:id="imtAnnotatedImage"><surface><graphic url="No-MM_N0033-01.jpg" width="2704px" height="4064px"></graphic><zone xml:id="imtArea_0" rendition="transcription" ulx="95" uly="286" lrx="2608" lry="3777" rend="visible"></zone></surface></facsimile>
 <text>
  <body>
   <div xml:id="imtImageAnnotations"><div corresp="#imtArea_0" type="imtAnnotation"><head>&#x00A0;</head><div>
    <dateline><placeName key="pl155">S. Cloud</placeName> <date when="1889">1889</date></dateline>
    <p rend="extraAir">Copi</p>
    <p>Danseuse espa<del rend="overwritten">n</del><add place="inline" hand="EM2">g</add>nole &#x2013; 1 fr. &#x2013; La mig gå
     <lb/>in &#x2013;</p>
    <p>Det var en lang sal med galerier på begge
     <lb/>sider &#x2013; under galerierne sad folk og drak
     <lb/><del rend="overstrike">og <gap/></del> ved rundt borde &#x2013; I midten stod man,
     <lb/>floshat i floshat &#x2013; indimellem damehatte!</p>
    <p>Længst inde over floshattene gik en liten
     <lb/>dame i lillafarvet tricot på en line &#x2013; mi<del rend="overwritten">n</del>dt
     <lb/>i den blågrå tobaksfuldte luft &#x2013;</p>
    <p>Jeg slentrede opover mellem de stående &#x2013;
    <lb/><del rend="overstrike">J</del></p>
    <p>Jeg så efter et smukt pikeansikt &#x2013; nei &#x2013; jo
    <lb/>der var en der ikke var så værst &#x2013;</p>
    <p>Da hun opdaget mit blik fik hun et stivnet
    <lb/>maskeansikt og stirrede tomt ut i luften &#x2013;</p>
    <p>Jeg fandt en stol &#x2013; og lod mig falde ned i den træt
    <lb/>og slap.</p>
    <p>Man klappede &#x2013; den lillafarvede danserinde bukkede
    <lb/>smilede og forsvandt &#x2013;</p>
    <p>Sangerne fra <placeName key="pl435">Rumænien</placeName> optraadte &#x2013; Det var kjærlighed
     <lb/>og had længsel og forsoning &#x2013; og skjønne drømme &#x2013; og den
    <lb/>bløde <add place="supralinear">(?)</add> musik smeltede sammen med farverne.</p>
    </div></div></div>
  </body>
 </text>
</TEI>
