<?xml version="1.0" encoding="UTF-8"?>
<!DOCTYPE TEI PUBLIC "-//TEI P5 MunchTEI//DTD TEI P5 Unified for Edvard Munch's Texts//EN" "file:/O:/Munchs tekster/Transkripsjoner/MunchTEI.dtd" >
<TEI xmlns="http://www.tei-c.org/ns/1.0" version="5.0" xml:id="No-MM_N0045-02">
<teiHeader>
 <fileDesc>
<titleStmt>
<title>No-MM_N0045-02.jpg</title>
</titleStmt>

<publicationStmt>
<p></p>
</publicationStmt>
<sourceDesc>
<p>2704 x 4064</p>
</sourceDesc>
 </fileDesc>
 <encodingDesc>


 
  <tagsDecl xml:id="imtAnnotationCategories"><rendition xml:id="transcription"><label>Contains the transcribed and TEI P5 encoded text of the objects</label><code rend="rectangle" lang="text/css">color: #ff0000</code></rendition><rendition xml:id="commentary"><label>Kommentarer</label><code rend="rectangle" lang="text/css">color: #00ff00</code></rendition><rendition xml:id="philologicalNotes"><label>Edisjonsfilologiske noter</label><code rend="rectangle" lang="text/css">color: #0000ff</code></rendition><rendition xml:id="textForSearch"><desc>transcriptional</desc><label>Søkbar tekst</label><code rend="rectangle" lang="text/css">color: #000000</code></rendition></tagsDecl><appInfo>
     <application ident="ImageMarkupTool01" version="1.8.1.3" notAfter="2009-03-23T12:54:51">
     <label>
     Image Markup Tool</label><desc>
     Tool for annotating images using TEI</desc><ref type="appURI" target="http://www.tapor.uvic.ca/~mholmes/image_markup/">
     </ref><ptr target="#imtAnnotatedImage"></ptr><ptr target="#imtImageAnnotations"></ptr><ptr target="#imtAnnotationCategories"></ptr></application>
     
     
     </appInfo></encodingDesc>
</teiHeader>
 <facsimile xml:id="imtAnnotatedImage"><surface><graphic url="No-MM_N0045-02.jpg" width="2704px" height="4064px"></graphic><zone xml:id="imtArea_0" rendition="transcription" ulx="151" uly="517" lrx="2597" lry="3627" rend="visible"></zone></surface></facsimile>
 <text>
  <body>
   <div xml:id="imtImageAnnotations"><div corresp="#imtArea_0" type="imtAnnotation"><head>&#x00A0;</head><div>
    <p>Der fører en linie fra vår til 
     <lb/><ref type="lemma" target="co2">Aulabillederne</ref> &#x2013;</p> 
    <p><ref type="lemma" target="co2">Aulabillederne</ref> er folket der <del rend="overstrike">h</del> drages 
    <lb/>mot lys sol opklaring lys i 
    <lb/>mørketiden</p>
    <p>Vår var den dødssyges <gap reason="scribble"/>længten 
    <lb/>mot lys og varme mot livet</p>
    <p rend="extraAir">Solen i <ref type="lemma" target="co2">Aulaen</ref> var i Vår solskinnet 
     <lb/>i vinduet &#x2013; <del rend="overstrike">og den</del> Det var <ref type="lemma" target="co79">Osvalds</ref> sol</p>
    <p rend="extraAir">(I vår <del rend="overstrike">kunde der v</del> kan der vel 
    <lb/>påvises enkelte faste penselstrøk og
    <lb/>farve i moren der <del rend="overstrike">kunde</del> viser hen 
     <lb/>på <persName key="pe271">Krohg</persName> &#x2013; Men i sin helhed 
    <lb/>sin følelse sit nervøse komponerende 
    <lb/>farvepåsætning er motsat)</p>
    <p><gap reason="scribble"/>I samme stol som jeg 
    <lb/>malte den syge <gap reason="scribble"/><unclear reason="writing">i</unclear> har <del rend="overstrike">vi</del> jeg 
    <lb/>og alle mine kjære fra min 
    <lb/>mor af sat <del rend="overstrike">og</del> vintere på vintere
     <lb/>sat og længtet mot sol &#x2013; til 
     <lb/>døden har tat dem &#x2013;</p>
    </div></div></div>
  </body>
 </text>
</TEI>
