<?xml version="1.0" encoding="UTF-8"?>
<!DOCTYPE TEI PUBLIC "-//TEI P5 MunchTEI//DTD TEI P5 Unified for Edvard Munch's Texts//EN" "file:/O:/Munchs tekster/Transkripsjoner/MunchTEI.dtd" >
<TEI xmlns="http://www.tei-c.org/ns/1.0" version="5.0" xml:id="No-MM_N0016-01r">
<teiHeader>
 <fileDesc>
<titleStmt>
<title>No-MM_N0016-01r.jpg</title>
</titleStmt>

<publicationStmt>
<p></p>
</publicationStmt>
<sourceDesc>
<p>2704 x 4064</p>
</sourceDesc>
 </fileDesc>
 <encodingDesc>


 
  <tagsDecl xml:id="imtAnnotationCategories"><rendition xml:id="transcription"><label>Contains the transcribed and TEI P5 encoded text of the objects</label><code rend="rectangle" lang="text/css">color: #ff0000</code></rendition><rendition xml:id="commentary"><label>Kommentarer</label><code rend="rectangle" lang="text/css">color: #00ff00</code></rendition><rendition xml:id="philologicalNotes"><label>Edisjonsfilologiske noter</label><code rend="rectangle" lang="text/css">color: #0000ff</code></rendition><rendition xml:id="textForSearch"><desc>transcriptional</desc><label>Søkbar tekst</label><code rend="rectangle" lang="text/css">color: #000000</code></rendition></tagsDecl><appInfo>
     <application ident="ImageMarkupTool01" version="1.8.1.2" notAfter="2009-03-16T11:46:44">
     <label>
     Image Markup Tool</label><desc>
     Tool for annotating images using TEI</desc><ref type="appURI" target="http://www.tapor.uvic.ca/~mholmes/image_markup/">
     </ref><ptr target="#imtAnnotatedImage"></ptr><ptr target="#imtImageAnnotations"></ptr><ptr target="#imtAnnotationCategories"></ptr></application>
     
     
     </appInfo></encodingDesc>
</teiHeader>
 <facsimile xml:id="imtAnnotatedImage"><surface><graphic url="No-MM_N0016-01r.jpg" width="2704px" height="4064px"></graphic><zone xml:id="imtArea_0" rendition="transcription" ulx="156" uly="324" lrx="2420" lry="3908" rend="visible"></zone></surface></facsimile>
 <text>
  <body>
   <div xml:id="imtImageAnnotations"><div corresp="#imtArea_0" type="imtAnnotation"><head>&#x00A0;</head><div>
    <p>Det var så mange småting &#x2013; 
     <lb/>som dukket op &#x2013; små begivenheder 
     <lb/>som naget mig &#x2013; Ord som hadde 
     <lb/>såret &#x2013; jeg hadde været kold
     <lb/>&#x2013; is &#x2013; når han var blød og 
     <lb/>vilde ha forsoning &#x2013; <add place="inline">Og han var så blød.</add></p>
    <p>De naget mere end <del rend="overstrike">sorgen</del> den 
     <lb/>store sorg som jeg <del rend="overstrike">gjorde ham</del> &#x2013;
     <lb/>hadde gjort &#x2013; for den måtte komme.
    <lb/><del rend="overwritten"><gap/></del>Jeg <del rend="overstrike">tænkte på om det</del>
    <lb/><add place="inBetweenLines">Det var dette jeg skulde</add><add place="infralinear">gjøre</add>
     <lb/><del rend="overstrike">Han skjønte</del> &#x2013;
    <lb/><del rend="overstrike">Han</del> <add place="inBetweenLines">Og så var det hun jeg var
    <lb/>jo ikke mig</add>.</p>
    <p>Jeg så ham sidde bøiet og 
     <lb/>træt og grå &#x2013; <del rend="overwritten">og</del>i sofaen &#x2013; og så 
    <lb/><del rend="overstrike">det</del> ser jeg det synke <del rend="overstrike">det</del> ned 
     <lb/>&#x2013; dette gamle deilige hode &#x2013; blegt
    <lb/>sank det sammen som det søgte 
     <lb/>hvile &#x2013;</p>
    <p><del rend="overstrike">Jeg syntes jeg v</del></p>
    <p>Hvor jeg syntes jeg hadde været 
     <lb/>hård og is &#x2013;</p>
    <p><del rend="overwritten">Jeg</del>Det sprængte i mine øine
    <lb/>Jeg puttet lagenet i munden.</p>
    </div></div></div>
  </body>
 </text>
</TEI>
