<?xml version="1.0" encoding="UTF-8"?>

<?xml-stylesheet type="text/xsl" href="file:/O:/Munchs tekster/Transkripsjoner/eMunch_view.xsl"?>
<!DOCTYPE TEI PUBLIC "-//TEI P5 MunchTEI//DTD TEI P5 Unified for Edvard Munch's Texts//EN" "file:/O:/Munchs tekster/Transkripsjoner/MunchTEI.dtd">
<TEI xmlns="http://www.tei-c.org/ns/1.0">
    <teiHeader>
        <fileDesc>
            <titleStmt>
                <title>MM N 115. Notat</title>
            </titleStmt>
            <publicationStmt><p/></publicationStmt>
            <sourceDesc><bibl xml:id="No-MM_N0115"/></sourceDesc>
        </fileDesc>
        <profileDesc>
            <langUsage><language ident="no"/></langUsage>
            <handNotes><handNote xml:id="EM1" medium="pen_black">Svart blekk</handNote></handNotes>
        </profileDesc>
        <revisionDesc>
            <change xml:id="HED" who="#HED" when="2009-04-15">Kodet opp samlefil i Oxygen samt enkeltsidefiler, dels i ImageMarkupTool, dels i Oxygen.</change>
            <change who="#AAH" when="2010-06-28">Endret kodinga av tegning.</change>
            <change who="#HED" when="2010-09-17">Ført inn rettelser etter korrektur.</change>
        </revisionDesc>
    </teiHeader>
    <text>
        <body>
            <div type="facsimile"  xml:id="No-MM_N0115-01">
                <include href="No-MM_N0115-01.xml" xpointer="imtAnnotationCategories">
                    <fallback>FIXME: MISSING XINCLUDE CONTENT</fallback>
                </include>
                <include href="No-MM_N0115-01.xml" xpointer="imtAnnotatedImage">
                    <fallback>FIXME: MISSING XINCLUDE CONTENT</fallback>
                </include>
                <include href="No-MM_N0115-01.xml" xpointer="imtImageAnnotations">
                    <fallback>FIXME: MISSING XINCLUDE CONTENT</fallback>
                </include>
            </div>
            <div type="facsimile"  xml:id="No-MM_N0115-02">
                <include href="No-MM_N0115-02.xml" xpointer="imtAnnotationCategories">
                    <fallback>FIXME: MISSING XINCLUDE CONTENT</fallback>
                </include>
                <include href="No-MM_N0115-02.xml" xpointer="imtAnnotatedImage">
                    <fallback>FIXME: MISSING XINCLUDE CONTENT</fallback>
                </include>
                <include href="No-MM_N0115-02.xml" xpointer="imtImageAnnotations">
                    <fallback>FIXME: MISSING XINCLUDE CONTENT</fallback>
                </include>
            </div>
            <div type="facsimile"  xml:id="No-MM_N0115-03">
                <include href="No-MM_N0115-03.xml" xpointer="imtAnnotationCategories">
                    <fallback>FIXME: MISSING XINCLUDE CONTENT</fallback>
                </include>
                <include href="No-MM_N0115-03.xml" xpointer="imtAnnotatedImage">
                    <fallback>FIXME: MISSING XINCLUDE CONTENT</fallback>
                </include>
                <include href="No-MM_N0115-03.xml" xpointer="imtImageAnnotations">
                    <fallback>FIXME: MISSING XINCLUDE CONTENT</fallback>
                </include>
            </div>
            <div type="facsimile"  xml:id="No-MM_N0115-04">
                <include href="No-MM_N0115-04.xml" xpointer="imtAnnotationCategories">
                    <fallback>FIXME: MISSING XINCLUDE CONTENT</fallback>
                </include>
                <include href="No-MM_N0115-04.xml" xpointer="imtAnnotatedImage">
                    <fallback>FIXME: MISSING XINCLUDE CONTENT</fallback>
                </include>
                <include href="No-MM_N0115-04.xml" xpointer="imtImageAnnotations">
                    <fallback>FIXME: MISSING XINCLUDE CONTENT</fallback>
                </include>
            </div>
        </body>
    </text>
</TEI>

