<?xml version="1.0" encoding="UTF-8"?>
<!DOCTYPE TEI PUBLIC "-//TEI P5 MunchTEI//DTD TEI P5 Unified for Edvard Munch's Texts//EN" "file:/O:/Munchs tekster/Transkripsjoner/MunchTEI.dtd" >
<TEI xmlns="http://www.tei-c.org/ns/1.0" version="5.0" xml:id="No-MM_N0009-00-01r">
<teiHeader>
 <fileDesc>
<titleStmt>
<title>No-MM_N0009-00-01r.jpg</title>
</titleStmt>

<publicationStmt>
<p></p>
</publicationStmt>
<sourceDesc>
<p>2704 x 4064</p>
</sourceDesc>
 </fileDesc>
 <encodingDesc>


 
  <tagsDecl xml:id="imtAnnotationCategories"><rendition xml:id="transcription"><label>Contains the transcribed and TEI P5 encoded text of the objects</label><code rend="rectangle" lang="text/css">color: #ff0000</code></rendition><rendition xml:id="commentary"><label>Kommentarer</label><code rend="rectangle" lang="text/css">color: #00ff00</code></rendition><rendition xml:id="philologicalNotes"><label>Edisjonsfilologiske noter</label><code rend="rectangle" lang="text/css">color: #0000ff</code></rendition><rendition xml:id="textForSearch"><desc>transcriptional</desc><label>Søkbar tekst</label><code rend="rectangle" lang="text/css">color: #000000</code></rendition></tagsDecl><appInfo>
     <application ident="ImageMarkupTool01" version="1.8.1.2" notAfter="2009-03-13T14:42:30">
     <label>
     Image Markup Tool</label><desc>
     Tool for annotating images using TEI</desc><ref type="appURI" target="http://www.tapor.uvic.ca/~mholmes/image_markup/">
     </ref><ptr target="#imtAnnotatedImage"></ptr><ptr target="#imtImageAnnotations"></ptr><ptr target="#imtAnnotationCategories"></ptr></application>
     
     
     </appInfo></encodingDesc>
</teiHeader>
 <facsimile xml:id="imtAnnotatedImage"><surface><graphic url="No-MM_N0009-00-01r.jpg" width="2704px" height="4064px"></graphic><zone xml:id="imtArea_0" rendition="transcription" ulx="152" uly="284" lrx="2632" lry="3236" rend="visible"></zone></surface></facsimile>
 <text>
  <body>
   <div xml:id="imtImageAnnotations"><div corresp="#imtArea_0" type="imtAnnotation"><head>&#x00A0;</head><div>
    <p rend="noIndent">på disse linjer jeg ved ikke hvorlænge 
    <lb/>det så så mærkværdigt <del rend="overstrike">engelt</del> enkelt 
     <lb/>og naturligt ud &#x2013; som det skulde 
    <lb/>så være.</p>
    <p>Begravelsen foregår Torsdag den</p>
    <p>Det var min far &#x2013; <del rend="overstrike">som</del> <del rend="overstrike">jeg omtrent
    <lb/>næsten altid var de<del rend="overwritten"><gap/></del>n
    <lb/>med den blanke issen</del>
    <lb/>han som altid når jeg kom <del rend="overstrike">p</del> hjem 
     <lb/>sad der ved Skatoldet &#x2013; med piben i 
    <lb/>mundvigen grå og rundrygget i den 
    <lb/>gamle slobrokken og <add place="supralinear">som</add> smilte så hyggelig 
     <lb/><del rend="overstrike"><gap/></del> når man talte til ham &#x2013; smilte 
    <lb/>gjennem en tyk sky af tobaksrøg, 
     <lb/>det var sån &#x2013; aldrig se smilet 
     <lb/>mer &#x2013; jeg bøiet <add place="inline">mig</add> dybt ned i 
    <lb/>avisen.</p>
    </div></div></div>
  </body>
 </text>
</TEI>
