<?xml version="1.0" encoding="UTF-8"?>
<!DOCTYPE TEI PUBLIC "-//TEI P5 MunchTEI//DTD TEI P5 Unified for Edvard Munch's Texts//EN" "file:/O:/Munchs tekster/Transkripsjoner/MunchTEI.dtd" >
<TEI xmlns="http://www.tei-c.org/ns/1.0" version="5.0" xml:id="No-MM_N0077-00-04r">
<teiHeader>
 <fileDesc>
<titleStmt>
<title>No-MM_N0077-00-04r.jpg</title>
</titleStmt>

<publicationStmt>
<p></p>
</publicationStmt>
<sourceDesc>
<p>2704 x 4064</p>
</sourceDesc>
 </fileDesc>
 <encodingDesc>


 
  <tagsDecl xml:id="imtAnnotationCategories"><rendition xml:id="transcription"><label>Contains the transcribed and TEI P5 encoded text of the objects</label><code rend="rectangle" lang="text/css">color: #ff0000</code></rendition><rendition xml:id="commentary"><label>Kommentarer</label><code rend="rectangle" lang="text/css">color: #00ff00</code></rendition><rendition xml:id="philologicalNotes"><label>Edisjonsfilologiske noter</label><code rend="rectangle" lang="text/css">color: #0000ff</code></rendition><rendition xml:id="textForSearch"><desc>transcriptional</desc><label>Søkbar tekst</label><code rend="rectangle" lang="text/css">color: #000000</code></rendition></tagsDecl><appInfo>
     <application ident="ImageMarkupTool01" version="1.8.1.7" notAfter="2010-04-26T14:25:19">
     <label>
     Image Markup Tool</label><desc>
     Tool for annotating images using TEI</desc><ref type="appURI" target="http://www.tapor.uvic.ca/~mholmes/image_markup/">
     </ref><ptr target="#imtAnnotatedImage"></ptr><ptr target="#imtImageAnnotations"></ptr><ptr target="#imtAnnotationCategories"></ptr></application>
     
     
     </appInfo></encodingDesc>
</teiHeader>
 <facsimile xml:id="imtAnnotatedImage"><surface><graphic url="No-MM_N0077-00-04r.jpg" width="2704px" height="4064px"></graphic><zone xml:id="imtArea_0" rendition="transcription" ulx="85" uly="576" lrx="2677" lry="3102" rend="visible"></zone></surface></facsimile>
 <text>
  <body>
   <div xml:id="imtImageAnnotations"><div corresp="#imtArea_0" type="imtAnnotation"><head>&#x00A0;</head>
    <div>
     <fw type="page"><add place="margin-left" hand="EM2">2)</add></fw>
     <p>I <persName key="pe218">Ibsens</persName> drama &#x2013; nævnes <add place="supralinear" hand="EM2">også</add><del rend="overstrike" hand="EM2">om</del> billedhuggerens
      <lb/>portrætter &#x2013; de var karikaturer = dyrehoder som
     <lb/>den bestillende fik at paa.</p>
     <p>&#x2013; Som i <persName key="pe218">Ibsens</persName> <add place="supralinear" hand="EM2">&#x00AB;De</add> <del rend="overstrike" hand="EM3">D</del><add place="margin-top" hand="EM3">d</add>øde vaagner<add place="inline" hand="EM2">&#x00BB;</add><add place="margin-right" hand="EM2">&#x00AB;De <del rend="overwritten" hand="EM2">D</del><add place="margin-top" hand="EM2">d</add>øde vaagner&#x00BB;</add> <del rend="overstrike" hand="EM2">&#x2013;</del> billedhug-
      <lb/>gerens opstande<del rend="overstrike" hand="EM3">i</del><add place="margin-left" hand="EM3">l</add>sesværk <del rend="overstrike" hand="EM2">&#x2013;</del> blev splittet <del rend="overstrike" hand="EM2">&#x2013;</del> og
      <lb/>ufuldført &#x2013; saaledes gik det ogsaa mit værk. &#x2013;</p>
     <p>&#x2013; Noen av billedene kom til Bergen <add place="margin-right" hand="EM2"><del rend="overstrike">B i</del> i <persName key="pe331">Rasmus Meiers</persName> samling</add> &#x2013; noen
      <lb/><add place="margin-left" hand="EM2"><del rend="overstrike" hand="EM2"><gap/></del></add><del rend="overstrike" hand="EM3">til <placeName key="pl19">München</placeName></del><add place="margin-right" hand="EM2">til <placeName key="pl20">Oslo</placeName> <del rend="overwritten">n</del>Nationalmusæum</add> &#x2013; Det blev mig ikke forundt noen
      <lb/>støtte &#x2013; til værkets fuldendelse i den tid <del rend="overstrike" hand="EM2">&#x2013;</del><note place="margin-right" resp="EM2">komma</note> jeg
      <lb/>var <add place="margin-left" hand="EM2"><del rend="overwritten"><del rend="overstrike"><gap/></del></del>helt</add><del rend="overstrike" hand="EM2">rundt</del> optatt med det. &#x2013; Det blev knust av
      <lb/>kav og motgang.</p>
     <p rend="extraAir">&#x2013; Først<del rend="overstrike" hand="EM3">e</del> <hi rend="underlined" hand="EM2">snit</hi><add place="supralinear" hand="EM2">nu</add> har jeg <del rend="overstrike" hand="EM2">senere</del> samlet <del rend="overstrike" hand="EM2">&#x2013;</del> restene
      <lb/><del rend="overwritten" hand="EM2">av</del>av det blev nogenlunde <del rend="overstrike" hand="EM2">saa</del><add place="margin-right" hand="EM2">som</add> jeg hadde det for
      <lb/>20 aar siden &#x2013; Det er blot blevet <add place="margin-right" hand="EM2"><unclear reason="writing"><del rend="overwritten">en</del>en torso</unclear></add></p>
    </div>
    <div>
     <fw type="page"><add place="margin-left" hand="EM2">1) a<unclear reason="writing">)</unclear></add></fw>
     <p><add place="margin-left" hand="EM2">Jal<del rend="overwritten"><unclear>ou<gap/></unclear></del>usi</add><del rend="overstrike" hand="EM2">Jalons</del><add place="supralinear" hand="EM2"><del rend="overstrike" hand="EM2">ousi</del></add> &#x2013; <del rend="overstrike" hand="EM2"><hi rend="underlined" hand="EM2">Den falske mand</hi></del><add place="supralinear" hand="EM2">Polak<gap reason="damage"/></add> som lå med en
      <lb/>kule i hodet &#x2013;.</p>
     <p><del rend="overstrike" hand="EM2">Men især</del> <del rend="overwritten" hand="EM2">d</del><add place="inline" hand="EM2">D</add>e tre kvinner &#x2013; Irene den hvit-
      <lb/>klædde <del rend="overstrike" hand="EM2">ære kommer</del><add place="margin-right" hand="EM2"><del rend="overstrike">der <gap reason="blurredInk"/></del> drømmende</add> ut mod livet &#x2013;</p>
     <p>&#x2013; Maga den livslystne &#x2013; den nakne.</p>
     <p>&#x2013; Sorgens kvinne &#x2013; med det stirrende bleke
      <lb/>hode mellem stammerne &#x2013; <add place="supralinear" hand="EM2"><ref type="lemma" target="co44">Irenes</ref> skjæbne, <gap reason="writing"/> sykepleiersk<del rend="overwritten">en</del>e</add></p>
     <p><del rend="overstrike" hand="EM2">&#x2013; Irenes skjæbne &#x2013; sykepleierske &#x2013;</del></p>
     <p>&#x2013; Disse tre kvinner dukker i Ibsens drama
      <lb/><del rend="overwritten" hand="EM2">op &#x2013;</del><add place="inline" hand="EM2">op</add> som på mit billede mange steder.</p>
     <p><add place="margin-left" hand="EM2">En lys sommernat
      <lb/>var den mørkklædte
      <lb/>set gå om i haven
      <lb/>sammen med <del rend="overstrike"><gap/></del> Irene
      <lb/><unclear reason="writing"><del rend="overwritten">der var uten</del></unclear>der var n<unclear reason="writing">ø</unclear>ken eller
      <lb/>i et <del rend="overwritten"><gap/></del>slags badecostume
     </add></p>
     <p><add place="margin-right" hand="EM2"><del rend="overstrike" hand="EM2">En lys sommernat var
      <lb/>den <unclear>mørke</unclear>
      <lb/>set gå sammen
      <lb/>med den lyse
      <lb/>nakne skikkelse der var
      <lb/>i <gap/></del></add></p>
     <p><del rend="diagonalOverstrike" hand="EM2">&#x2013; En lys sommernat var den mørkklædde <del rend="overstrike" hand="EM2">sor-
      <lb/>gens</del> kvinne <add place="supralinear" hand="EM2">gå</add><del rend="overstrike">set mot</del> den lyse nakne skikkelse,
      <lb/><del rend="overwritten">&#x2013;</del><add place="inline" hand="EM2">i</add> et slags badekostyme.</del></p>
     <p>&#x2013; Det lystne hvite legeme mot sorgens sorte
      <lb/>farver &#x2013; alt i den lyse sommernats mystiske lys
      <lb/><del rend="overstrike" hand="EM2">&#x2013; som på mit billede.</del></p>
     <p><del rend="diagonalOverstrike" hand="EM2">&#x2013; Den lyse sommernat hvor livet og døden<add place="inline" hand="EM2">, &#x2013;</add>
      <lb/><del rend="overstrike" hand="EM2">i</del> <hi rend="underlined">dage og nætter</hi><add place="margin-right" hand="EM2"><del rend="overstrike" hand="EM2">dagen og natten</del></add> går hånd i hånd.</del></p>
     <p><add place="margin-bot" hand="EM2">Den lyse sommernat hvor livet <del rend="overwritten" hand="EM2"><gap/></del>og <gap reason="illegible"/>
      <lb/>døden, dagen og natten går hånd i hånd</add></p>
    </div></div></div>
  </body>
 </text>
</TEI>