<?xml version="1.0" encoding="UTF-8"?>
<!DOCTYPE TEI PUBLIC "-//TEI P5 MunchTEI//DTD TEI P5 Unified for Edvard Munch's Texts//EN" "file:/O:/Munchs tekster/Transkripsjoner/MunchTEI.dtd" >
<TEI xmlns="http://www.tei-c.org/ns/1.0" version="5.0" xml:id="No-MM_N0057-00-01r">
<teiHeader>
 <fileDesc>
<titleStmt>
<title>No-MM_N0057-00-01r.jpg</title>
</titleStmt>

<publicationStmt>
<p></p>
</publicationStmt>
<sourceDesc>
<p>2704 x 4064</p>
</sourceDesc>
 </fileDesc>
 <encodingDesc>


 
  <tagsDecl xml:id="imtAnnotationCategories"><rendition xml:id="transcription"><label>Contains the transcribed and TEI P5 encoded text of the objects</label><code rend="rectangle" lang="text/css">color: #ff0000</code></rendition><rendition xml:id="commentary"><label>Kommentarer</label><code rend="rectangle" lang="text/css">color: #00ff00</code></rendition><rendition xml:id="philologicalNotes"><label>Edisjonsfilologiske noter</label><code rend="rectangle" lang="text/css">color: #0000ff</code></rendition><rendition xml:id="textForSearch"><desc>transcriptional</desc><label>Søkbar tekst</label><code rend="rectangle" lang="text/css">color: #000000</code></rendition></tagsDecl><appInfo>
     <application ident="ImageMarkupTool01" version="1.8.1.3" notAfter="2009-03-24T11:12:52">
     <label>
     Image Markup Tool</label><desc>
     Tool for annotating images using TEI</desc><ref type="appURI" target="http://www.tapor.uvic.ca/~mholmes/image_markup/">
     </ref><ptr target="#imtAnnotatedImage"></ptr><ptr target="#imtImageAnnotations"></ptr><ptr target="#imtAnnotationCategories"></ptr></application>
     
     
     </appInfo></encodingDesc>
</teiHeader>
 <facsimile xml:id="imtAnnotatedImage"><surface><graphic url="No-MM_N0057-00-01r.jpg" width="2704px" height="4064px"></graphic><zone xml:id="imtArea_0" rendition="transcription" ulx="139" uly="418" lrx="2549" lry="2557" rend="visible"></zone></surface></facsimile>
 <text>
  <body>
   <div xml:id="imtImageAnnotations"><div corresp="#imtArea_0" type="imtAnnotation"><head>&#x00A0;</head><div>
    <dateline rend="extraAir"><placeName key="pl148">Warnemünde</placeName> <date when="1907---/1908-">1907&#x2013;8</date> <del rend="overwritten">c</del>Kopi &#x2013;</dateline>
    <head rend="extraAir">Kunst og natur</head>
    <p>Kunst er det motsatte af natur, 
    <lb/>Et kunstværk kommer blot fra menneskets indre 
    <lb/>&#x2013; Kunst er billedets form tilblivet gjennem 
    <lb/><del rend="overwritten"><gap/></del>Menneskets nerver &#x2013; hjerte &#x2013; hjerne &#x2013; øie
    <lb/>Kunst er menneskets trang til krystalisation 
    <lb/>Naturen er det evig store rike hvorf<del rend="overwritten"><gap/></del>ra kunsten 
    <lb/>får sin næring. &#x2013;
    <lb/>Naturen er ikke alene det for øiet synlige &#x2013; de<del rend="overwritten">t</del>n
    <lb/>er osså sjælens indre billeder &#x2013; <del rend="overstrike">på ø</del> billeder paa 
    <lb/>øiets bakside &#x2013;</p>
    <p><del rend="overstrike"><placeName key="pl20">Oslo</placeName> <date when="1890">1890</date></del><seg type="typographicalSpace"/><placeName key="pl20">Oslo</placeName> <date when="1890">1890</date></p>
    <p><del rend="overwritten"><gap/></del>Jeg maler ikke efter naturen &#x2013; jeg
     <lb/><add place="inBetweenLines">(Notice fra en annen tid) <date when="1908-04-11">11-4-08</date></add>
    <lb/>tar fra den &#x2013; <add place="inline">eller øser fra dens rike fat</add></p>
    <p>Jeg maler ikke det jeg ser &#x2013; men det jeg så &#x2013;
    <lb/><seg type="typographicalSpace"/>(<del rend="overstrike"><del rend="overwritten">U</del>Ytring fra omkring <date when="1890">1890</date></del></p>
    </div></div></div>
  </body>
 </text>
</TEI>
