<?xml version="1.0" encoding="UTF-8"?>
<!DOCTYPE TEI PUBLIC "-//TEI P5 MunchTEI//DTD TEI P5 Unified for Edvard Munch's Texts//EN" "file:/O:/Munchs tekster/Transkripsjoner/MunchTEI.dtd" >
<TEI xmlns="http://www.tei-c.org/ns/1.0" version="5.0" xml:id="No-MM_N0029-02">
<teiHeader>
 <fileDesc>
<titleStmt>
<title>No-MM_N0029-02.jpg</title>
</titleStmt>

<publicationStmt>
<p></p>
</publicationStmt>
<sourceDesc>
<p>2704 x 4064</p>
</sourceDesc>
 </fileDesc>
 <encodingDesc>


 
  <tagsDecl xml:id="imtAnnotationCategories"><rendition xml:id="transcription"><label>Contains the transcribed and TEI P5 encoded text of the objects</label><code rend="rectangle" lang="text/css">color: #ff0000</code></rendition><rendition xml:id="commentary"><label>Kommentarer</label><code rend="rectangle" lang="text/css">color: #00ff00</code></rendition><rendition xml:id="philologicalNotes"><label>Edisjonsfilologiske noter</label><code rend="rectangle" lang="text/css">color: #0000ff</code></rendition><rendition xml:id="textForSearch"><desc>transcriptional</desc><label>Søkbar tekst</label><code rend="rectangle" lang="text/css">color: #000000</code></rendition></tagsDecl><appInfo>
     <application ident="ImageMarkupTool01" version="1.8.1.2" notAfter="2009-03-19T09:46:49">
     <label>
     Image Markup Tool</label><desc>
     Tool for annotating images using TEI</desc><ref type="appURI" target="http://www.tapor.uvic.ca/~mholmes/image_markup/">
     </ref><ptr target="#imtAnnotatedImage"></ptr><ptr target="#imtImageAnnotations"></ptr><ptr target="#imtAnnotationCategories"></ptr></application>
     
     
     </appInfo></encodingDesc>
</teiHeader>
 <facsimile xml:id="imtAnnotatedImage"><surface><graphic url="No-MM_N0029-02.jpg" width="2704px" height="4064px"></graphic><zone xml:id="imtArea_0" rendition="transcription" ulx="224" uly="256" lrx="2536" lry="3864" rend="visible"></zone></surface></facsimile>
 <text>
  <body>
   <div xml:id="imtImageAnnotations"><div corresp="#imtArea_0" type="imtAnnotation"><head>&#x00A0;</head><div>
    <p rend="noIndent">vil et landskab gjøre 
    <lb/>en <del rend="overstrike">hv</del> vis virkning på 
     <lb/>en &#x2013; ved at fremstille 
    <lb/>dette landskab vil 
    <lb/>man komme i et 
    <lb/>billede af ens <del rend="overstrike">s</del> 
     <lb/><del rend="overwritten">st</del>egen stemning &#x2013; 
    <lb/>det er dette <del rend="overstrike"><gap/></del>denne 
    <lb/>stemning der er hovedsagen 
     <lb/>&#x2013; Naturen er blot 
     <lb/>midlet &#x2013;</p>
    <figure rend="longHorizRule"/>
    <p><del rend="overstrike">Forat opnå <gap/></del></p>
    <p>Hvorvidt billedet da 
    <lb/>ligner naturen har 
     <lb/>intet at si &#x2013;
    <lb/><del rend="overstrike">har blot</del></p>
    </div></div></div>
  </body>
 </text>
</TEI>
