<?xml version="1.0" encoding="UTF-8"?>
<!DOCTYPE TEI PUBLIC "-//TEI P5 MunchTEI//DTD TEI P5 Unified for Edvard Munch's Texts//EN" "file:/O:/Munchs tekster/Transkripsjoner/MunchTEI.dtd" >
<TEI xmlns="http://www.tei-c.org/ns/1.0" version="5.0" xml:id="No-MM_N0098-04">
<teiHeader>
 <fileDesc>
<titleStmt>
<title>No-MM_N0098-04.jpg</title>
</titleStmt>

<publicationStmt>
<p></p>
</publicationStmt>
<sourceDesc>
<p>2704 x 4064</p>
</sourceDesc>
 </fileDesc>
 <encodingDesc>


 
  <tagsDecl xml:id="imtAnnotationCategories"><rendition xml:id="transcription"><label>Contains the transcribed and TEI P5 encoded text of the objects</label><code rend="rectangle" lang="text/css">color: #ff0000</code></rendition><rendition xml:id="commentary"><label>Kommentarer</label><code rend="rectangle" lang="text/css">color: #00ff00</code></rendition><rendition xml:id="philologicalNotes"><label>Edisjonsfilologiske noter</label><code rend="rectangle" lang="text/css">color: #0000ff</code></rendition><rendition xml:id="textForSearch"><desc>transcriptional</desc><label>Søkbar tekst</label><code rend="rectangle" lang="text/css">color: #000000</code></rendition></tagsDecl><appInfo>
     <application ident="ImageMarkupTool01" version="1.8.1.3" notAfter="2009-03-30T13:35:42">
     <label>
     Image Markup Tool</label><desc>
     Tool for annotating images using TEI</desc><ref type="appURI" target="http://www.tapor.uvic.ca/~mholmes/image_markup/">
     </ref><ptr target="#imtAnnotatedImage"></ptr><ptr target="#imtImageAnnotations"></ptr><ptr target="#imtAnnotationCategories"></ptr></application>
     
     
     </appInfo></encodingDesc>
</teiHeader>
 <facsimile xml:id="imtAnnotatedImage"><surface><graphic url="No-MM_N0098-04.jpg" width="2704px" height="4064px"></graphic><zone xml:id="imtArea_0" rendition="transcription" ulx="131" uly="278" lrx="2429" lry="3893" rend="visible"></zone></surface></facsimile>
 <text>
  <body>
   <div xml:id="imtImageAnnotations"><div corresp="#imtArea_0" type="imtAnnotation"><head>&#x00A0;</head><div>
    <p>Og så skiltes de ad ved gården 
    <lb/>men han måtte ikke gå 
    <lb/>helt hjem<seg type="interpunctionalSpace"/> Han måtte være <del rend="overstrike"><gap/></del> 
    <lb/>lidt tålmodig og vente på hende 
    <lb/>i Nærheden <del rend="overstrike">hu</del> af huset så skulde 
    <lb/>hun komme strax og de skulde 
    <lb/><gap reason="writing"/> ha de så morsomt. Han <unclear>svævede</unclear> 
    <lb/><del rend="overstrike">g</del> var i den syvende himmel. 
    <lb/>Han dilled da <del rend="overstrike">h</del> tilbage igjen 
    <lb/>så <del rend="overstrike">småt</del> <del rend="overstrike">Men han kunde ikke 
    <lb/>gå</del> Han gik så <del rend="overwritten">s</del>hurtig skjønt 
    <lb/>han havde god tid. Alt dette 
    <lb/>kom så pludselig <del rend="overstrike">skjønt han 
    <lb/>ofte</del> <gap reason="scribble"/></p>
    <p>Han havde så mange gange 
    <lb/>ønsket at noget <del rend="overstrike">sådant</del> vilde 
    <lb/>hende ham og nu var det
    <lb/>virkelig <del rend="overstrike">skeet Det var</del> som
    <lb/>om han skulde <del rend="overwritten"><gap/></del>opleve noget
    <lb/>E<gap reason="writing"/> <gap reason="writing"/></p>
    <p>Han satte sig i nærheden af 
    <lb/>huset så han kunde se når hun kom 
    <lb/>og ventede. <del rend="overstrike">Han</del> <del rend="overwritten">S</del>Veiret <del rend="overstrike">blev</del> begyndte 
    <lb/>at trække over <del rend="overstrike">og</del> <del rend="overstrike">det</del> småregnede 
    <lb/>lidt og <del rend="overwritten">D</del>det blev mere kjølig 
    <lb/><del rend="overstrike">efter</del> mod aftenen. <del rend="overstrike">Han beg</del> 
    <lb/><del rend="overstrike">Han</del> Tiden drog <del rend="overstrike">lid</del> ud &#x2013; og han begyndte 
    <lb/>at fryse og han følte træthed.</p>
    
   </div></div></div>
  </body>
 </text>
</TEI>
