<?xml version="1.0" encoding="UTF-8"?>
<!DOCTYPE TEI PUBLIC "-//TEI P5 MunchTEI//DTD TEI P5 Unified for Edvard Munch's Texts//EN" "file:/O:/Munchs tekster/Transkripsjoner/MunchTEI.dtd" >
<TEI xmlns="http://www.tei-c.org/ns/1.0" version="5.0" xml:id="No-MM_N0134-00-01v">
<teiHeader>
 <fileDesc>
<titleStmt>
<title>No-MM_N0134-00-01v.jpg</title>
</titleStmt>

<publicationStmt>
<p></p>
</publicationStmt>
<sourceDesc>
<p>2704 x 4064</p>
</sourceDesc>
 </fileDesc>
 <encodingDesc>


 
  <tagsDecl xml:id="imtAnnotationCategories"><rendition xml:id="transcription"><label>Contains the transcribed and TEI P5 encoded text of the objects</label><code rend="rectangle" lang="text/css">color: #ff0000</code></rendition><rendition xml:id="commentary"><label>Kommentarer</label><code rend="rectangle" lang="text/css">color: #00ff00</code></rendition><rendition xml:id="philologicalNotes"><label>Edisjonsfilologiske noter</label><code rend="rectangle" lang="text/css">color: #0000ff</code></rendition><rendition xml:id="textForSearch"><desc>transcriptional</desc><label>Søkbar tekst</label><code rend="rectangle" lang="text/css">color: #000000</code></rendition></tagsDecl><appInfo>
     <application ident="ImageMarkupTool01" version="1.8.1.3" notAfter="2009-04-22T11:58:05">
     <label>
     Image Markup Tool</label><desc>
     Tool for annotating images using TEI</desc><ref type="appURI" target="http://www.tapor.uvic.ca/~mholmes/image_markup/">
     </ref><ptr target="#imtAnnotatedImage"></ptr><ptr target="#imtImageAnnotations"></ptr><ptr target="#imtAnnotationCategories"></ptr></application>
     
     
     </appInfo></encodingDesc>
</teiHeader>
 <facsimile xml:id="imtAnnotatedImage"><surface><graphic url="No-MM_N0134-00-01v.jpg" width="2704px" height="4064px"></graphic><zone xml:id="imtArea_0" rendition="transcription" ulx="191" uly="489" lrx="2470" lry="2815" rend="visible"></zone></surface></facsimile>
 <text>
  <body>
   <div xml:id="imtImageAnnotations"><div corresp="#imtArea_0" type="imtAnnotation"><head>&#x00A0;</head><div>
    <p>Men den længe ulmende sygdom
    <lb/>meldte sig stadig &#x2013; Forgjæves søgte han
    <lb/>helsebad i sanatorierne i <placeName key="pl152">Kösen</placeName> og <placeName key="pl179">Elgersburg</placeName>
    <lb/>og i <placeName key="pl148">Warnemünde</placeName> &#x2013; En vis bitterhed følte
    <lb/>han nok over de ustanselige forfølge<del rend="overwritten"><gap/></del>lser mot
    <lb/>hans kunst og ham personlig i hjemlannet
    <lb/>Ofte tænkte han på at slå sig ned i
    <lb/><placeName key="pl51">Tyskland</placeName> &#x2013;</p>
    <p>Tilslut efter et stærkt sammenbrud
    <lb/>måtte han lægge sig in på <orgName key="i153">Jacobsons
    <lb/>klinik</orgName> i <placeName key="pl22">Kjøbenhavn</placeName></p>
    <p>En trøst var det ham den hele tid
    <lb/>at han følte sin arbeidskraft ikke var
    <lb/>rammet &#x2013; Da han havde malt <persName key="pe226"><del rend="overwritten"><gap/></del><gap/>r. Jacobson</persName>
    <lb/>mot kunsten den er tro mot mig</p>
    </div></div></div>
  </body>
 </text>
</TEI>
