<?xml version="1.0" encoding="UTF-8"?>
<!DOCTYPE TEI PUBLIC "-//TEI P5 MunchTEI//DTD TEI P5 Unified for Edvard Munch's Texts//EN" "file:/O:/Munchs tekster/Transkripsjoner/MunchTEI.dtd" >
<TEI xmlns="http://www.tei-c.org/ns/1.0" version="5.0" xml:id="No-MM_N0077-00-03r">
<teiHeader>
 <fileDesc>
<titleStmt>
<title>No-MM_N0077-00-03r.jpg</title>
</titleStmt>

<publicationStmt>
<p></p>
</publicationStmt>
<sourceDesc>
<p>2704 x 4064</p>
</sourceDesc>
 </fileDesc>
 <encodingDesc>


 
  <tagsDecl xml:id="imtAnnotationCategories"><rendition xml:id="transcription"><label>Contains the transcribed and TEI P5 encoded text of the objects</label><code rend="rectangle" lang="text/css">color: #ff0000</code></rendition><rendition xml:id="commentary"><label>Kommentarer</label><code rend="rectangle" lang="text/css">color: #00ff00</code></rendition><rendition xml:id="philologicalNotes"><label>Edisjonsfilologiske noter</label><code rend="rectangle" lang="text/css">color: #0000ff</code></rendition><rendition xml:id="textForSearch"><desc>transcriptional</desc><label>Søkbar tekst</label><code rend="rectangle" lang="text/css">color: #000000</code></rendition></tagsDecl><appInfo>
     <application ident="ImageMarkupTool01" version="1.8.1.7" notAfter="2010-04-26T14:24:16">
     <label>
     Image Markup Tool</label><desc>
     Tool for annotating images using TEI</desc><ref type="appURI" target="http://www.tapor.uvic.ca/~mholmes/image_markup/">
     </ref><ptr target="#imtAnnotatedImage"></ptr><ptr target="#imtImageAnnotations"></ptr><ptr target="#imtAnnotationCategories"></ptr></application>
     
     
     </appInfo></encodingDesc>
</teiHeader>
 <facsimile xml:id="imtAnnotatedImage"><surface><graphic url="No-MM_N0077-00-03r.jpg" width="2704px" height="4064px"></graphic><zone xml:id="imtArea_0" rendition="transcription" ulx="104" uly="594" lrx="1417" lry="2712" rend="visible"></zone><zone xml:id="imtArea_1" rendition="transcription" ulx="1433" uly="655" lrx="2688" lry="3743" rend="visible"></zone></surface></facsimile>
 <text>
  <body>
   <div xml:id="imtImageAnnotations">
    <div corresp="#imtArea_0" type="imtAnnotation"><head>&#x00A0;</head>
     <div>
      <head><add place="margin-top" hand="EM2">II</add></head>
      <p>Jeg gik en aften utover en vei &#x2013; paa den
       <lb/>ene side laa byen og fjorden under mig.</p>
      <p>Jeg var træt og syk &#x2013; jeg stod og saa ut over
       <lb/>fjorden &#x2013; Solen gik ned &#x2013; skyene farvedes
       <lb/>røde &#x2013; som blod. &#x2013;</p>
      <p>Jeg følte som et skrik gjennem naturen &#x2013; jeg
       <lb/>syntes at høre et skrik. &#x2013;</p>
      <p>Jeg malte dette billede &#x2013; malte skyene  som
       <lb/>virkelig blod. &#x2013; Farvene skrek. &#x2013;</p>
      <p>Det blev billedet <del rend="overwritten" hand="EM2">s</del><add place="inline" hand="EM2">S</add>krik i <hi rend="underlined" hand="EM2">livsfrisen</hi>.<add place="margin-right" hand="EM2">?</add></p>
      <figure rend="shortHorizRule"/>
      <p>Da musikken en solklar vaardag kom nedover
       <lb/><placeName key="pl149">Karl Johan</placeName> &#x2013; fyldtes mit sind med fest &#x2013; Vaa-
       <lb/>ren &#x2013; lyset &#x2013; musikken &#x2013; smeltet sammen til
       <lb/><add place="margin-left" hand="EM2">Riktig <del rend="overstrike" hand="EM2">&#x2014;</del></add> en dirrende glæde <del rend="overstrike" hand="EM2"><del rend="overwritten" hand="EM2">&#x2013;</del>(</del> Musikken  farvede farvene <del rend="overstrike" hand="EM2"><del rend="overwritten" hand="EM2">&#x2013;</del>)</del></p>
      <p>Jeg malte billedet og lot farvene dirre i rytme
       <lb/><add place="margin-left" hand="EM2"><unclear><del rend="overstrike" hand="EM2">slet</del></unclear></add>efter musikken. <del rend="overstrike" hand="EM2"><del rend="overwritten" hand="EM2">&#x2013;</del>(</del> Jeg malte de farver jeg da saa. <del rend="overstrike" hand="EM2"><del rend="overwritten" hand="EM2">&#x2013;</del>)</del></p>
      <p>Jeg malte billeder efter billeder efter de ind-
       <lb/>tryk jeg i bevægede øieblikke hadde faat i mit
       <lb/>øie &#x2013; malte de linier og farver jeg hadde sit-
       <lb/>tende paa mit indre øie &#x2013; paa netthinnen &#x2013;</p>
      <p>Jeg malte da blot det jeg erindret uten at føie
       <lb/>noget til &#x2013; uten enkeltheter jeg ikke længer saa.
       <lb/>&#x2013; Derav enkeltheten ved billedene &#x2013; den til-
       <lb/>synelatende tomhet &#x2013;</p>
      <p>Jeg malte indtryk fra barnetiden &#x2013; de utvi-
       <lb/>skede farver fra den tid &#x2013;</p>
      <p>Ved at male de farver og linier og former jeg
       <lb/>i en bevæget stemning hadde set &#x2013; vilde jeg
       <lb/>atter som i en fonograf faa den bevægede stem-
       <lb/>ning til at dirre frem &#x2013;</p>
      <p>Slig opstod billedene i livsfrisen.</p>
     </div></div>
    <div corresp="#imtArea_1" type="imtAnnotation"><head>&#x00A0;</head>
     <div>
      <head><add place="margin-top" hand="EM2">I</add></head>
      <p>Det var i realismens og impressionismens tid. &#x2013;</p>
      <p>Det hændte jeg enten i en syk opreven sinds-
       <lb/>stemning eller i en glad stemning fandt et land-
       <lb/>skap jeg gjerne vilde male. &#x2013; Jeg hentet staffe-
       <lb/>liet &#x2013; stillet det op og malte billedet efter na-
       <lb/>turen. &#x2013;</p>
      <p>Det blev et godt billede &#x2013; men det blev ikke
       <lb/>det jeg vilde male. &#x2013; Jeg fik ikke malt det slik
       <lb/>jeg saa det i den syke stemning eller i den glade
       <lb/>stemning. &#x2013;</p>
      <p>&#x2013; Slik hændte ofte. &#x2013; Jeg begyndte da i et      
       <lb/>lignende tilfælde at kradse ut hvad jeg hadde
       <lb/>malt &#x2013; jeg søkte i min erindring efter det første
       <lb/>billede &#x2013; det første indtryk &#x2013; og jeg søkte at
       <lb/>faa det tilbake.</p>
      <p>Da jeg <del rend="overstrike" hand="EM2">saa først det</del><add place="supralinear" hand="EM2">for første gang så det</add> syke barn &#x2013; det bleke
       <lb/>hode med det sterkt røde haar mot den hvite
       <lb/>pute &#x2013; gav det mig et indtryk som under ar-
       <lb/>beidet forsvandt. &#x2013;</p>
      <p>Jeg fik et godt men annet billede frem paa
       <lb/>lærredet. &#x2013;  Billedet malte jeg <del rend="overstrike" hand="EM2">de</del><add place="margin-right" hand="EM2">ut</add> mangfoldige
       <lb/>gange om i løpet av et aar &#x2013; kradset det ut &#x2013;
       <lb/>lot det flyte ut i malermidlet &#x2013; og forsøkte attter 
       <lb/>og atter at faa det første indtryk &#x2013; den gjennem-
       <lb/>siktige &#x2013; bleke hud mot lærredet &#x2013; den skjæl-
       <lb/>vende mund &#x2013; de skjælvende hænder. &#x2013;</p>
      <p>&#x2013; Jeg holdt saa <del rend="overstrike" hand="EM2">endel</del><add place="margin-right" hand="EM2">endelig</add> op, uttrættet. &#x2013; Jeg
       <lb/>hadde opnaadd <del rend="overstrike" hand="EM2">&#x2013;</del> meget av det første indtryk <del rend="overstrike" hand="EM2">&#x2013;</del>
       <lb/>den skjælvende mund &#x2013; den gjennemsiktige hud
       <lb/>&#x2013; de trætte øine &#x2013; men billedet var ikke ferdig
       <lb/>i farven &#x2013; den var blek graa. Billedet var da
       <lb/>tungt som bly. &#x2013;</p>
      <p>Jeg tok det atter op to aar senere &#x2013; da fikk
       <lb/>jeg mer av den stærke farve jeg hadde villet gi
       <lb/>det. &#x2013; Jeg malte 3 forskjellige. &#x2013; Disse er alle
       <lb/><del rend="overstrike" hand="EM2">forskjellige</del><add place="margin-right" hand="EM2">ulig hverandre</add> og gir hver sit bidrag til at faa frem
       <lb/>det jeg følte ved det første indtryk.</p>
      <p><del rend="overstrike" hand="EM2"><add place="margin-bot" hand="EM2">&#x2013; Dette lettet</add></del></p>
      <p><del rend="overstrike" hand="EM2"><add place="margin-bot" hand="EM2">Det s<gap reason="writing"/>g</add></del></p>
      <p><add place="margin-bot" hand="EM2">I Vår &#x2013; den syge pike og
       <lb/>moren ud det åbne <del rend="overstrike" hand="EM2">billede</del> vindue
       <lb/>mot gaden i sol <del rend="overstrike" hand="EM2"><unclear>var</unclear> <gap/></del>
       <lb/>tog jeg afsked med impresionismen
       <lb/>og realismen &#x2013;</add></p>
      <p><add place="margin-bot" hand="EM2">Det syke barn trår jeg
       <lb/>nye veie &#x2013; <del rend="overstrike" hand="EM2">og</del> det var
       <lb/>det nye gjennembrud til
       <lb/>nye øyne &#x2013; i min kunst
       <lb/>der meget af hva jeg senere
       <lb/>har gjort kan &#x2013; ses <unclear reason="writing">fødet</unclear> i
       <lb/>dette billedet</add></p>
     </div></div></div>
  </body>
 </text>
</TEI>