<?xml version="1.0" encoding="UTF-8"?>
<!DOCTYPE TEI PUBLIC "-//TEI P5 MunchTEI//DTD TEI P5 Unified for Edvard Munch's Texts//EN" "file:/O:/Munchs tekster/Transkripsjoner/MunchTEI.dtd" >
<TEI xmlns="http://www.tei-c.org/ns/1.0" version="5.0" xml:id="No-MM_N0094-02">
<teiHeader>
 <fileDesc>
<titleStmt>
<title>No-MM_N0094-02.jpg</title>
</titleStmt>

<publicationStmt>
<p></p>
</publicationStmt>
<sourceDesc>
<p>2704 x 4064</p>
</sourceDesc>
 </fileDesc>
 <encodingDesc>


 
  <tagsDecl xml:id="imtAnnotationCategories"><rendition xml:id="transcription"><label>Contains the transcribed and TEI P5 encoded text of the objects</label><code rend="rectangle" lang="text/css">color: #ff0000</code></rendition><rendition xml:id="commentary"><label>Kommentarer</label><code rend="rectangle" lang="text/css">color: #00ff00</code></rendition><rendition xml:id="philologicalNotes"><label>Edisjonsfilologiske noter</label><code rend="rectangle" lang="text/css">color: #0000ff</code></rendition><rendition xml:id="textForSearch"><desc>transcriptional</desc><label>Søkbar tekst</label><code rend="rectangle" lang="text/css">color: #000000</code></rendition></tagsDecl><appInfo>
     <application ident="ImageMarkupTool01" version="1.8.1.3" notAfter="2009-03-27T14:45:45">
     <label>
     Image Markup Tool</label><desc>
     Tool for annotating images using TEI</desc><ref type="appURI" target="http://www.tapor.uvic.ca/~mholmes/image_markup/">
     </ref><ptr target="#imtAnnotatedImage"></ptr><ptr target="#imtImageAnnotations"></ptr><ptr target="#imtAnnotationCategories"></ptr></application>
     
     
     </appInfo></encodingDesc>
</teiHeader>
 <facsimile xml:id="imtAnnotatedImage"><surface><graphic url="No-MM_N0094-02.jpg" width="2704px" height="4064px"></graphic><zone xml:id="imtArea_0" rendition="transcription" ulx="370" uly="306" lrx="2609" lry="3801" rend="visible"></zone></surface></facsimile>
 <text>
  <body>
   <div xml:id="imtImageAnnotations"><div corresp="#imtArea_0" type="imtAnnotation"><head>&#x00A0;</head><div>
    <p rend="noIndent">stanser foran et billede hvor 
    <lb/>en <gap reason="writing"/> og en blunder efter 
    <lb/>e<del rend="overwritten">t</del>n vågenat sidder fint 
    <lb/>pudset. Moder med elegant opsat 
    <lb/>hår uden en buste samt <add place="inline">en</add>
    <lb/>fader<del rend="overstrike">en</del> <del rend="overwritten"><gap/></del>der har <unclear reason="writing">stillet</unclear> sig op 
    <lb/>i en passende belysning med 
    <lb/>manchetter uden <unclear reason="writing">flek</unclear> og 
    <lb/><unclear reason="writing">lyte</unclear>, Det syge barn
    <lb/><del rend="overstrike">paa</del> har pent og stille 
    <lb/>lagt syg den <del rend="overstrike"><gap/></del> den 
    <lb/>hele nat og sovet model 
    <lb/>og <del rend="overstrike">været</del> som et snildt barn
    <lb/><del rend="overstrike"><unclear>bare</unclear> ikke</del></p>
    <p>Maleren har aldrig 
    <lb/>seet dette ialfald har 
    <lb/>han slet ikke <del rend="overstrike">seet</del> <gap reason="scribble"/> malt 
    <lb/>det som han har seet 
    <lb/>det,</p>
    </div></div></div>
  </body>
 </text>
</TEI>
