<?xml version="1.0" encoding="UTF-8"?>
<!DOCTYPE TEI PUBLIC "-//TEI P5 MunchTEI//DTD TEI P5 Unified for Edvard Munch's Texts//EN" "file:/O:/Munchs tekster/Transkripsjoner/MunchTEI.dtd" >
<TEI xmlns="http://www.tei-c.org/ns/1.0" version="5.0" xml:id="No-MM_N0027-00-01r">
<teiHeader>
 <fileDesc>
<titleStmt>
<title>No-MM_N0027-00-01r.jpg</title>
</titleStmt>

<publicationStmt>
<p></p>
</publicationStmt>
<sourceDesc>
<p>2704 x 4064</p>
</sourceDesc>
 </fileDesc>
 <encodingDesc>


 
  <tagsDecl xml:id="imtAnnotationCategories"><rendition xml:id="transcription"><label>Contains the transcribed and TEI P5 encoded text of the objects</label><code rend="rectangle" lang="text/css">color: #ff0000</code></rendition><rendition xml:id="commentary"><label>Kommentarer</label><code rend="rectangle" lang="text/css">color: #00ff00</code></rendition><rendition xml:id="philologicalNotes"><label>Edisjonsfilologiske noter</label><code rend="rectangle" lang="text/css">color: #0000ff</code></rendition><rendition xml:id="textForSearch"><desc>transcriptional</desc><label>Søkbar tekst</label><code rend="rectangle" lang="text/css">color: #000000</code></rendition></tagsDecl><appInfo>
     <application ident="ImageMarkupTool01" version="1.8.1.2" notAfter="2009-03-18T16:32:52">
     <label>
     Image Markup Tool</label><desc>
     Tool for annotating images using TEI</desc><ref type="appURI" target="http://www.tapor.uvic.ca/~mholmes/image_markup/">
     </ref><ptr target="#imtAnnotatedImage"></ptr><ptr target="#imtImageAnnotations"></ptr><ptr target="#imtAnnotationCategories"></ptr></application>
     
     
     </appInfo></encodingDesc>
</teiHeader>
 <facsimile xml:id="imtAnnotatedImage"><surface><graphic url="No-MM_N0027-00-01r.jpg" width="2704px" height="4064px"></graphic><zone xml:id="imtArea_0" rendition="transcription" ulx="228" uly="416" lrx="2424" lry="3804" rend="visible"></zone></surface></facsimile>
 <text>
  <body>
   <div xml:id="imtImageAnnotations"><div corresp="#imtArea_0" type="imtAnnotation"><head>&#x00A0;</head><div>
    <head rend="extraAir">Mellem de døde</head>
    <p>Det var i lighuset</p>
    <p>Midt imod den gulagtige 
    <lb/>Kristusfigur af gibs med udbredte 
    <lb/>velsignende Hænder<seg type="interpunctionalSpace"/>stod kisten
    <lb/><del rend="overstrike">Man så blot den dødes ansigt 
    <lb/>An<gap/></del> Den dødes ansigt var afdækket 
    <lb/><del rend="overstrike">Der lå</del> <del rend="overstrike">Det lå der grå gult mod</del> 
    <lb/><del rend="overstrike">det</del> Det gamle <del rend="overstrike">grå</del> <add place="supralinear"><unclear reason="writing">deilige</unclear></add> hoved med
    <lb/>de <del rend="overstrike">grå</del> næsten hvide hår lå 
    <lb/><del rend="overstrike">der midt i kisten</del> grå gult 
    <lb/>mod de skinnende blåhvide 
    <lb/>lagen.</p>
    <p><add place="inBetweenLines">Der var en <del rend="overstrike">voldsom</del> mægtig alvor 
    <lb/>over dette gamle hoved <del rend="overstrike">m</del></add>
    <lb/><del rend="overstrike">Munden fast tillukket<seg type="interpunctionalSpace"/>bare en krop</del></p>
    <p>Øinene <del rend="overstrike">fast tillukket</del> <del rend="overstrike">slu</del> 
    <lb/><del rend="overstrike">fast</del> tillukked den svære pande</p> 
    <p><del rend="overstrike">Der <gap/></del> hvorfra hårene så sirlig 
    <lb/>var strøget tilside den lige <unclear reason="writing">skårne</unclear> Næse 
    <lb/>og den fast sluttede mund der ligesom 
    <lb/>lukkede for en stor gåde</p>
    </div></div></div>
  </body>
 </text>
</TEI>
