<?xml version="1.0" encoding="UTF-8"?>
<!DOCTYPE TEI PUBLIC "-//TEI P5 MunchTEI//DTD TEI P5 Unified for Edvard Munch's Texts//EN" "file:/O:/Munchs tekster/Transkripsjoner/MunchTEI.dtd" >
<TEI xmlns="http://www.tei-c.org/ns/1.0" version="5.0" xml:id="No-MM_N0030-00-01r">
<teiHeader>
 <fileDesc>
<titleStmt>
<title>No-MM_N0030-00-01r.jpg</title>
</titleStmt>

<publicationStmt>
<p></p>
</publicationStmt>
<sourceDesc>
<p>2704 x 4064</p>
</sourceDesc>
 </fileDesc>
 <encodingDesc>


 
  <tagsDecl xml:id="imtAnnotationCategories"><rendition xml:id="transcription"><label>Contains the transcribed and TEI P5 encoded text of the objects</label><code rend="rectangle" lang="text/css">color: #ff0000</code></rendition><rendition xml:id="commentary"><label>Kommentarer</label><code rend="rectangle" lang="text/css">color: #00ff00</code></rendition><rendition xml:id="philologicalNotes"><label>Edisjonsfilologiske noter</label><code rend="rectangle" lang="text/css">color: #0000ff</code></rendition><rendition xml:id="textForSearch"><desc>transcriptional</desc><label>Søkbar tekst</label><code rend="rectangle" lang="text/css">color: #000000</code></rendition></tagsDecl><appInfo>
     <application ident="ImageMarkupTool01" version="1.8.1.2" notAfter="2009-03-19T10:05:33">
     <label>
     Image Markup Tool</label><desc>
     Tool for annotating images using TEI</desc><ref type="appURI" target="http://www.tapor.uvic.ca/~mholmes/image_markup/">
     </ref><ptr target="#imtAnnotatedImage"></ptr><ptr target="#imtImageAnnotations"></ptr><ptr target="#imtAnnotationCategories"></ptr></application>
     
     
     </appInfo></encodingDesc>
</teiHeader>
 <facsimile xml:id="imtAnnotatedImage"><surface><graphic url="No-MM_N0030-00-01r.jpg" width="2704px" height="4064px"></graphic><zone xml:id="imtArea_0" rendition="transcription" ulx="312" uly="376" lrx="2516" lry="3736" rend="visible"></zone></surface></facsimile>
 <text>
  <body>
   <div xml:id="imtImageAnnotations"><div corresp="#imtArea_0" type="imtAnnotation"><head>&#x00A0;</head><div>
    <p>Disse billeder er <del rend="overstrike">Billeder</del> stemninger
    <lb/>impressioner af Sjælelivet der 
    <lb/>sammen danner en Udvikling 
    <lb/>i den Kamp mellem Mand 
    <lb/>og Kvinde der kaldes Kjærlighed &#x2013; 
    <lb/>&#x2013; Fra dens Begyndelse hvor den 
    <lb/>næsten avvises <add place="supralinear">(<ref type="lemma" target="co209">3 st</ref>)</add> &#x2013; derefter Billedet No &#x2013; 
    <lb/>Kys &#x2013;<seg type="interpunctionalSpace"/>Kjærlighed og Smerte 
    <lb/>&#x2013; hvor Kampen <add place="supralinear">sådan er</add> Begynd<del rend="overwritten">er</del>t &#x2013;</p>
    <p><gap reason="scribble"/> Billedet No &#x2013; Kvinden der gir sig 
    <lb/>hen &#x2013; og får en Madonnas smertelige 
    <lb/><del rend="overwritten"><gap/></del>Skjønhed &#x2013;</p>
    <p><del rend="overwritten"><gap/></del><gap/> <del rend="overstrike"><gap/></del> Mystik<del rend="overwritten"><gap/></del>en er fra 
    <lb/>en <unclear reason="writing">hel</unclear> Udvikli<del rend="overwritten"><gap/></del>ng samlet i et 
    <lb/>&#x2013; <del rend="overstrike"><del rend="overwritten"><gap/></del>Da billedet</del> <del rend="overwritten">D</del>Kvinden <del rend="overwritten"><gap/></del>der i<del rend="overstrike">s</del> 
    <lb/>sin <del rend="overstrike"><gap/></del> Fjorskjelligartethed er 
    <lb/>er for Manden et Mysterium &#x2013;
    <lb/>Kvinden der på engang er Helgen
    <lb/>&#x2013; Hore og en ulykkelig hengiven</p>
    </div></div></div>
  </body>
 </text>
</TEI>