<?xml version="1.0" encoding="UTF-8"?>
<!DOCTYPE TEI PUBLIC "-//TEI P5 MunchTEI//DTD TEI P5 Unified for Edvard Munch's Texts//EN" "file:/O:/Munchs tekster/Transkripsjoner/MunchTEI.dtd" >
<TEI xmlns="http://www.tei-c.org/ns/1.0" version="5.0" xml:id="No-MM_N0066-00-01r">
<teiHeader>
 <fileDesc>
<titleStmt>
<title>No-MM_N0066-00-01r.jpg</title>
</titleStmt>

<publicationStmt>
<p></p>
</publicationStmt>
<sourceDesc>
<p>2704 x 4064</p>
</sourceDesc>
 </fileDesc>
 <encodingDesc>


 
  <tagsDecl xml:id="imtAnnotationCategories"><rendition xml:id="transcription"><label>Contains the transcribed and TEI P5 encoded text of the objects</label><code rend="rectangle" lang="text/css">color: #ff0000</code></rendition><rendition xml:id="commentary"><label>Kommentarer</label><code rend="rectangle" lang="text/css">color: #00ff00</code></rendition><rendition xml:id="philologicalNotes"><label>Edisjonsfilologiske noter</label><code rend="rectangle" lang="text/css">color: #0000ff</code></rendition><rendition xml:id="textForSearch"><desc>transcriptional</desc><label>Søkbar tekst</label><code rend="rectangle" lang="text/css">color: #000000</code></rendition></tagsDecl><appInfo>
     <application ident="ImageMarkupTool01" version="1.8.1.3" notAfter="2009-03-25T11:44:10">
     <label>
     Image Markup Tool</label><desc>
     Tool for annotating images using TEI</desc><ref type="appURI" target="http://www.tapor.uvic.ca/~mholmes/image_markup/">
     </ref><ptr target="#imtAnnotatedImage"></ptr><ptr target="#imtImageAnnotations"></ptr><ptr target="#imtAnnotationCategories"></ptr></application>
     
     
     </appInfo></encodingDesc>
</teiHeader>
 <facsimile xml:id="imtAnnotatedImage"><surface><graphic url="No-MM_N0066-00-01r.jpg" width="2704px" height="4064px"></graphic><zone xml:id="imtArea_0" rendition="transcription" ulx="207" uly="604" lrx="2509" lry="2529" rend="visible"></zone><zone xml:id="imtArea_1" rendition="transcription" ulx="267" uly="2569" lrx="2247" lry="3121" rend="visible"></zone></surface></facsimile>
 <text>
  <body>
   <div xml:id="imtImageAnnotations"><div corresp="#imtArea_0" type="imtAnnotation"><head>&#x00A0;</head><div>
    <p>Kulturens flamme dør og lever op et 
    <lb/>annet sted &#x2013; Fra <placeName key="pl156">østens</placeName> riker tændtes gnisten 
    <lb/>over jødeland &#x2013; <placeName key="pl157">Ægypten</placeName> <placeName key="pl159">Grækenland</placeName>, <placeName key="pl131">Rom</placeName> 
    <lb/><placeName key="pl100">Europa</placeName> &#x2013; Tændtes og sluktes for at tændes og 
    <lb/>leve på nyt &#x2013;</p>
    <p>Nar sluknes flammen i <placeName key="pl100">Europa</placeName> forat tændes 
    <lb/>et annet sted &#x2013; til <placeName key="pl159">vesten</placeName> &#x2013; i <placeName key="pl52">Amerika</placeName>? Vil gnisten 
    <lb/><del rend="overstrike">For</del> i <placeName key="pl52">Amerika</placeName> at leve og dø &#x2013; <del rend="overwritten"><gap/></del>og tændes atter 
    <lb/>i <placeName key="pl156">østens</placeName> riker &#x2013; den evige rundgang &#x2013;</p>
    <p><placeName key="pl159">Grækenland</placeName> &#x2013; <placeName key="pl131">Rom</placeName> &#x2013;</p>
    <p><placeName key="pl100">Europa</placeName> <placeName key="pl52">Amerika</placeName> &#x2013;</p>
    <p rend="noIndent"><del rend="overstrike">A</del> <placeName key="pl159">Grækenland</placeName> gav <del rend="overstrike">sin sjæl til</del> <placeName key="pl131">Rom</placeName> forbløder 
    <lb/>i inbyrdes kamper &#x2013; sin sjæl til <placeName key="pl131">Rom</placeName> &#x2013;
    <lb/>&#x2013; Vil <placeName key="pl100">Europa</placeName> gjøre lignende til <placeName key="pl52">Amerika</placeName> &#x2013;? 
    <lb/>De europæiske forenede stater vil <del rend="overstrike">udsætte</del>
    <lb/><del rend="overstrike">det</del> kunne forhale det der vel engang må 
    <lb/>komme</p>
    
   </div></div><div corresp="#imtArea_1" type="imtAnnotation"><head>&#x00A0;</head><div>
    <p><handShift new="EM2"/>Op af askeurnen <del rend="overstrike">stiger op</del> <gap reason="scribble"/>
    <lb/>måtte stige op <placeName key="pl100">Europas</placeName> <add place="supralinear">sjæl</add> &#x2013; forenede stater
    <lb/>D<del rend="overwritten"><gap/></del>ød og liv &#x2013;</p>
    </div></div></div>
  </body>
 </text>
</TEI>
