<?xml version="1.0" encoding="UTF-8"?>
<!DOCTYPE TEI PUBLIC "-//TEI P5 MunchTEI//DTD TEI P5 Unified for Edvard Munch's Texts//EN" "file:/O:/Munchs tekster/Transkripsjoner/MunchTEI.dtd" >
<TEI xmlns="http://www.tei-c.org/ns/1.0" version="5.0" xml:id="No-MM_N0013-00-01r">
<teiHeader>
 <fileDesc>
<titleStmt>
<title>No-MM_N0013-00-01r.jpg</title>
</titleStmt>

<publicationStmt>
<p></p>
</publicationStmt>
<sourceDesc>
<p>2704 x 4064</p>
</sourceDesc>
 </fileDesc>
 <encodingDesc>


 
  <tagsDecl xml:id="imtAnnotationCategories"><rendition xml:id="transcription"><label>Contains the transcribed and TEI P5 encoded text of the objects</label><code rend="rectangle" lang="text/css">color: #ff0000</code></rendition><rendition xml:id="commentary"><label>Kommentarer</label><code rend="rectangle" lang="text/css">color: #00ff00</code></rendition><rendition xml:id="philologicalNotes"><label>Edisjonsfilologiske noter</label><code rend="rectangle" lang="text/css">color: #0000ff</code></rendition><rendition xml:id="textForSearch"><desc>transcriptional</desc><label>Søkbar tekst</label><code rend="rectangle" lang="text/css">color: #000000</code></rendition></tagsDecl><appInfo>
     <application ident="ImageMarkupTool01" version="1.8.1.2" notAfter="2009-03-16T09:32:57">
     <label>
     Image Markup Tool</label><desc>
     Tool for annotating images using TEI</desc><ref type="appURI" target="http://www.tapor.uvic.ca/~mholmes/image_markup/">
     </ref><ptr target="#imtAnnotatedImage"></ptr><ptr target="#imtImageAnnotations"></ptr><ptr target="#imtAnnotationCategories"></ptr></application>
     
     
     </appInfo></encodingDesc>
</teiHeader>
 <facsimile xml:id="imtAnnotatedImage"><surface><graphic url="No-MM_N0013-00-01r.jpg" width="2704px" height="4064px"></graphic><zone xml:id="imtArea_0" rendition="transcription" ulx="240" uly="332" lrx="2492" lry="3692" rend="visible"></zone></surface></facsimile>
 <text>
  <body>
   <div xml:id="imtImageAnnotations"><div corresp="#imtArea_0" type="imtAnnotation"><head>&#x00A0;</head><div>
    <p rend="noIndent">se <del rend="overstrike">v</del> <del rend="overstrike">hvor</del> alle de <del rend="overstrike">rare</del> 
    <lb/>hoderne som kikker fra samme 
     <lb/>kant &#x2013;</p>
    <p>Nu flyer <del rend="overwritten"><gap/></del>det en øie ud 
    <lb/>af hodet på den gamle herre 
    <lb/>Og fik igjen et latterafald 
     <lb/>&#x2013; jeg hørte <del rend="overstrike">latte</del> min egen latter 
    <lb/>lang tid efter ringe i ørene 
     <lb/>mine &#x2013; <del rend="overstrike">det</del></p>
    <p>Endnu et glas <del rend="overstrike"><ref type="lemma" target="co78">Jean</ref></del> 
     <lb/>&#x2013; <del rend="overstrike">høy s</del> <ref type="lemma" target="co78">Jean</ref> &#x2013; <ref type="lemma" target="co78">Jean</ref> <del rend="overwritten">var</del><add place="inline">hørte ikke, var</add> 
    <lb/>i perlehumør og ivrig optat med 
    <lb/>kokotten.</p>
    <p>Hun er ikke værst alligevel 
    <lb/><del rend="overstrike">sa jeg til <persName key="pe188">Hertzberg</persName></del> hun 
     <lb/>har deilige blanke øine &#x2013;
    <lb/><add place="inBetweenLines">og så gla hun ser ud</add>
    <lb/>Du <persName key="pe188">Hertzberg</persName> jeg har 
    <lb/>pludselig fåt sån lyst til 
    <lb/>at drikke mig ful og ta 
    <lb/>hende med mig hjem det 
    <lb/>er så trist og være alene</p>
    </div></div></div>
  </body>
 </text>
</TEI>
