<?xml version="1.0" encoding="UTF-8"?>
<!DOCTYPE TEI PUBLIC "-//TEI P5 MunchTEI//DTD TEI P5 Unified for Edvard Munch's Texts//EN" "file:/O:/Munchs tekster/Transkripsjoner/MunchTEI.dtd" >
<TEI xmlns="http://www.tei-c.org/ns/1.0" version="5.0" xml:id="No-MM_N0053-00-02r">
<teiHeader>
 <fileDesc>
<titleStmt>
<title>No-MM_N0053-00-02r.jpg</title>
</titleStmt>

<publicationStmt>
<p></p>
</publicationStmt>
<sourceDesc>
<p>2704 x 4064</p>
</sourceDesc>
 </fileDesc>
 <encodingDesc>


 
  <tagsDecl xml:id="imtAnnotationCategories"><rendition xml:id="transcription"><label>Contains the transcribed and TEI P5 encoded text of the objects</label><code rend="rectangle" lang="text/css">color: #ff0000</code></rendition><rendition xml:id="commentary"><label>Kommentarer</label><code rend="rectangle" lang="text/css">color: #00ff00</code></rendition><rendition xml:id="philologicalNotes"><label>Edisjonsfilologiske noter</label><code rend="rectangle" lang="text/css">color: #0000ff</code></rendition><rendition xml:id="textForSearch"><desc>transcriptional</desc><label>Søkbar tekst</label><code rend="rectangle" lang="text/css">color: #000000</code></rendition></tagsDecl><appInfo>
     <application ident="ImageMarkupTool01" version="1.8.1.3" notAfter="2009-03-24T08:52:09">
     <label>
     Image Markup Tool</label><desc>
     Tool for annotating images using TEI</desc><ref type="appURI" target="http://www.tapor.uvic.ca/~mholmes/image_markup/">
     </ref><ptr target="#imtAnnotatedImage"></ptr><ptr target="#imtImageAnnotations"></ptr><ptr target="#imtAnnotationCategories"></ptr></application>
     
     
     </appInfo></encodingDesc>
</teiHeader>
 <facsimile xml:id="imtAnnotatedImage"><surface><graphic url="No-MM_N0053-00-02r.jpg" width="2704px" height="4064px"></graphic><zone xml:id="imtArea_0" rendition="transcription" ulx="211" uly="565" lrx="2609" lry="3480" rend="visible"></zone></surface></facsimile>
 <text>
  <body>
   <div xml:id="imtImageAnnotations"><div corresp="#imtArea_0" type="imtAnnotation"><head>&#x00A0;</head><div>
    <p rend="noIndent">Det er osså utroligt naivt &#x2013; De har 
    <lb/>holdt frem at fresko er den virkelige 
    <lb/><del rend="overstrike">monu</del> monumentalkunst &#x2013; Men da 
    <lb/>Deres høvding <persName key="pe803">Sørensen</persName> ikke maler 
    <lb/>fresko har de funnet på <del rend="overstrike">f</del> den naive 
    <lb/>løsning at <persName key="pe803">Sørensen</persName> blot lar sine 
    <lb/>undergivne male fresko. <del rend="overwritten"><gap/></del>Han er monumental 
    <lb/>kunstens skaber her og fører og maler i olie.</p>
    <p>I artikkelen forekommer følgende 
    <lb/>frække påstand: <persName key="pe627">Munchs</persName> <ref type="lemma" target="co2">Aulabilder</ref> 
    <lb/>måtte for noen år siden restaureres.
    <lb/>Dette er løgn &#x2013; Billederne er renset 
    <lb/>for sot og ferniseret &#x2013; Dette lar jeg 
    <lb/>mig ikke nøie med men sender 
    <lb/>en protest mot dette forsøg på 
    <lb/>at gjøre mit arbeid problematisk 
    <lb/>og lidet alvorligt <del rend="overstrike">med</del> og skade mig i <placeName key="pl51">Tyskland</placeName></p>
    <p>Ja skriv når De kan komme 
    <lb/>Hvordan går det med <gap reason="writing"/></p>
    </div></div></div>
  </body>
 </text>
</TEI>
