<?xml version="1.0" encoding="UTF-8"?>
<!DOCTYPE TEI PUBLIC "-//TEI P5 MunchTEI//DTD TEI P5 Unified for Edvard Munch's Texts//EN" "file:/O:/Munchs tekster/Transkripsjoner/MunchTEI.dtd" >
<TEI xmlns="http://www.tei-c.org/ns/1.0" version="5.0" xml:id="No-MM_N0109-03">
<teiHeader>
 <fileDesc>
<titleStmt>
<title>No-MM_N0109-03.jpg</title>
</titleStmt>

<publicationStmt>
<p></p>
</publicationStmt>
<sourceDesc>
<p>2704 x 4064</p>
</sourceDesc>
 </fileDesc>
 <encodingDesc>


 
  <tagsDecl xml:id="imtAnnotationCategories"><rendition xml:id="transcription"><label>Contains the transcribed and TEI P5 encoded text of the objects</label><code rend="rectangle" lang="text/css">color: #ff0000</code></rendition><rendition xml:id="commentary"><label>Kommentarer</label><code rend="rectangle" lang="text/css">color: #00ff00</code></rendition><rendition xml:id="philologicalNotes"><label>Edisjonsfilologiske noter</label><code rend="rectangle" lang="text/css">color: #0000ff</code></rendition><rendition xml:id="textForSearch"><desc>transcriptional</desc><label>Søkbar tekst</label><code rend="rectangle" lang="text/css">color: #000000</code></rendition></tagsDecl><appInfo>
     <application ident="ImageMarkupTool01" version="1.8.1.3" notAfter="2009-04-03T14:15:16">
     <label>
     Image Markup Tool</label><desc>
     Tool for annotating images using TEI</desc><ref type="appURI" target="http://www.tapor.uvic.ca/~mholmes/image_markup/">
     </ref><ptr target="#imtAnnotatedImage"></ptr><ptr target="#imtImageAnnotations"></ptr><ptr target="#imtAnnotationCategories"></ptr></application>
     
     
     </appInfo></encodingDesc>
</teiHeader>
 <facsimile xml:id="imtAnnotatedImage"><surface><graphic url="No-MM_N0109-03.jpg" width="2704px" height="4064px"></graphic><zone xml:id="imtArea_0" rendition="transcription" ulx="103" uly="239" lrx="2584" lry="3937" rend="visible"></zone></surface></facsimile>
 <text>
  <body>
   <div xml:id="imtImageAnnotations"><div corresp="#imtArea_0" type="imtAnnotation"><head>&#x00A0;</head><div>
    <p rend="noIndent">dens <del rend="overwritten"><gap/></del>fine linier og himmelens
    <lb/>hvite skyer</p>
    <p>Den så sig om med milde øine
    <lb/>Jeg strakte hænderne ut &#x2013;
    <lb/>Den nærmet sig sagte &#x2013; til
    <lb/>jeg syntes jeg kunde ta den
    <lb/>trykke dens hvite bryst til mit &#x2013;
    <lb/>hvile mit trætte hode til dens bløde dun
    <lb/>&#x2013; Så <del rend="overstrike">ble</del> kom den ikke længer &#x2013; <gap reason="writing"/>
    <lb/>vandet var dyndet omkring mig &#x2013;
    <lb/>og jeg skimtet mit ansikt i
    <lb/>dyndet &#x2013; det var forfærdeligt blekt</p>
    <p>&#x2013; Svan<del rend="overwritten"><gap/></del>en skræmtes &#x2013;</p>
    <p><del rend="diagonalOverstrike" hand="EM2"><del rend="overstrike" hand="EM2">Jeg hørte et skrik &#x2013; og jeg
    <lb/>vidste jeg havde skreket &#x2013;</del></del></p>
    <p><del rend="diagonalOverstrike" hand="EM2">Svan<del rend="overwritten"><gap/></del>en var langt borte &#x2013; <del rend="overstrike" hand="EM2">gled
    <lb/>på den blanke <del rend="overwritten"><gap/></del>flade der speilede
    <lb/>dens fine linjer og himmelens hvite</del>
    <lb/><del rend="overwritten">skyer</del><add place="inBetweenLines" hand="EM2">der hvor vandet speilede
    <lb/>himmelens hvite skyer</add></del></p>
    </div></div></div>
  </body>
 </text>
</TEI>
