<?xml version="1.0" encoding="UTF-8"?>
<!DOCTYPE TEI PUBLIC "-//TEI P5 MunchTEI//DTD TEI P5 Unified for Edvard Munch's Texts//EN" "file:/O:/Munchs tekster/Transkripsjoner/MunchTEI.dtd" >
<TEI xmlns="http://www.tei-c.org/ns/1.0" version="5.0" xml:id="No-MM_N0075-00-01r">
<teiHeader>
 <fileDesc>
<titleStmt>
<title>No-MM_N0075-00-01r.jpg</title>
</titleStmt>

<publicationStmt>
<p></p>
</publicationStmt>
<sourceDesc>
<p>2704 x 4064</p>
</sourceDesc>
 </fileDesc>
 <encodingDesc>


 
  <tagsDecl xml:id="imtAnnotationCategories"><rendition xml:id="transcription"><label>Contains the transcribed and TEI P5 encoded text of the objects</label><code rend="rectangle" lang="text/css">color: #ff0000</code></rendition><rendition xml:id="commentary"><label>Kommentarer</label><code rend="rectangle" lang="text/css">color: #00ff00</code></rendition><rendition xml:id="philologicalNotes"><label>Edisjonsfilologiske noter</label><code rend="rectangle" lang="text/css">color: #0000ff</code></rendition><rendition xml:id="textForSearch"><desc>transcriptional</desc><label>Søkbar tekst</label><code rend="rectangle" lang="text/css">color: #000000</code></rendition></tagsDecl><appInfo>
     <application ident="ImageMarkupTool01" version="1.8.1.3" notAfter="2009-03-26T11:05:09">
     <label>
     Image Markup Tool</label><desc>
     Tool for annotating images using TEI</desc><ref type="appURI" target="http://www.tapor.uvic.ca/~mholmes/image_markup/">
     </ref><ptr target="#imtAnnotatedImage"></ptr><ptr target="#imtImageAnnotations"></ptr><ptr target="#imtAnnotationCategories"></ptr></application>
     
     
     </appInfo></encodingDesc>
</teiHeader>
 <facsimile xml:id="imtAnnotatedImage"><surface><graphic url="No-MM_N0075-00-01r.jpg" width="2704px" height="4064px"></graphic><zone xml:id="imtArea_0" rendition="transcription" ulx="203" uly="298" lrx="2513" lry="3201" rend="visible"></zone></surface></facsimile>
 <text>
  <body>
   <div xml:id="imtImageAnnotations"><div corresp="#imtArea_0" type="imtAnnotation"><head>&#x00A0;</head><div>
    <p>Jeg havde udført stolen med 
    <lb/>glasset for meget det afledet fra 
     <lb/>hodet &#x2013; Da jeg først <del rend="overstrike">fik</del> så billedet 
    <lb/>skimtede jeg blot glasset og 
     <lb/>omgivelserne &#x2013; Skulde jeg ta det 
     <lb/>helt bort? &#x2013; nei <del rend="overstrike">disse</del> det virket 
    <lb/><del rend="overwritten"><gap/></del>til at fordybe og fremhæve hovedet</p> 
    <p>&#x2013; Jeg skrabte omgivelserne halvt
     <lb/>ud og lod alt stå i masser &#x2013; <del rend="overwritten"><gap/></del>man
    <lb/><del rend="overwritten">og</del>så <del rend="overstrike"><gap/></del> over bordet og glasset</p>
    <p>Jeg opdaget osså at mine 
    <lb/>egne øienhår havde virket 
     <lb/>med til <del rend="overstrike">virke</del> billedets intrykket &#x2013;</p>
    <p>&#x2013; Jeg antyde<del rend="overwritten">r</del>t dem derfor som 
     <lb/>skygger over billedet &#x2013; Hodet 
     <lb/>blev på en måte billedet &#x2013; Der 
    <lb/>kom frem bølgelinier i billedet
     <lb/>&#x2013; periferier &#x2013; med hodet som 
     <lb/>centrum &#x2013; Disse bølgelinier <del rend="overstrike">b<gap/></del> 
    <lb/>benyttede jeg oftere senere.</p>
   </div></div></div>
  </body>
 </text>
</TEI>
