<?xml version="1.0" encoding="UTF-8"?>
<!DOCTYPE TEI PUBLIC "-//TEI P5 MunchTEI//DTD TEI P5 Unified for Edvard Munch's Texts//EN" "file:/O:/Munchs tekster/Transkripsjoner/MunchTEI.dtd" >
<TEI xmlns="http://www.tei-c.org/ns/1.0" version="5.0" xml:id="No-MM_N0027-00-02v">
<teiHeader>
 <fileDesc>
<titleStmt>
<title>No-MM_N0027-00-02v.jpg</title>
</titleStmt>

<publicationStmt>
<p></p>
</publicationStmt>
<sourceDesc>
<p>2704 x 4064</p>
</sourceDesc>
 </fileDesc>
 <encodingDesc>


 
  <tagsDecl xml:id="imtAnnotationCategories"><rendition xml:id="transcription"><label>Contains the transcribed and TEI P5 encoded text of the objects</label><code rend="rectangle" lang="text/css">color: #ff0000</code></rendition><rendition xml:id="commentary"><label>Kommentarer</label><code rend="rectangle" lang="text/css">color: #00ff00</code></rendition><rendition xml:id="philologicalNotes"><label>Edisjonsfilologiske noter</label><code rend="rectangle" lang="text/css">color: #0000ff</code></rendition><rendition xml:id="textForSearch"><desc>transcriptional</desc><label>Søkbar tekst</label><code rend="rectangle" lang="text/css">color: #000000</code></rendition></tagsDecl><appInfo>
     <application ident="ImageMarkupTool01" version="1.8.1.2" notAfter="2009-03-18T16:34:55">
     <label>
     Image Markup Tool</label><desc>
     Tool for annotating images using TEI</desc><ref type="appURI" target="http://www.tapor.uvic.ca/~mholmes/image_markup/">
     </ref><ptr target="#imtAnnotatedImage"></ptr><ptr target="#imtImageAnnotations"></ptr><ptr target="#imtAnnotationCategories"></ptr></application>
     
     
     </appInfo></encodingDesc>
</teiHeader>
 <facsimile xml:id="imtAnnotatedImage"><surface><graphic url="No-MM_N0027-00-02v.jpg" width="2704px" height="4064px"></graphic><zone xml:id="imtArea_0" rendition="transcription" ulx="216" uly="420" lrx="2516" lry="3396" rend="visible"></zone></surface></facsimile>
 <text>
  <body>
   <div xml:id="imtImageAnnotations"><div corresp="#imtArea_0" type="imtAnnotation"><head>&#x00A0;</head><div>
    <p>Mi<del rend="overwritten"><gap/></del>dt i lighuset fora<del rend="overwritten">t</del>n den store
    <lb/><del rend="overstrike">gulag</del> kristusfiguren af gulagtig gibs
    <lb/>der utbredte sine hænder velsignende
    <lb/>stod <del rend="overstrike">kisten</del> den ene kiste.
    <lb/><del rend="overstrike">Det var han jeg skulde <gap/>
    <lb/>I de svære hvide lagener der skjulte</del>
    <lb/>kisten lå den døde
    <lb/><del rend="overstrike">Det var et gammelt</del> hode <gap reason="scribble"/> af
    <lb/>e<del rend="overwritten">t</del>n <del rend="overstrike">gammel hvidhåret mand</del></p> 
    <p>En buket af røde og hvide blomster 
    <lb/>lå på brystet.</p>
    <p>Hænderne lå glat ved siden 
    <lb/>af hinanden</p>
    <p>Han hade ingen gud i livet 
    <lb/>og ingen gud i døden</p>
    </div></div></div>
  </body>
 </text>
</TEI>
