<?xml version="1.0" encoding="UTF-8"?>
<!DOCTYPE TEI PUBLIC "-//TEI P5 MunchTEI//DTD TEI P5 Unified for Edvard Munch's Texts//EN" "file:/O:/Munchs tekster/Transkripsjoner/MunchTEI.dtd" >
<TEI xmlns="http://www.tei-c.org/ns/1.0" version="5.0" xml:id="No-MM_N0073-00-01r">
<teiHeader>
 <fileDesc>
<titleStmt>
<title>No-MM_N0073-00-01r.jpg</title>
</titleStmt>

<publicationStmt>
<p></p>
</publicationStmt>
<sourceDesc>
<p>2704 x 4064</p>
</sourceDesc>
 </fileDesc>
 <encodingDesc>


 
  <tagsDecl xml:id="imtAnnotationCategories"><rendition xml:id="transcription"><label>Contains the transcribed and TEI P5 encoded text of the objects</label><code rend="rectangle" lang="text/css">color: #ff0000</code></rendition><rendition xml:id="commentary"><label>Kommentarer</label><code rend="rectangle" lang="text/css">color: #00ff00</code></rendition><rendition xml:id="philologicalNotes"><label>Edisjonsfilologiske noter</label><code rend="rectangle" lang="text/css">color: #0000ff</code></rendition><rendition xml:id="textForSearch"><desc>transcriptional</desc><label>Søkbar tekst</label><code rend="rectangle" lang="text/css">color: #000000</code></rendition></tagsDecl><appInfo>
     <application ident="ImageMarkupTool01" version="1.8.1.3" notAfter="2009-03-25T16:50:09">
     <label>
     Image Markup Tool</label><desc>
     Tool for annotating images using TEI</desc><ref type="appURI" target="http://www.tapor.uvic.ca/~mholmes/image_markup/">
     </ref><ptr target="#imtAnnotatedImage"></ptr><ptr target="#imtImageAnnotations"></ptr><ptr target="#imtAnnotationCategories"></ptr></application>
     
     
     </appInfo></encodingDesc>
</teiHeader>
 <facsimile xml:id="imtAnnotatedImage"><surface><graphic url="No-MM_N0073-00-01r.jpg" width="2704px" height="4064px"></graphic><zone xml:id="imtArea_0" rendition="transcription" ulx="342" uly="489" lrx="2501" lry="3718" rend="visible"></zone></surface></facsimile>
 <text>
  <body>
   <div xml:id="imtImageAnnotations"><div corresp="#imtArea_0" type="imtAnnotation"><head>&#x00A0;</head><div>
    <p rend="noIndent">Det var i realismens og 
    <lb/>impresionismens tid &#x2013;</p>
    <p>Det hændte jeg enten i en 
    <lb/>syg opreven sindsstemning 
    <lb/>eller i en glad stemning 
    <lb/>fandt et landskab jeg gjerne 
    <lb/>vilde male &#x2013; Jeg hentede 
    <lb/>stafeliet &#x2013; stillet det op og 
    <lb/>malte billedet efter naturen &#x2013;</p>
    <p>Det blev et godt billede &#x2013;
    <lb/><del rend="overstrike"><gap/></del> men det blev ikke det 
    <lb/>jeg vilde male &#x2013; Jeg fik ikke 
    <lb/>malt <del rend="overstrike">det</del> slig jeg så det i den 
    <lb/>syge stemning eller i de<del rend="overwritten">t</del>n 
    <lb/>glade stemning &#x2013;</p>
    <p>&#x2013; Slik hændte ofte &#x2013; Jeg begynte 
    <lb/>da <del rend="overstrike">at</del> i et lignende tilfælde at 
    <lb/>kradse ut hva jeg havde malt
    <lb/>&#x2013; jeg søgte i min erindring efter 
    <lb/>det første billede &#x2013; det første indtryk &#x2013; 
    <lb/>og jeg <del rend="overstrike">søgt</del> søkte at få det tilbake</p>
    </div></div></div>
  </body>
 </text>
</TEI>
