<?xml version="1.0" encoding="UTF-8"?>
<!DOCTYPE TEI PUBLIC "-//TEI P5 MunchTEI//DTD TEI P5 Unified for Edvard Munch's Texts//EN" "file:/O:/Munchs tekster/Transkripsjoner/MunchTEI.dtd" >
<TEI xmlns="http://www.tei-c.org/ns/1.0" version="5.0" xml:id="No-MM_N0078-01">
<teiHeader>
 <fileDesc>
<titleStmt>
<title>No-MM_N0078-01.jpg</title>
</titleStmt>

<publicationStmt>
<p></p>
</publicationStmt>
<sourceDesc>
<p>2704 x 4064</p>
</sourceDesc>
 </fileDesc>
 <encodingDesc>


 
  <tagsDecl xml:id="imtAnnotationCategories"><rendition xml:id="transcription"><label>Contains the transcribed and TEI P5 encoded text of the objects</label><code rend="rectangle" lang="text/css">color: #ff0000</code></rendition><rendition xml:id="commentary"><label>Kommentarer</label><code rend="rectangle" lang="text/css">color: #00ff00</code></rendition><rendition xml:id="philologicalNotes"><label>Edisjonsfilologiske noter</label><code rend="rectangle" lang="text/css">color: #0000ff</code></rendition><rendition xml:id="textForSearch"><desc>transcriptional</desc><label>Søkbar tekst</label><code rend="rectangle" lang="text/css">color: #000000</code></rendition></tagsDecl><appInfo>
     <application ident="ImageMarkupTool01" version="1.8.1.3" notAfter="2009-03-26T11:17:24">
     <label>
     Image Markup Tool</label><desc>
     Tool for annotating images using TEI</desc><ref type="appURI" target="http://www.tapor.uvic.ca/~mholmes/image_markup/">
     </ref><ptr target="#imtAnnotatedImage"></ptr><ptr target="#imtImageAnnotations"></ptr><ptr target="#imtAnnotationCategories"></ptr></application>
     
     
     </appInfo></encodingDesc>
</teiHeader>
 <facsimile xml:id="imtAnnotatedImage"><surface><graphic url="No-MM_N0078-01.jpg" width="2704px" height="4064px"></graphic><zone xml:id="imtArea_0" rendition="transcription" ulx="56" uly="485" lrx="2446" lry="3622" rend="visible"></zone></surface></facsimile>
 <text>
  <body>
   <div xml:id="imtImageAnnotations"><div corresp="#imtArea_0" type="imtAnnotation"><head>&#x00A0;</head><div>
    <p>Intet maleri har i <placeName key="pl15">Norge</placeName>
    <lb/>vagt slig forargelse &#x2013;</p>
    <p>Da jeg åbningsdagen kom in 
    <lb/>salen hvor det hang 
    <lb/>stod folk tæt pakket foran 
    <lb/>billedet &#x2013; der hørtes skrik og 
    <lb/>latter &#x2013;</p>
    <p>Da jeg atter <del rend="overwritten"><gap/></del>gik ut på 
    <lb/>gaten <del rend="overstrike">mødte jeg</del> stod de 
    <lb/>unge naturalistiske malere 
    <lb/>der sammen ned sin 
    <lb/>fører <persName key="pe477">Wentzel</persName> &#x2013; Det var den 
    <lb/>tids feirede kunstner &#x2013; <del rend="overwritten">Han</del><persName key="pe477">Wentzel</persName> 
    <lb/>havde da sin beste periode og 
    <lb/>der er flere udmærkede malerier 
    <lb/>af ham fra den tid i vort
    <lb/>musæum &#x2013;</p>
    <p>Humbugmaler! skrek han 
    <lb/>mig i ansiktet &#x2013;</p>
    </div></div></div>
  </body>
 </text>
</TEI>
