<?xml version="1.0" encoding="UTF-8"?>
<!DOCTYPE TEI PUBLIC "-//TEI P5 MunchTEI//DTD TEI P5 Unified for Edvard Munch's Texts//EN" "file:/O:/Munchs tekster/Transkripsjoner/MunchTEI.dtd" >
<TEI xmlns="http://www.tei-c.org/ns/1.0" version="5.0" xml:id="No-MM_N0018-02">
<teiHeader>
 <fileDesc>
<titleStmt>
<title>No-MM_N0018-02.jpg</title>
</titleStmt>

<publicationStmt>
<p></p>
</publicationStmt>
<sourceDesc>
<p>2704 x 4064</p>
</sourceDesc>
 </fileDesc>
 <encodingDesc>


 
  <tagsDecl xml:id="imtAnnotationCategories"><rendition xml:id="transcription"><label>Contains the transcribed and TEI P5 encoded text of the objects</label><code rend="rectangle" lang="text/css">color: #ff0000</code></rendition><rendition xml:id="commentary"><label>Kommentarer</label><code rend="rectangle" lang="text/css">color: #00ff00</code></rendition><rendition xml:id="philologicalNotes"><label>Edisjonsfilologiske noter</label><code rend="rectangle" lang="text/css">color: #0000ff</code></rendition><rendition xml:id="textForSearch"><desc>transcriptional</desc><label>Søkbar tekst</label><code rend="rectangle" lang="text/css">color: #000000</code></rendition></tagsDecl><appInfo>
     <application ident="ImageMarkupTool01" version="1.8.1.2" notAfter="2009-03-17T10:55:04">
     <label>
     Image Markup Tool</label><desc>
     Tool for annotating images using TEI</desc><ref type="appURI" target="http://www.tapor.uvic.ca/~mholmes/image_markup/">
     </ref><ptr target="#imtAnnotatedImage"></ptr><ptr target="#imtImageAnnotations"></ptr><ptr target="#imtAnnotationCategories"></ptr></application>
     
     
     </appInfo></encodingDesc>
</teiHeader>
 <facsimile xml:id="imtAnnotatedImage"><surface><graphic url="No-MM_N0018-02.jpg" width="2704px" height="4064px"></graphic><zone xml:id="imtArea_0" rendition="transcription" ulx="200" uly="704" lrx="2604" lry="3816" rend="visible"></zone></surface></facsimile>
 <text>
  <body>
   <div xml:id="imtImageAnnotations"><div corresp="#imtArea_0" type="imtAnnotation"><head>&#x00A0;</head><div>
    <p>De hjemme min tante min bror 
    <lb/>og mine søstre tror <del rend="overstrike">at</del> at døden blot 
     <lb/>er søvn &#x2013; at min fader ser og 
     <lb/>hører &#x2013; <del rend="overstrike">hører og ser vor sorg</del>.
    <lb/>At han i herlighed og glæde færdes
    <lb/>deroppe. At de skal træffe
     <lb/>ham igjen om en tid &#x2013;.
    <lb/><del rend="overstrike">han ser vor sorg og anger.</del></p>
    <p>Jeg kan ikke andet end at 
    <lb/>lade min sorg <del rend="overstrike">flyde over</del> 
    <lb/><del rend="overwritten">s</del>løbe ud i <del rend="overstrike">den</del> <del rend="overstrike">skurende 
    <lb/>den skumrende</del> <del rend="overstrike">dag eller</del> <add place="inline">dagen</add> 
    <lb/><del rend="overstrike">gryende</del> <add place="inline">som grur og dagen som skumrer</add></p>
    <p>Jeg sidder ensom <del rend="overwritten">&#x2013;</del>med millioner
    <lb/>minder. <gap reason="scribble"/> de er millioner dolke 
     <lb/>som river i mit hjerte &#x2013; og sårene 
    <lb/>ligger åbne.</p>
    <p>Ligger luften grå <del rend="overstrike">over <del rend="overwritten">p</del>Pa</del> og 
     <lb/>tung over <del rend="overwritten">p</del><placeName key="pl16">Paris</placeName> tagene</p>
    </div></div></div>
  </body>
 </text>
</TEI>
