<?xml version="1.0" encoding="UTF-8"?>
<!DOCTYPE TEI PUBLIC "-//TEI P5 MunchTEI//DTD TEI P5 Unified for Edvard Munch's Texts//EN" "file:/O:/Munchs tekster/Transkripsjoner/MunchTEI.dtd" >
<TEI xmlns="http://www.tei-c.org/ns/1.0" version="5.0" xml:id="No-MM_N0015-01">
<teiHeader>
 <fileDesc>
<titleStmt>
<title>No-MM_N0015-01.jpg</title>
</titleStmt>

<publicationStmt>
<p></p>
</publicationStmt>
<sourceDesc>
<p>2704 x 4064</p>
</sourceDesc>
 </fileDesc>
 <encodingDesc>


 
  <tagsDecl xml:id="imtAnnotationCategories"><rendition xml:id="transcription"><label>Contains the transcribed and TEI P5 encoded text of the objects</label><code rend="rectangle" lang="text/css">color: #ff0000</code></rendition><rendition xml:id="commentary"><label>Kommentarer</label><code rend="rectangle" lang="text/css">color: #00ff00</code></rendition><rendition xml:id="philologicalNotes"><label>Edisjonsfilologiske noter</label><code rend="rectangle" lang="text/css">color: #0000ff</code></rendition><rendition xml:id="textForSearch"><desc>transcriptional</desc><label>Søkbar tekst</label><code rend="rectangle" lang="text/css">color: #000000</code></rendition></tagsDecl><appInfo>
     <application ident="ImageMarkupTool01" version="1.8.1.2" notAfter="2009-03-16T11:13:57">
     <label>
     Image Markup Tool</label><desc>
     Tool for annotating images using TEI</desc><ref type="appURI" target="http://www.tapor.uvic.ca/~mholmes/image_markup/">
     </ref><ptr target="#imtAnnotatedImage"></ptr><ptr target="#imtImageAnnotations"></ptr><ptr target="#imtAnnotationCategories"></ptr></application>
     
     
     </appInfo></encodingDesc>
</teiHeader>
 <facsimile xml:id="imtAnnotatedImage"><surface><graphic url="No-MM_N0015-01.jpg" width="2704px" height="4064px"></graphic><zone xml:id="imtArea_0" rendition="transcription" ulx="272" uly="304" lrx="2560" lry="3720" rend="visible"></zone></surface></facsimile>
 <text>
  <body>
   <div xml:id="imtImageAnnotations"><div corresp="#imtArea_0" type="imtAnnotation"><head>&#x00A0;</head><div>
    <p rend="extraAir"><gap reason="scribble"/></p>
    <p>Den lille åbningen mellem gardinerne 
    <lb/>blir lysere, større dagen gryr.
    <lb/><del rend="overstrike">Jeg ligger og o</del> <del rend="overstrike">Jeg begynder igjen</del>
    <lb/><del rend="overstrike"><del rend="overwritten">D</del>Minderne</del> <del rend="overstrike">at grave</del> i minderne 
     <lb/><del rend="overstrike">de</del> dukker op &#x2013; det ene efter 
    <lb/>det andet snart fra lange tider 
    <lb/>siden fra jeg var liden lige til 
    <lb/>den sidste gangen jeg så ham.</p>
    <p>Som vi sad der <del rend="overstrike">f<gap/></del> ved middags
     <lb/>bordet før <del rend="overstrike">vi rei</del> jeg reiste &#x2013; så lidet &#x2013;</p>
    <p>Jeg tænkte på hvor rart det 
    <lb/>igrunden var at være så længe borte
     <lb/>&#x2013; så gammel som han var &#x2013; 
    <lb/>han sad som vanlig ved enden af bordet 
     <lb/>bøiet og grå &#x2013; sad imod lyset <del rend="overstrike">så</del></p>
    <p><del rend="overstrike">Min</del> tante <del rend="overstrike"><del rend="overwritten"><gap/></del>talte gav noe</del> 
    <lb/>spurte om jeg hadde husket på 
     <lb/>støvlerne mine &#x2013;</p>
    <p><del rend="overstrike">Min far</del> <del rend="overwritten">s</del>Så ba min far mig 
     <lb/>være forsigtig &#x2013; det var slemt om jeg</p>
    </div></div></div>
  </body>
 </text>
</TEI>
