<?xml version="1.0" encoding="UTF-8"?>
<!DOCTYPE TEI PUBLIC "-//TEI P5 MunchTEI//DTD TEI P5 Unified for Edvard Munch's Texts//EN" "file:/O:/Munchs tekster/Transkripsjoner/MunchTEI.dtd" >
<TEI xmlns="http://www.tei-c.org/ns/1.0" version="5.0" xml:id="No-MM_N0098-01">
<teiHeader>
 <fileDesc>
<titleStmt>
<title>No-MM_N0098-01.jpg</title>
</titleStmt>

<publicationStmt>
<p></p>
</publicationStmt>
<sourceDesc>
<p>2704 x 4064</p>
</sourceDesc>
 </fileDesc>
 <encodingDesc>


 
  <tagsDecl xml:id="imtAnnotationCategories"><rendition xml:id="transcription"><label>Contains the transcribed and TEI P5 encoded text of the objects</label><code rend="rectangle" lang="text/css">color: #ff0000</code></rendition><rendition xml:id="commentary"><label>Kommentarer</label><code rend="rectangle" lang="text/css">color: #00ff00</code></rendition><rendition xml:id="philologicalNotes"><label>Edisjonsfilologiske noter</label><code rend="rectangle" lang="text/css">color: #0000ff</code></rendition><rendition xml:id="textForSearch"><desc>transcriptional</desc><label>Søkbar tekst</label><code rend="rectangle" lang="text/css">color: #000000</code></rendition></tagsDecl><appInfo>
     <application ident="ImageMarkupTool01" version="1.8.1.3" notAfter="2009-03-30T13:34:13">
     <label>
     Image Markup Tool</label><desc>
     Tool for annotating images using TEI</desc><ref type="appURI" target="http://www.tapor.uvic.ca/~mholmes/image_markup/">
     </ref><ptr target="#imtAnnotatedImage"></ptr><ptr target="#imtImageAnnotations"></ptr><ptr target="#imtAnnotationCategories"></ptr></application>
     
     
     </appInfo></encodingDesc>
</teiHeader>
 <facsimile xml:id="imtAnnotatedImage"><surface><graphic url="No-MM_N0098-01.jpg" width="2704px" height="4064px"></graphic><zone xml:id="imtArea_0" rendition="transcription" ulx="243" uly="461" lrx="2358" lry="3754" rend="visible"></zone></surface></facsimile>
 <text>
  <body>
   <div xml:id="imtImageAnnotations"><div corresp="#imtArea_0" type="imtAnnotation"><head>&#x00A0;</head><div>
    <p><del rend="overstrike">Vi havde været</del> sammen næsten
    <lb/><del rend="overstrike">hele formiddagen</del> &#x2013; <del rend="overwritten"><gap/></del>Hun havde vist
    <lb/><del rend="overstrike">ham alle de vakreste</del> partier.
    <lb/><del rend="overstrike">Hun</del> <unclear><del rend="overstrike">husk</del></unclear></p>
    <p><del rend="overstrike">De havde været sammen om</del> formid-
    <lb/>dagen &#x2013; Hun stod på Peronen <del rend="overstrike">med</del> 
    <lb/>sammen med <ref type="lemma" target="co7">frøken N</ref> og han var 
    <lb/>kommen opover landeveien &#x2013; <del rend="overstrike">Hun 
    <lb/>vinkende</del> Da hun vinkede kløv 
    <lb/><del rend="overstrike"><gap/></del> han over gjærdet og <unclear><del rend="overwritten"><gap/></del>kom</unclear>
    <lb/>til hende</p>
    <p>De havde været sammen hele 
    <lb/>eftermiddagen &#x2013; <del rend="overstrike">Alle de vakre pa</del> 
    <lb/>Hun havde vist ham de vakreste 
    <lb/>partierne &#x2013; Men <del rend="overwritten"><gap/></del>meste tiden 
    <lb/>havde de tilbragt i skoven. Hun 
    <lb/>skulde opover til en veninde 
    <lb/><gap reason="scribble"/> <del rend="overstrike">for</del> så så fulgtes de ad og <del rend="overstrike">hun</del> 
    <lb/>de tog veien igjennem skoven 
    <lb/>De gjorde sig god tid. Snart skulde 
    <lb/>hun vise ham en vakker <del rend="overwritten"><gap/></del>blomst 
    <lb/>og snart var det et vakkert
    <lb/>parti i skoven det var så yndig 
    <lb/>henrivende fortryllende. <del rend="overwritten">H</del>Og så skulde 
    <lb/>de plukke sop. Det var så mange 
    <lb/>rare sopper hun skulde vise ham
    <lb/><del rend="overstrike">men de</del> Og <del rend="overwritten">s</del>Så hente det de 
    <lb/>samtidig fik øie på en sop da 
    <lb/>løb de fo<del rend="overwritten"><gap/></del>rat tage den først</p>
    </div></div></div>
  </body>
 </text>
</TEI>
