<?xml version="1.0" encoding="UTF-8"?>
<!DOCTYPE TEI PUBLIC "-//TEI P5 MunchTEI//DTD TEI P5 Unified for Edvard Munch's Texts//EN" "file:/O:/Munchs tekster/Transkripsjoner/MunchTEI.dtd" >
<TEI xmlns="http://www.tei-c.org/ns/1.0" version="5.0" xml:id="No-MM_N0154-01">
<teiHeader>
 <fileDesc>
<titleStmt>
<title>No-MM_N0154-01.jpg</title>
</titleStmt>

<publicationStmt>
<p></p>
</publicationStmt>
<sourceDesc>
<p>2704 x 4064</p>
</sourceDesc>
 </fileDesc>
 <encodingDesc>


 
  <tagsDecl xml:id="imtAnnotationCategories"><rendition xml:id="transcription"><label>Contains the transcribed and TEI P5 encoded text of the objects</label><code rend="rectangle" lang="text/css">color: #ff0000</code></rendition><rendition xml:id="commentary"><label>Kommentarer</label><code rend="rectangle" lang="text/css">color: #00ff00</code></rendition><rendition xml:id="philologicalNotes"><label>Edisjonsfilologiske noter</label><code rend="rectangle" lang="text/css">color: #0000ff</code></rendition><rendition xml:id="textForSearch"><desc>transcriptional</desc><label>Søkbar tekst</label><code rend="rectangle" lang="text/css">color: #000000</code></rendition></tagsDecl><appInfo>
     <application ident="ImageMarkupTool01" version="1.8.1.3" notAfter="2009-04-28T09:45:10">
     <label>
     Image Markup Tool</label><desc>
     Tool for annotating images using TEI</desc><ref type="appURI" target="http://www.tapor.uvic.ca/~mholmes/image_markup/">
     </ref><ptr target="#imtAnnotatedImage"></ptr><ptr target="#imtImageAnnotations"></ptr><ptr target="#imtAnnotationCategories"></ptr></application>
     
     
     </appInfo></encodingDesc>
</teiHeader>
 <facsimile xml:id="imtAnnotatedImage"><surface><graphic url="No-MM_N0154-01.jpg" width="2704px" height="4064px"></graphic><zone xml:id="imtArea_0" rendition="transcription" ulx="111" uly="720" lrx="2310" lry="3519" rend="visible"></zone></surface></facsimile>
 <text>
  <body>
   <div xml:id="imtImageAnnotations"><div corresp="#imtArea_0" type="imtAnnotation"><head>&#x00A0;</head><div>
    <p>Der var mange lys hvide glinsende helt
    <lb/>op til toppen &#x2013; noen dry<del rend="overwritten"><gap/></del>ppede &#x2013; Det
    <lb/>skinnede i alle lyse farver mest i
    <lb/>rødt og gult og grønt &#x2013; Et lyshav som
    <lb/>blændet så man næsten ikke kunde se</p>
    <p><del rend="overstrike">Det var en stærk varm luft</del></p>
    <p>Luften var hed og det lugtede intenst af brændt
    <lb/>gran og <del rend="overstrike">l</del> os.</p>
    <p><del rend="overstrike">Mo<gap/></del> underst<del rend="overwritten"><gap/></del>øttet af en pude i ryggen sad
    <lb/>hun <del rend="overstrike"><gap/></del> i sofaen i en svær sort silkekjole
    <lb/>Stille og bleg</p>
    <p><del rend="overwritten"><gap/></del>På fanget sad tulla<seg type="interpunctionalSpace"/>rundt omkring sad
    <lb/>eller stod de andre <del rend="overstrike">og</del> stirrend med store
    <lb/>henrykte øine på træ<del rend="overwritten">t</del>et.</p>
    <p>Far gik op og ned på gulvet <del rend="overstrike">lidt
    <lb/>fremmed</del> <del rend="overstrike">i sine med sit glatstrøgen</del>
    <lb/>Så satte han sig bort til hun i sofaen &#x2013; de
    <lb/>hvisket sammen og bøiede sig ind til hverandre
    <lb/><ref type="lemma" target="co14">Karleman</ref> så på dem og undred sig over
    <lb/>hvorfor tårene randt <del rend="overstrike">ned</del> ad deres kinder &#x2013; &#x2013;</p>
    <p><add place="inBetweenLines">II</add></p>
    <p>Det var så lyst og stille i værelset</p>
    <p>Så sang <ref type="lemma" target="co15">Bertha</ref> <del rend="overstrike">G</del>
    <lb/><seg type="accidentalSpace"/>Glade Jul hellige Jul
    <lb/><seg type="accidentalSpace"/>Engle dale ned i Skjul</p>
    <p><del rend="overstrike"><ref type="lemma" target="co14">Karleman</ref> syntes</del> taget åbne sig &#x2013; han så lyse <del rend="overstrike">la</del>
    <lb/>skyer langt langt op &#x2013; det var himmelen
    <lb/>Engle dalede ned i skjul &#x2013; smilende huldsaligt &#x2013;
    <lb/><del rend="overstrike">m</del> de hadde hvide kjortler og palmegrene</p>
   </div></div></div>
  </body>
 </text>
</TEI>
