<?xml version="1.0" encoding="UTF-8"?>
<!DOCTYPE TEI PUBLIC "-//TEI P5 MunchTEI//DTD TEI P5 Unified for Edvard Munch's Texts//EN" "file:/O:/Munchs tekster/Transkripsjoner/MunchTEI.dtd" >
<TEI xmlns="http://www.tei-c.org/ns/1.0" version="5.0" xml:id="No-MM_N0020-02">
<teiHeader>
 <fileDesc>
<titleStmt>
<title>No-MM_N0020-02.jpg</title>
</titleStmt>

<publicationStmt>
<p></p>
</publicationStmt>
<sourceDesc>
<p>2704 x 4064</p>
</sourceDesc>
 </fileDesc>
 <encodingDesc>


 
  <tagsDecl xml:id="imtAnnotationCategories"><rendition xml:id="transcription"><label>Contains the transcribed and TEI P5 encoded text of the objects</label><code rend="rectangle" lang="text/css">color: #ff0000</code></rendition><rendition xml:id="commentary"><label>Kommentarer</label><code rend="rectangle" lang="text/css">color: #00ff00</code></rendition><rendition xml:id="philologicalNotes"><label>Edisjonsfilologiske noter</label><code rend="rectangle" lang="text/css">color: #0000ff</code></rendition><rendition xml:id="textForSearch"><desc>transcriptional</desc><label>Søkbar tekst</label><code rend="rectangle" lang="text/css">color: #000000</code></rendition></tagsDecl><appInfo>
     <application ident="ImageMarkupTool01" version="1.8.1.2" notAfter="2009-03-17T13:56:10">
     <label>
     Image Markup Tool</label><desc>
     Tool for annotating images using TEI</desc><ref type="appURI" target="http://www.tapor.uvic.ca/~mholmes/image_markup/">
     </ref><ptr target="#imtAnnotatedImage"></ptr><ptr target="#imtImageAnnotations"></ptr><ptr target="#imtAnnotationCategories"></ptr></application>
     
     
     </appInfo></encodingDesc>
</teiHeader>
 <facsimile xml:id="imtAnnotatedImage"><surface><graphic url="No-MM_N0020-02.jpg" width="2704px" height="4064px"></graphic><zone xml:id="imtArea_0" rendition="transcription" ulx="192" uly="264" lrx="2588" lry="3784" rend="visible"></zone></surface></facsimile>
 <text>
  <body>
   <div xml:id="imtImageAnnotations"><div corresp="#imtArea_0" type="imtAnnotation"><head>&#x00A0;</head><div>
    <p rend="noIndent">fyrstinde &#x2013; eller du hører et 
    <lb/>navn som du fra barn af 
     <lb/>har hørt berømme &#x2013;</p>
    <p>Og den forun<del rend="overwritten"><gap/></del>derlige <del rend="overstrike">Mont</del> 
     <lb/>lille by <placeName key="pl124">Monaco</placeName> &#x2013; eventyrbyen</p>
    <p><del rend="overwritten"><gap/></del>Jeg står på Terassen 
     <lb/>udenfor spille<del rend="overwritten">sal</del>huset <del rend="overstrike">&#x2013;</del>en 
     <lb/>måneskinsaften &#x2013; havet li<del rend="overwritten"><gap/></del>gger 
    <lb/>stort nedenfor <del rend="overwritten"><gap/></del>mig med måneblink
     <lb/>&#x2013; derborte Fyrstens palads &#x2013; 
    <lb/>strålende <del rend="overwritten"><gap/></del>med tusinde lys røde 
     <lb/>og og gule <del rend="overstrike">i det lil</del> <del rend="overstrike">i de</del> &#x2013; <del rend="overstrike">med</del> 
    <lb/><del rend="overstrike">med bli måneskin</del> <del rend="overwritten"><gap/>på</del> <unclear><del rend="overstrike">dønningerne</del></unclear> 
     <lb/>ringmurene og tårne &#x2013; 
     <lb/><del rend="overstrike">på</del> <del rend="overstrike">dig</del> bag dig &#x2013; byen i mystisk 
    <lb/>en <del rend="overstrike">blålig</del> månedis under 
     <lb/>de høie fjelde &#x2013;</p>
    <p>Men du <del rend="overstrike">er der ik</del> <del rend="overstrike"><gap/></del> opholder 
     <lb/>dig ikke længe her &#x2013; Ind i 
    <lb/>i spille<del rend="overwritten">sal</del>huset hvis tårne 
     <lb/>rager op mod luften &#x2013; in i trylleslottet 
     <lb/>&#x2013; Har du været der engang &#x2013; er</p> 
    </div></div></div>
  </body>
 </text>
</TEI>
