<?xml version="1.0" encoding="UTF-8"?>
<!DOCTYPE TEI PUBLIC "-//TEI P5 MunchTEI//DTD TEI P5 Unified for Edvard Munch's Texts//EN" "file:/O:/Munchs tekster/Transkripsjoner/MunchTEI.dtd" >
<TEI xmlns="http://www.tei-c.org/ns/1.0" version="5.0" xml:id="No-MM_N0026-01">
<teiHeader>
 <fileDesc>
<titleStmt>
<title>No-MM_N0026-01.jpg</title>
</titleStmt>

<publicationStmt>
<p></p>
</publicationStmt>
<sourceDesc>
<p>2704 x 4064</p>
</sourceDesc>
 </fileDesc>
 <encodingDesc>


 
  <tagsDecl xml:id="imtAnnotationCategories"><rendition xml:id="transcription"><label>Contains the transcribed and TEI P5 encoded text of the objects</label><code rend="rectangle" lang="text/css">color: #ff0000</code></rendition><rendition xml:id="commentary"><label>Kommentarer</label><code rend="rectangle" lang="text/css">color: #00ff00</code></rendition><rendition xml:id="philologicalNotes"><label>Edisjonsfilologiske noter</label><code rend="rectangle" lang="text/css">color: #0000ff</code></rendition><rendition xml:id="textForSearch"><desc>transcriptional</desc><label>Søkbar tekst</label><code rend="rectangle" lang="text/css">color: #000000</code></rendition></tagsDecl><appInfo>
     <application ident="ImageMarkupTool01" version="1.8.1.4" notAfter="2010-10-22T14:10:44">
     <label>
     Image Markup Tool</label><desc>
     Tool for annotating images using TEI</desc><ref type="appURI" target="http://www.tapor.uvic.ca/~mholmes/image_markup/">
     </ref><ptr target="#imtAnnotatedImage"></ptr><ptr target="#imtImageAnnotations"></ptr><ptr target="#imtAnnotationCategories"></ptr></application>
     
     
     </appInfo></encodingDesc>
</teiHeader>
 <facsimile xml:id="imtAnnotatedImage"><surface><graphic url="No-MM_N0026-01.jpg" width="2704px" height="4064px"></graphic><zone xml:id="imtArea_0" rendition="transcription" ulx="95" uly="473" lrx="2807" lry="3873" rend="visible"></zone></surface></facsimile>
 <text>
  <body>
   <div xml:id="imtImageAnnotations"><div corresp="#imtArea_0" type="imtAnnotation"><head>&#x00A0;</head><div>
    <p rend="emptyPartOfPage">Overkvinde
    <lb/><del rend="overwritten">M<gap/></del>Digter</p>    
   <figure rend="shortHorizRule"/>
    <sp><p>Overkvinde vi lever i en 
     <lb/>stor Tid &#x2013;</p></sp>
    <sp><p>Aa at han gjorde det</p></sp>
    <lb/><stage>&#x2013; Til Liget</stage> <sp><p>Tak</p></sp>
    <p><stage>Hun omfavner Digteren &#x2013;</stage></p>
    <sp><p>&#x2013; Nu kan osså jeg gjøre
     <lb/>en Mand til Hanrei</p></sp>
    <sp><speaker>Digteren</speaker> <p>&#x2013; <del rend="overstrike">Af</del> <unclear reason="writing">Afrede</unclear><seg type="interpunctionalSpace"/>nu behøver
     <lb/><del rend="overstrike">Ægtemanden ikke længer skaffe
      <lb/>mig p</del> Det er heldigt for
     <lb/>Ægtemændene er udpantede</p></sp> 
   </div></div></div>
  </body>
 </text>
</TEI>
