<?xml version="1.0" encoding="UTF-8"?>
<!DOCTYPE TEI PUBLIC "-//TEI P5 MunchTEI//DTD TEI P5 Unified for Edvard Munch's Texts//EN" "file:/O:/Munchs tekster/Transkripsjoner/MunchTEI.dtd" >
<TEI xmlns="http://www.tei-c.org/ns/1.0" version="5.0" xml:id="No-MM_N0012-03">
<teiHeader>
 <fileDesc>
<titleStmt>
<title>No-MM_N0012-03.jpg</title>
</titleStmt>

<publicationStmt>
<p></p>
</publicationStmt>
<sourceDesc>
<p>2704 x 4064</p>
</sourceDesc>
 </fileDesc>
 <encodingDesc>


 
  <tagsDecl xml:id="imtAnnotationCategories"><rendition xml:id="transcription"><label>Contains the transcribed and TEI P5 encoded text of the objects</label><code rend="rectangle" lang="text/css">color: #ff0000</code></rendition><rendition xml:id="commentary"><label>Kommentarer</label><code rend="rectangle" lang="text/css">color: #00ff00</code></rendition><rendition xml:id="philologicalNotes"><label>Edisjonsfilologiske noter</label><code rend="rectangle" lang="text/css">color: #0000ff</code></rendition><rendition xml:id="textForSearch"><desc>transcriptional</desc><label>Søkbar tekst</label><code rend="rectangle" lang="text/css">color: #000000</code></rendition></tagsDecl><appInfo>
     <application ident="ImageMarkupTool01" version="1.8.1.2" notAfter="2009-03-13T16:25:08">
     <label>
     Image Markup Tool</label><desc>
     Tool for annotating images using TEI</desc><ref type="appURI" target="http://www.tapor.uvic.ca/~mholmes/image_markup/">
     </ref><ptr target="#imtAnnotatedImage"></ptr><ptr target="#imtImageAnnotations"></ptr><ptr target="#imtAnnotationCategories"></ptr></application>
     
     
     </appInfo></encodingDesc>
</teiHeader>
 <facsimile xml:id="imtAnnotatedImage"><surface><graphic url="No-MM_N0012-03.jpg" width="2704px" height="4064px"></graphic><zone xml:id="imtArea_0" rendition="transcription" ulx="300" uly="260" lrx="2420" lry="3688" rend="visible"></zone></surface></facsimile>
 <text>
  <body>
   <div xml:id="imtImageAnnotations"><div corresp="#imtArea_0" type="imtAnnotation"><head>&#x00A0;</head><div>
    <p rend="noIndent">Og så var det <persName key="pe236">Jæger</persName> &#x2013; 
     <lb/>muligvis den største sorgen &#x2013;
    <lb/>Jeg følte næsten <del rend="overstrike"><gap/></del> had til 
     <lb/><del rend="overstrike">ham</del> <persName key="pe236">Jæger</persName> &#x2013;</p>
    <p rend="extraAir">Det var jo min overbevisning 
     <lb/><del rend="overstrike"><gap/></del> at han hadde retten &#x2013;
     <lb/>men alligevel &#x2013;</p>
    <p>Jeg var oppe hos <persName key="pe146">Goldstein</persName>
     <lb/>Nu er det dig &#x2013; &#x2013;</p>
    <p>Jo det er jo altid så vondt 
    <lb/>om man ikke har været så 
     <lb/>enig &#x2013;</p>
    <p>Ja men du kan skjønne 
    <lb/>vi holdt af hinanden 
    <lb/>han var så blød ser du som 
     <lb/>vox &#x2013;</p>
    <p><del rend="overstrike">Har du</del></p>
    <p>Lever din far du
    <lb/>ja
    <lb/>Jeg misundte ham det</p>
    </div></div></div>
  </body>
 </text>
</TEI>
