<?xml version="1.0" encoding="UTF-8"?>
<!DOCTYPE TEI PUBLIC "-//TEI P5 MunchTEI//DTD TEI P5 Unified for Edvard Munch's Texts//EN" "file:/O:/Munchs tekster/Transkripsjoner/MunchTEI.dtd" >
<TEI xmlns="http://www.tei-c.org/ns/1.0" version="5.0" xml:id="No-MM_N0032-04">
<teiHeader>
 <fileDesc>
<titleStmt>
<title>No-MM_N0032-04.jpg</title>
</titleStmt>

<publicationStmt>
<p></p>
</publicationStmt>
<sourceDesc>
<p>2704 x 4064</p>
</sourceDesc>
 </fileDesc>
 <encodingDesc>


 
  <tagsDecl xml:id="imtAnnotationCategories"><rendition xml:id="transcription"><label>Contains the transcribed and TEI P5 encoded text of the objects</label><code rend="rectangle" lang="text/css">color: #ff0000</code></rendition><rendition xml:id="commentary"><label>Kommentarer</label><code rend="rectangle" lang="text/css">color: #00ff00</code></rendition><rendition xml:id="philologicalNotes"><label>Edisjonsfilologiske noter</label><code rend="rectangle" lang="text/css">color: #0000ff</code></rendition><rendition xml:id="textForSearch"><desc>transcriptional</desc><label>Søkbar tekst</label><code rend="rectangle" lang="text/css">color: #000000</code></rendition></tagsDecl><appInfo>
     <application ident="ImageMarkupTool01" version="1.8.1.2" notAfter="2009-03-19T11:21:39">
     <label>
     Image Markup Tool</label><desc>
     Tool for annotating images using TEI</desc><ref type="appURI" target="http://www.tapor.uvic.ca/~mholmes/image_markup/">
     </ref><ptr target="#imtAnnotatedImage"></ptr><ptr target="#imtImageAnnotations"></ptr><ptr target="#imtAnnotationCategories"></ptr></application>
     
     
     </appInfo></encodingDesc>
</teiHeader>
 <facsimile xml:id="imtAnnotatedImage"><surface><graphic url="No-MM_N0032-04.jpg" width="2704px" height="4064px"></graphic><zone xml:id="imtArea_0" rendition="transcription" ulx="152" uly="504" lrx="2644" lry="3680" rend="visible"></zone></surface></facsimile>
 <text>
  <body>
   <div xml:id="imtImageAnnotations"><div corresp="#imtArea_0" type="imtAnnotation"><head>&#x00A0;</head><div>
    <fw type="page">&#x2013; 4 &#x2013;</fw>
    <p>Jeg benytter anledningen til at komme med disse forklarin-
    <lb/>ger af to kritikeres udtalelser, der ellers har hat mange vakre ord 
    <lb/>at sige om min kunst, som har glædet mig meget. &#x2013;</p>
    <p>Jeg haaber ikke en anden kritiker smigrer sig med at jeg 
    <lb/>tar notis af ham. &#x2013; Den fortvilede bastard af en umulig maler og 
     <lb/>umulig kritiker, der har talt det ledige embeds<seg rend="accidentalSpace"/>i &#x00AB;<orgName key="i101">Aftenpo-
      <lb/>sten</orgName>&#x00BB; som kust for den gjödselkjærre der bringer avfaldet av dens 
    <lb/>Angrastald til kunstens have. &#x2013;</p>
    <p>Den stald <orgName key="i101">&#x00AB;Aftenposten&#x00BB;</orgName> i 40 aar har holdt færdig til kunstens 
    <lb/>gjödsel. &#x2013;</p>
    <p rend="extraAir">Apropos<add place="inline" hand="EM2">!</add></p>
    <figure rend="shortHorizRule"/>
    <p>Nu vel, som gjentagende forklaret har jeg med vilje ikke givet 
    <lb/>billedserien en endelig form. &#x2013;</p>
    <p>Men jeg vil udtale. &#x2013;</p>
    <p>Jeg finder den allerede nu som den hænger hos <orgName key="i92">Blomquist</orgName> fuldt 
    <lb/>kan stille fordringerne til en dekorativ fris. &#x2013;</p>
    <p>Jeg finder ikke en fris altid behöver at have den jevne ens-
    <lb/>artethed, det saa ofte gjör dekorationer og friser saa sörgelig kje-
    <lb/>delige, at man næsten kan si &#x2013; Dekorationer og friser &#x2013; jo det er
    <lb/>malerne som aldrig lægges merke til. &#x2013;</p>
    <p>En fris mener jeg kan godt have virkningen av en synform. &#x2013;
    <lb/>Den kan hæve sig i lyset og sænke sig i dybden &#x2013;. Den kan stige og 
    <lb/>falde i styrke &#x2013; Ligeledes kan<seg rend="accidentalSpace"/>toner lyde og gjenlyde gjennem 
    <lb/>dem, skingrende toner og trommelyderne kan falde spredt. &#x2013;</p>
    </div></div></div>
  </body>
 </text>
</TEI>