<?xml version="1.0" encoding="UTF-8"?>
<!DOCTYPE TEI PUBLIC "-//TEI P5 MunchTEI//DTD TEI P5 Unified for Edvard Munch's Texts//EN" "file:/O:/Munchs tekster/Transkripsjoner/MunchTEI.dtd" >
<TEI xmlns="http://www.tei-c.org/ns/1.0" version="5.0" xml:id="No-MM_N0022-04">
<teiHeader>
 <fileDesc>
<titleStmt>
<title>No-MM_N0022-04.jpg</title>
</titleStmt>

<publicationStmt>
<p></p>
</publicationStmt>
<sourceDesc>
<p>2704 x 4064</p>
</sourceDesc>
 </fileDesc>
 <encodingDesc>


 
  <tagsDecl xml:id="imtAnnotationCategories"><rendition xml:id="transcription"><label>Contains the transcribed and TEI P5 encoded text of the objects</label><code rend="rectangle" lang="text/css">color: #ff0000</code></rendition><rendition xml:id="commentary"><label>Kommentarer</label><code rend="rectangle" lang="text/css">color: #00ff00</code></rendition><rendition xml:id="philologicalNotes"><label>Edisjonsfilologiske noter</label><code rend="rectangle" lang="text/css">color: #0000ff</code></rendition><rendition xml:id="textForSearch"><desc>transcriptional</desc><label>Søkbar tekst</label><code rend="rectangle" lang="text/css">color: #000000</code></rendition></tagsDecl><appInfo>
     <application ident="ImageMarkupTool01" version="1.8.1.2" notAfter="2009-03-18T11:26:15">
     <label>
     Image Markup Tool</label><desc>
     Tool for annotating images using TEI</desc><ref type="appURI" target="http://www.tapor.uvic.ca/~mholmes/image_markup/">
     </ref><ptr target="#imtAnnotatedImage"></ptr><ptr target="#imtImageAnnotations"></ptr><ptr target="#imtAnnotationCategories"></ptr></application>
     
     
     </appInfo></encodingDesc>
</teiHeader>
 <facsimile xml:id="imtAnnotatedImage"><surface><graphic url="No-MM_N0022-04.jpg" width="2704px" height="4064px"></graphic><zone xml:id="imtArea_0" rendition="transcription" ulx="292" uly="184" lrx="2684" lry="3992" rend="visible"></zone><zone xml:id="imtArea_1" rendition="transcription" ulx="860" uly="2744" lrx="2432" lry="3308" rend="visible"></zone></surface></facsimile>
 <text>
  <body>
   <div xml:id="imtImageAnnotations"><div corresp="#imtArea_0" type="imtAnnotation"><head>&#x00A0;</head><div>
    <p rend="noIndent">du havde vundet en formue 
    <lb/>og jeg tænkte på disse penge 
     <lb/>som havde fordoblet sig &#x2013; om 
     <lb/>du var netop af de heldige &#x2013; Jeg 
     <lb/>kan ikke længer arbeide &#x2013; Jeg 
     <lb/>ser på klokken &#x2013; ser efter jernbane-
    <lb/>tabellen og strax efter sidder jeg
    <lb/>i <del rend="overstrike">to</del> <del rend="overstrike">blø</del> expresstogets bløde 
     <lb/>hynder &#x2013; der pilsnart fører en 
     <lb/>til <del rend="overstrike">Mon</del> spillehelvedet &#x2013;</p> 
    <p>Og siden har jeg været der hver
    <lb/>dag<seg type="interpunctionalSpace"/>jeg har havt søvnløse <del rend="overwritten"><gap/></del>nædder
     <lb/>&#x2013; jeg har vundet og tabt &#x2013;</p>
    <p>Min lille små lille
     <lb/>kapital er svundet in &#x2013; igår 
     <lb/>ta<del rend="overwritten">p</del>bte jeg meget &#x2013; Jeg sov ikke 
     <lb/>inat &#x2013; Jeg lå og regnet efter &#x2013; <del rend="overstrike">det</del> det
    <lb/><del rend="overstrike">ha</del> <gap reason="scribble"/> var <del rend="overstrike">en</del> vist en feil 
    <lb/>jeg hadde begået der var skyld
     <lb/>i tab. &#x2013; Idag skulde jeg 
    <lb/>gjøre det godt igjen. Jeg går
    <lb/><del rend="overstrike">Jeg sidder</del> <del rend="overstrike">at i kup</del></p>
    <p>Jeg Jeg sidder at i kuppeen</p>
   </div></div><div corresp="#imtArea_1" type="imtAnnotation"><head>&#x00A0;</head><div>
    <opener><salute><handShift new="EM2"/>Kjære <persName key="pe606">Werenskiold</persName></salute></opener>
    <p>Tak for brevet,</p>
    </div></div></div>
  </body>
 </text>
</TEI>
