<?xml version="1.0" encoding="UTF-8"?>
<!DOCTYPE TEI PUBLIC "-//TEI P5 MunchTEI//DTD TEI P5 Unified for Edvard Munch's Texts//EN" "file:/O:/Munchs tekster/Transkripsjoner/MunchTEI.dtd" >
<TEI xmlns="http://www.tei-c.org/ns/1.0" version="5.0" xml:id="No-MM_N0146-00-01v">
<teiHeader>
 <fileDesc>
<titleStmt>
<title>No-MM_N0146-00-01v.jpg</title>
</titleStmt>

<publicationStmt>
<p></p>
</publicationStmt>
<sourceDesc>
<p>2704 x 4064</p>
</sourceDesc>
 </fileDesc>
 <encodingDesc>


 
  <tagsDecl xml:id="imtAnnotationCategories"><rendition xml:id="transcription"><label>Contains the transcribed and TEI P5 encoded text of the objects</label><code rend="rectangle" lang="text/css">color: #ff0000</code></rendition><rendition xml:id="commentary"><label>Kommentarer</label><code rend="rectangle" lang="text/css">color: #00ff00</code></rendition><rendition xml:id="philologicalNotes"><label>Edisjonsfilologiske noter</label><code rend="rectangle" lang="text/css">color: #0000ff</code></rendition><rendition xml:id="textForSearch"><desc>transcriptional</desc><label>Søkbar tekst</label><code rend="rectangle" lang="text/css">color: #000000</code></rendition></tagsDecl><appInfo>
     <application ident="ImageMarkupTool01" version="1.8.1.3" notAfter="2009-04-23T14:49:59">
     <label>
     Image Markup Tool</label><desc>
     Tool for annotating images using TEI</desc><ref type="appURI" target="http://www.tapor.uvic.ca/~mholmes/image_markup/">
     </ref><ptr target="#imtAnnotatedImage"></ptr><ptr target="#imtImageAnnotations"></ptr><ptr target="#imtAnnotationCategories"></ptr></application>
     
     
     </appInfo></encodingDesc>
</teiHeader>
 <facsimile xml:id="imtAnnotatedImage"><surface><graphic url="No-MM_N0146-00-01v.jpg" width="2704px" height="4064px"></graphic><zone xml:id="imtArea_0" rendition="transcription" ulx="278" uly="366" lrx="2465" lry="2736" rend="visible"></zone><zone xml:id="imtArea_1" rendition="transcription" ulx="493" uly="3185" lrx="1940" lry="3570" rend="visible"></zone></surface></facsimile>
 <text>
  <body>
   <div xml:id="imtImageAnnotations"><div corresp="#imtArea_0" type="imtAnnotation"><head>&#x00A0;</head><div>
    <p rend="extraAir">Jeg synes det virker lidt komisk
    <lb/>at fremhæve at jeg var så kjæk
    <lb/>at male i skjorteærmer trods bronchit &#x2013;
    <lb/>Jeg har <del rend="overstrike">jeg</del> jo ofte malt mig
    <lb/>nøgen ude og tar lange friluftsbad
    <lb/>nøgen om sommeren &#x2013; Jeg tror den
    <lb/>lille spøk helst bør sløifes</p>
    <p>Min far var en slags
    <lb/>kunstnernatur meget impulsi<del rend="overwritten"><gap/></del>v
    <lb/>og kunde være meget hefti &#x2013; Var
    <lb/>helt opofrende for os og var
    <lb/>uudtømmeli i at fortælle spændende
    <lb/>eventyr der sat vort sind i bevægelse
    <lb/>Han fortalte os gutter stadi om
    <lb/>sagaen som han kunde utenat
    <lb/>Han var dybt religiøs og meget
    <lb/>nervøs &#x2013;</p>
    </div></div><div corresp="#imtArea_1" type="imtAnnotation"><head>&#x00A0;</head><div>
    <p><handShift new="EM2"/><persName key="pe257">Kollmann</persName></p>
   </div></div></div>
  </body>
 </text>
</TEI>
