<?xml version="1.0" encoding="UTF-8"?>
<!DOCTYPE TEI PUBLIC "-//TEI P5 MunchTEI//DTD TEI P5 Unified for Edvard Munch's Texts//EN" "file:/O:/Munchs tekster/Transkripsjoner/MunchTEI.dtd" >
<TEI xmlns="http://www.tei-c.org/ns/1.0" version="5.0" xml:id="No-MM_N0077-00-02r">
<teiHeader>
 <fileDesc>
<titleStmt>
<title>No-MM_N0077-00-02r.jpg</title>
</titleStmt>

<publicationStmt>
<p></p>
</publicationStmt>
<sourceDesc>
<p>2704 x 4064</p>
</sourceDesc>
 </fileDesc>
 <encodingDesc>


 
  <tagsDecl xml:id="imtAnnotationCategories"><rendition xml:id="transcription"><label>Contains the transcribed and TEI P5 encoded text of the objects</label><code rend="rectangle" lang="text/css">color: #ff0000</code></rendition><rendition xml:id="commentary"><label>Kommentarer</label><code rend="rectangle" lang="text/css">color: #00ff00</code></rendition><rendition xml:id="philologicalNotes"><label>Edisjonsfilologiske noter</label><code rend="rectangle" lang="text/css">color: #0000ff</code></rendition><rendition xml:id="textForSearch"><desc>transcriptional</desc><label>Søkbar tekst</label><code rend="rectangle" lang="text/css">color: #000000</code></rendition></tagsDecl><appInfo>
     <application ident="ImageMarkupTool01" version="1.8.1.7" notAfter="2010-04-26T14:22:38">
     <label>
     Image Markup Tool</label><desc>
     Tool for annotating images using TEI</desc><ref type="appURI" target="http://www.tapor.uvic.ca/~mholmes/image_markup/">
     </ref><ptr target="#imtAnnotatedImage"></ptr><ptr target="#imtImageAnnotations"></ptr><ptr target="#imtAnnotationCategories"></ptr></application>
     
     
     </appInfo></encodingDesc>
</teiHeader>
 <facsimile xml:id="imtAnnotatedImage"><surface><graphic url="No-MM_N0077-00-02r.jpg" width="2704px" height="4064px"></graphic><zone xml:id="imtArea_0" rendition="transcription" ulx="802" uly="1065" lrx="1862" lry="1816" rend="visible"></zone></surface></facsimile>
 <text>
  <body>
   <div xml:id="imtImageAnnotations"><div corresp="#imtArea_0" type="imtAnnotation"><head>&#x00A0;</head>
    <div>
     <p>Det var i <date when="1895">1895</date>. &#x2013; Jeg hadde utstilling om
      <lb/>høsten hos <orgName key="i92">Blomqvist</orgName>. &#x2013; Striden gik voldsomt om
      <lb/>billedene. &#x2013; Der roptes paa boycotting av lo-
      <lb/>kalet &#x2013; politi &#x2013;</p>
     <p>&#x2013; En dag træffer jeg <persName key="pe218">Ibsen</persName> dernede. &#x2013; Han
      <lb/>gik bort til mig &#x2013; Det interesserer mig meget &#x2013;
      <lb/>sa han. &#x2013; Tro mig &#x2013; det vil gaa Dem som mig &#x2013;
      <lb/>jo flere fiender jo flere venner &#x2013;.</p>
     <p>Jeg maatte gaa med ham og han maatte se paa
      <lb/>hvert billede. Der var en hel del av livsfrisen
      <lb/>utstillet.</p>
    </div></div></div>
  </body>
 </text>
</TEI>