<?xml version="1.0" encoding="UTF-8"?>
<!DOCTYPE TEI PUBLIC "-//TEI P5 MunchTEI//DTD TEI P5 Unified for Edvard Munch's Texts//EN" "file:/O:/Munchs tekster/Transkripsjoner/MunchTEI.dtd" >
<TEI xmlns="http://www.tei-c.org/ns/1.0" version="5.0" xml:id="No-MM_N0036-01">
<teiHeader>
 <fileDesc>
<titleStmt>
<title>No-MM_N0036-01.jpg</title>
</titleStmt>

<publicationStmt>
<p></p>
</publicationStmt>
<sourceDesc>
<p>2704 x 4064</p>
</sourceDesc>
 </fileDesc>
 <encodingDesc>


 
  <tagsDecl xml:id="imtAnnotationCategories"><rendition xml:id="transcription"><label>Contains the transcribed and TEI P5 encoded text of the objects</label><code rend="rectangle" lang="text/css">color: #ff0000</code></rendition><rendition xml:id="commentary"><label>Kommentarer</label><code rend="rectangle" lang="text/css">color: #00ff00</code></rendition><rendition xml:id="philologicalNotes"><label>Edisjonsfilologiske noter</label><code rend="rectangle" lang="text/css">color: #0000ff</code></rendition><rendition xml:id="textForSearch"><desc>transcriptional</desc><label>Søkbar tekst</label><code rend="rectangle" lang="text/css">color: #000000</code></rendition></tagsDecl><appInfo>
     <application ident="ImageMarkupTool01" version="1.8.1.2" notAfter="2009-03-20T10:46:07">
     <label>
     Image Markup Tool</label><desc>
     Tool for annotating images using TEI</desc><ref type="appURI" target="http://www.tapor.uvic.ca/~mholmes/image_markup/">
     </ref><ptr target="#imtAnnotatedImage"></ptr><ptr target="#imtImageAnnotations"></ptr><ptr target="#imtAnnotationCategories"></ptr></application>
     
     
     </appInfo></encodingDesc>
</teiHeader>
 <facsimile xml:id="imtAnnotatedImage"><surface><graphic url="No-MM_N0036-01.jpg" width="2704px" height="4064px"></graphic><zone xml:id="imtArea_0" rendition="transcription" ulx="40" uly="408" lrx="2548" lry="3576" rend="visible"></zone></surface></facsimile>
 <text>
  <body>
   <div xml:id="imtImageAnnotations"><div corresp="#imtArea_0" type="imtAnnotation"><head>&#x00A0;</head><div>
    <p>Frisen var tænkt <del rend="overstrike">som</del> som dekorations
    <lb/>Billeder der samlet gav et billed 
     <lb/>af Livet &#x2013; <del rend="overstrike">det</del> <del rend="overstrike">Gjennem</del> <del rend="overstrike">Det</del> Gjennem de 
     <lb/>hele går <del rend="overwritten">en</del>den bu<del rend="overwritten">k</del>gtede strand &#x2013; det 
    <lb/>bevægelige hav og og trærne som 
    <lb/>stadig gjentagende <del rend="overstrike">m</del> motiver</p>
    <p>Den udstilledes først samlet
    <lb/><orgName key="i5">Berliner Secessionen</orgName> <date when="1902">1902</date> <del rend="overwritten"><gap/></del>under 
    <lb/>titelen <del rend="overwritten"><gap/></del>fra det moderne Sjæleliv  
    <lb/><del rend="overstrike">Fr</del> Den begyndende kjærlighed &#x2013; 
    <lb/>Kjærligheds høidepunkt og dens dalen 
     <lb/>og Døden &#x2013;</p>
    <p><del rend="overstrike">Der</del> Derefter udstilledes den hos 
    <lb/>Kunsthandler <orgName key="i332">Vechio</orgName> i <placeName key="pl80">Leipzig</placeName> 
    <lb/>derefter hos <orgName key="i92">Blomquist</orgName> i <date when="1903">1903</date>
    <lb/><gap reason="scribble"/>Jeg havde tænkt mig den delvis 
    <lb/><del rend="overstrike">som en</del> studie til Dekoration af 
    <lb/>en stor sal med glasmaleri</p>
    <p><unclear reason="writing">Selvfølgen</unclear> var der ingen der</p>
    </div></div></div>
  </body>
 </text>
</TEI>
