<?xml version="1.0" encoding="UTF-8"?>
<!DOCTYPE TEI PUBLIC "-//TEI P5 MunchTEI//DTD TEI P5 Unified for Edvard Munch's Texts//EN" "file:/O:/Munchs tekster/Transkripsjoner/MunchTEI.dtd" >
<TEI xmlns="http://www.tei-c.org/ns/1.0" version="5.0" xml:id="No-MM_N0049-00-01v">
<teiHeader>
 <fileDesc>
<titleStmt>
<title>No-MM_N0049-00-01v.jpg</title>
</titleStmt>

<publicationStmt>
<p></p>
</publicationStmt>
<sourceDesc>
<p>2704 x 4064</p>
</sourceDesc>
 </fileDesc>
 <encodingDesc>


 
  <tagsDecl xml:id="imtAnnotationCategories"><rendition xml:id="transcription"><label>Contains the transcribed and TEI P5 encoded text of the objects</label><code rend="rectangle" lang="text/css">color: #ff0000</code></rendition><rendition xml:id="commentary"><label>Kommentarer</label><code rend="rectangle" lang="text/css">color: #00ff00</code></rendition><rendition xml:id="philologicalNotes"><label>Edisjonsfilologiske noter</label><code rend="rectangle" lang="text/css">color: #0000ff</code></rendition><rendition xml:id="textForSearch"><desc>transcriptional</desc><label>Søkbar tekst</label><code rend="rectangle" lang="text/css">color: #000000</code></rendition></tagsDecl><appInfo>
     <application ident="ImageMarkupTool01" version="1.8.1.3" notAfter="2009-03-23T13:59:59">
     <label>
     Image Markup Tool</label><desc>
     Tool for annotating images using TEI</desc><ref type="appURI" target="http://www.tapor.uvic.ca/~mholmes/image_markup/">
     </ref><ptr target="#imtAnnotatedImage"></ptr><ptr target="#imtImageAnnotations"></ptr><ptr target="#imtAnnotationCategories"></ptr></application>
     
     
     </appInfo></encodingDesc>
</teiHeader>
 <facsimile xml:id="imtAnnotatedImage"><surface><graphic url="No-MM_N0049-00-01v.jpg" width="2704px" height="4064px"></graphic><zone xml:id="imtArea_0" rendition="transcription" ulx="191" uly="561" lrx="2521" lry="3070" rend="visible"></zone></surface></facsimile>
 <text>
  <body>
   <div xml:id="imtImageAnnotations"><div corresp="#imtArea_0" type="imtAnnotation"><head>&#x00A0;</head><div>
    <p rend="noIndent">Hr <persName key="pe614">Nygård-Nilsen</persName> har vel ikke greie på 
    <lb/>noen teknik og mindst min &#x2013;</p>
    <p>Billederne er malt som alle mine billeder 
    <lb/>og billederne i <del rend="overstrike"><gap/></del> <orgName key="i84">Nationalgalleriet</orgName> &#x2013;</p>
    <p>At forklare hvordan jeg bruker osså terpentin 
    <lb/>når det passer mig og om min særegne 
    <lb/>måte at benytte den agter jeg ikke at 
    <lb/>forklare hr <del rend="overstrike">Nygå</del> <persName key="pe614">Nilsen</persName>.</p>
    <p>Det hele er forat sætte mote malingen 
    <lb/>fresco på piedestallen &#x2013; De<del rend="overwritten">n</del>t er godt 
    <lb/>at den til sine opgaver <del rend="overstrike"><gap/></del> osså benyttes 
    <lb/>men den vil aldri fortrænge den olieteknik 
    <lb/>som <del rend="overstrike">er</del> siden renæssansens tid begyndte at 
    <lb/>studeres og senere forbedret &#x2013; <unclear reason="writing"><persName key="pe850">Grecos</persName></unclear> &#x2013; 
    <lb/><persName key="pe848">Titians</persName> <persName key="pe849">Tintorettos</persName> teknik &#x2013; <del rend="overwritten"><gap/></del>Den 
    <lb/>senere Fresco vil altid ha no tørt 
    <lb/>og kalt over sig &#x2013; Den når aldrig oliens 
    <lb/>dramatiske virkning</p>
    </div></div></div>
  </body>
 </text>
</TEI>
