<?xml version="1.0" encoding="UTF-8"?>
<!DOCTYPE TEI PUBLIC "-//TEI P5 MunchTEI//DTD TEI P5 Unified for Edvard Munch's Texts//EN" "file:/O:/Munchs tekster/Transkripsjoner/MunchTEI.dtd" >
<TEI xmlns="http://www.tei-c.org/ns/1.0" version="5.0" xml:id="No-MM_N0045-03.xml">
<teiHeader>
 <fileDesc>
<titleStmt>
<title>No-MM_N0045-03.jpg</title>
</titleStmt>

<publicationStmt>
<p></p>
</publicationStmt>
<sourceDesc>
<p>2704 x 4064</p>
</sourceDesc>
 </fileDesc>
 <encodingDesc>


 
  <tagsDecl xml:id="imtAnnotationCategories"><rendition xml:id="transcription"><label>Contains the transcribed and TEI P5 encoded text of the objects</label><code rend="rectangle" lang="text/css">color: #ff0000</code></rendition><rendition xml:id="commentary"><label>Kommentarer</label><code rend="rectangle" lang="text/css">color: #00ff00</code></rendition><rendition xml:id="philologicalNotes"><label>Edisjonsfilologiske noter</label><code rend="rectangle" lang="text/css">color: #0000ff</code></rendition><rendition xml:id="textForSearch"><desc>transcriptional</desc><label>Søkbar tekst</label><code rend="rectangle" lang="text/css">color: #000000</code></rendition></tagsDecl><appInfo>
     <application ident="ImageMarkupTool01" version="1.8.1.3" notAfter="2009-03-23T12:55:21">
     <label>
     Image Markup Tool</label><desc>
     Tool for annotating images using TEI</desc><ref type="appURI" target="http://www.tapor.uvic.ca/~mholmes/image_markup/">
     </ref><ptr target="#imtAnnotatedImage"></ptr><ptr target="#imtImageAnnotations"></ptr><ptr target="#imtAnnotationCategories"></ptr></application>
     
     
     </appInfo></encodingDesc>
</teiHeader>
 <facsimile xml:id="imtAnnotatedImage"><surface><graphic url="No-MM_N0045-03.jpg" width="2704px" height="4064px"></graphic><zone xml:id="imtArea_0" rendition="transcription" ulx="394" uly="390" lrx="2553" lry="2561" rend="visible"></zone></surface></facsimile>
 <text>
  <body>
   <div xml:id="imtImageAnnotations"><div corresp="#imtArea_0" type="imtAnnotation"><head>&#x00A0;</head><div>
    <p><del rend="overstrike">Vi har</del> Jeg og alle mine 
    <lb/>kjære har fra min far gåt 
    <lb/><del rend="overstrike">om</del> op og ned af gulvet i livsangst
    <lb/><del rend="overstrike">og g</del> galskab</p>
    <p>Dette <del rend="overstrike">va</del> har altsammen lagt 
    <lb/>grun<del rend="overwritten"><gap/></del>dvolden for min kunst 
    <lb/>og det var <del rend="overstrike">dette</del> dette der føltes 
    <lb/>på mig fra barndommen af 
    <lb/>som en blodig uretfærdighed 
    <lb/>der <del rend="overstrike">sk</del> la grundvolden til min
     <lb/>oprørstrang i min kunst &#x2013;</p>
    <p>Dertil kom <del rend="overstrike">den</del> rædselen om 
    <lb/>evig fortabelse i helvetes ild 
    <lb/>der <del rend="overstrike">bel</del> blev indpodet i os 
    <lb/>fra barn af</p>
    </div></div></div>
  </body>
 </text>
</TEI>
