<?xml version="1.0" encoding="UTF-8"?>
<!DOCTYPE TEI PUBLIC "-//TEI P5 MunchTEI//DTD TEI P5 Unified for Edvard Munch's Texts//EN" "file:/O:/Munchs tekster/Transkripsjoner/MunchTEI.dtd" >
<TEI xmlns="http://www.tei-c.org/ns/1.0" version="5.0" xml:id="No-MM_N0049-00-01r">
<teiHeader>
 <fileDesc>
<titleStmt>
<title>No-MM_N0049-00-01r.jpg</title>
</titleStmt>

<publicationStmt>
<p></p>
</publicationStmt>
<sourceDesc>
<p>2704 x 4064</p>
</sourceDesc>
 </fileDesc>
 <encodingDesc>


 
  <tagsDecl xml:id="imtAnnotationCategories"><rendition xml:id="transcription"><label>Contains the transcribed and TEI P5 encoded text of the objects</label><code rend="rectangle" lang="text/css">color: #ff0000</code></rendition><rendition xml:id="commentary"><label>Kommentarer</label><code rend="rectangle" lang="text/css">color: #00ff00</code></rendition><rendition xml:id="philologicalNotes"><label>Edisjonsfilologiske noter</label><code rend="rectangle" lang="text/css">color: #0000ff</code></rendition><rendition xml:id="textForSearch"><desc>transcriptional</desc><label>Søkbar tekst</label><code rend="rectangle" lang="text/css">color: #000000</code></rendition></tagsDecl><appInfo>
     <application ident="ImageMarkupTool01" version="1.8.1.3" notAfter="2009-03-23T13:59:36">
     <label>
     Image Markup Tool</label><desc>
     Tool for annotating images using TEI</desc><ref type="appURI" target="http://www.tapor.uvic.ca/~mholmes/image_markup/">
     </ref><ptr target="#imtAnnotatedImage"></ptr><ptr target="#imtImageAnnotations"></ptr><ptr target="#imtAnnotationCategories"></ptr></application>
     
     
     </appInfo></encodingDesc>
</teiHeader>
 <facsimile xml:id="imtAnnotatedImage"><surface><graphic url="No-MM_N0049-00-01r.jpg" width="2704px" height="4064px"></graphic><zone xml:id="imtArea_0" rendition="transcription" ulx="219" uly="581" lrx="2641" lry="3623" rend="visible"></zone></surface></facsimile>
 <text>
  <body>
   <div xml:id="imtImageAnnotations"><div corresp="#imtArea_0" type="imtAnnotation"><head>&#x00A0;</head><div>
    <p>Historier og skrøner fra idag</p>
    <lg rend="extraAir"><l>Wann i<del rend="overwritten"><gap/></del>ch schlief kamen</l> 
    <l>die Schweine und frasten von </l>
    <l>meiner <del rend="overstrike">R</del> Loorbeeren</l>
    </lg>
    <p><persName key="pe614">Nygård-Nilsen</persName> siger i sin bok om 
    <lb/>monumental kunst følgende &#x2013;</p>
    <p>Jeg havde lovet at male <ref type="lemma" target="co2">Aulabillederne</ref> 
    <lb/>i <del rend="overstrike">O</del> Fresco &#x2013; Det er usandt &#x2013; Det f<del rend="overwritten"><gap/></del>andt jeg 
    <lb/>aldeles upåkrævet da <unclear reason="writing">felter</unclear> <del rend="overstrike">passet</del> og salen 
    <lb/>passet bedst for oliemaling &#x2013; Desuten vilde jeg 
    <lb/>male billederne i den teknik jeg i år 
    <lb/>havde studeret</p>
    <p>Han sier at billederne efter noen år 
    <lb/>måtte tas ned for at restaureres <del rend="overstrike">eller</del></p> 
    <p>Det er usandt &#x2013; <ref type="lemma" target="co2">Aulabillederne</ref> har været 
    <lb/>tat ned forat <del rend="overstrike">f</del> renses for sot forat ferniseres 
    <lb/>og isoleres &#x2013; Billederne har aldrig virket 
    <lb/>bedre og farverike end nu &#x2013;</p>
    <p>Han sier at det er malt i terpentinteknik</p>
    </div></div></div>
  </body>
 </text>
</TEI>
