<?xml version="1.0" encoding="UTF-8"?>
<!DOCTYPE TEI PUBLIC "-//TEI P5 MunchTEI//DTD TEI P5 Unified for Edvard Munch's Texts//EN" "file:/O:/Munchs tekster/Transkripsjoner/MunchTEI.dtd" >
<TEI xmlns="http://www.tei-c.org/ns/1.0" version="5.0" xml:id="No-MM_N0056-00-01v">
<teiHeader>
 <fileDesc>
<titleStmt>
<title>No-MM_N0056-00-01v.jpg</title>
</titleStmt>

<publicationStmt>
<p></p>
</publicationStmt>
<sourceDesc>
<p>2704 x 4064</p>
</sourceDesc>
 </fileDesc>
 <encodingDesc>


 
  <tagsDecl xml:id="imtAnnotationCategories"><rendition xml:id="transcription"><label>Contains the transcribed and TEI P5 encoded text of the objects</label><code rend="rectangle" lang="text/css">color: #ff0000</code></rendition><rendition xml:id="commentary"><label>Kommentarer</label><code rend="rectangle" lang="text/css">color: #00ff00</code></rendition><rendition xml:id="philologicalNotes"><label>Edisjonsfilologiske noter</label><code rend="rectangle" lang="text/css">color: #0000ff</code></rendition><rendition xml:id="textForSearch"><desc>transcriptional</desc><label>Søkbar tekst</label><code rend="rectangle" lang="text/css">color: #000000</code></rendition></tagsDecl><appInfo>
     <application ident="ImageMarkupTool01" version="1.8.1.3" notAfter="2009-03-24T10:34:48">
     <label>
     Image Markup Tool</label><desc>
     Tool for annotating images using TEI</desc><ref type="appURI" target="http://www.tapor.uvic.ca/~mholmes/image_markup/">
     </ref><ptr target="#imtAnnotatedImage"></ptr><ptr target="#imtImageAnnotations"></ptr><ptr target="#imtAnnotationCategories"></ptr></application>
     
     
     </appInfo></encodingDesc>
</teiHeader>
 <facsimile xml:id="imtAnnotatedImage"><surface><graphic url="No-MM_N0056-00-01v.jpg" width="2704px" height="4064px"></graphic><zone xml:id="imtArea_0" rendition="transcription" ulx="179" uly="453" lrx="2386" lry="3742" rend="visible"></zone><zone xml:id="imtArea_1" rendition="transcription" ulx="2191" uly="569" lrx="2708" lry="2537" rend="visible"></zone><zone xml:id="imtArea_2" rendition="transcription" ulx="2144" uly="2342" lrx="2708" lry="3785" rend="visible"></zone></surface></facsimile>
 <text>
  <body>
   <div xml:id="imtImageAnnotations"><div corresp="#imtArea_0" type="imtAnnotation"><head>&#x00A0;</head><div>
    <p>Professor <persName key="pe499">Brøgger</persName> <del rend="overstrike">havde</del> kom som natur-
    <lb/>videnskabs mand med særli vægtige 
    <lb/>inlæg mot historien &#x2013;</p>
    <p>Der <del rend="overstrike">kunde ikke </del>exister<del rend="overwritten">er</del>te ikke 
     <lb/>Eketrær ved kysten &#x2013; sa han &#x2013; !!! &#x2013; 
    <lb/>O alvidenhed &#x2013;</p>
    <p>Det gamle træ jeg malte efter <del rend="overwritten"><gap/></del>der 
    <lb/><del rend="overstrike">ve</del> stod ved kysten lige ved vannet 
    <lb/>er nu <gap reason="scribble"/> rådnet væk &#x2013; Men <del rend="overwritten">den</del>jeg 
    <lb/>gik <del rend="overwritten">s</del>i sommer langs stranden ved 
    <lb/><placeName key="pl29">Kragerø</placeName> gjennem en skov af tusinde  af
    <lb/>eketrær &#x2013;</p>
    <p>Så var det farverne</p>
    <p>Blå stene! Det kan jeg forsikre aldri 
    <lb/>fins sa han</p>
    <p>Jeg har se<del rend="overwritten"><gap/></del>t mange blå stene &#x2013; 
    <lb/>men forresten kan en hest i <del rend="overstrike">løb</del> 
    <lb/>forskjellige belysninger være rød gul 
    <lb/><del rend="overwritten">v</del>hvid og blå &#x2013;</p>
    <p>Så gamle Prof. <persName key="pe854">Dietrichson</persName>.</p> 
    <p>Han sa at han måtte stemme 
    <lb/>mot den &#x2013; om han end var blind</p>
    <p>En blind Professor kan <del rend="overstrike">for</del> <del rend="overstrike">kunne</del> 
    <lb/>gjøre historier men ikke bedømme 
    <lb/>et maleri</p>
    <p><del rend="overwritten"><gap/></del>I sandhed vægtige grunde <del rend="overstrike">og</del>
    <lb/><del rend="overstrike">Alm</del> Historien blev forkastet og 
    <lb/><persName key="pe855">Schibsteds</persName> berømte gule tæ<del rend="overwritten"><gap/></del>pper blev 
    <lb/>hængt op</p>
    
   </div></div><div corresp="#imtArea_1" type="imtAnnotation"><head>&#x00A0;</head><div>
    <p>Jeg sa om <persName key="pe499">Brøgger</persName> at solens stråler 
    <lb/>ikke var nået ham &#x2013; slig <add place="supralinear">som</add> de liggende 
    <lb/>figurer under solstrålerne</p>
    
   </div></div><div corresp="#imtArea_2" type="imtAnnotation"><head>&#x00A0;</head><div>
    <p><persName key="pe1113">Vigeland</persName> min konkurent 
    <lb/><del rend="overstrike">påstod jeg hav</del> spredte 
    <lb/>ut det rygte at jeg havde 
    <lb/>revet istykker hans rædselsfulde
     <lb/><del rend="overstrike">drage</del> &#x00AB;drage&#x00BB; Osså dragekunst
    <lb/><persName key="pe458">This</persName> skulde <del rend="overstrike">været</del> om natten 
    <lb/>ha krøbet ud gjennem et glugge om natten</p>
    </div></div></div>
  </body>
 </text>
</TEI>
