<?xml version="1.0" encoding="UTF-8"?>
<!DOCTYPE TEI PUBLIC "-//TEI P5 MunchTEI//DTD TEI P5 Unified for Edvard Munch's Texts//EN" "file:/O:/Munchs tekster/Transkripsjoner/MunchTEI.dtd" >
<TEI xmlns="http://www.tei-c.org/ns/1.0" version="5.0" xml:id="No-MM_N0133-00-01r">
<teiHeader>
 <fileDesc>
<titleStmt>
<title>No-MM_N0133-00-01r.jpg</title>
</titleStmt>

<publicationStmt>
<p></p>
</publicationStmt>
<sourceDesc>
<p>2704 x 4064</p>
</sourceDesc>
 </fileDesc>
 <encodingDesc>


 
  <tagsDecl xml:id="imtAnnotationCategories"><rendition xml:id="transcription"><label>Contains the transcribed and TEI P5 encoded text of the objects</label><code rend="rectangle" lang="text/css">color: #ff0000</code></rendition><rendition xml:id="commentary"><label>Kommentarer</label><code rend="rectangle" lang="text/css">color: #00ff00</code></rendition><rendition xml:id="philologicalNotes"><label>Edisjonsfilologiske noter</label><code rend="rectangle" lang="text/css">color: #0000ff</code></rendition><rendition xml:id="textForSearch"><desc>transcriptional</desc><label>Søkbar tekst</label><code rend="rectangle" lang="text/css">color: #000000</code></rendition></tagsDecl><appInfo>
     <application ident="ImageMarkupTool01" version="1.8.1.3" notAfter="2009-04-22T10:02:35">
     <label>
     Image Markup Tool</label><desc>
     Tool for annotating images using TEI</desc><ref type="appURI" target="http://www.tapor.uvic.ca/~mholmes/image_markup/">
     </ref><ptr target="#imtAnnotatedImage"></ptr><ptr target="#imtImageAnnotations"></ptr><ptr target="#imtAnnotationCategories"></ptr></application>
     
     
     </appInfo></encodingDesc>
</teiHeader>
 <facsimile xml:id="imtAnnotatedImage"><surface><graphic url="No-MM_N0133-00-01r.jpg" width="2704px" height="4064px"></graphic><zone xml:id="imtArea_0" rendition="transcription" ulx="215" uly="441" lrx="2482" lry="990" rend="visible"></zone><zone xml:id="imtArea_1" rendition="transcription" ulx="350" uly="1026" lrx="2728" lry="3611" rend="visible"></zone></surface></facsimile>
 <text>
  <body>
   <div xml:id="imtImageAnnotations"><div corresp="#imtArea_0" type="imtAnnotation"><head>&#x00A0;</head><div>
    <p><handShift new="EM2"/><placeName key="pl51">Tyskland</placeName> Vinteren <date from="1892" to="1893">92&#x2013;93</date><seg type="typographicalSpace"/><date from="1893" to="1894">93&#x2013;<del rend="overwritten"><gap/></del>94</date>
     <lb/><placeName key="pl16">Paris</placeName> &#x2013;<seg type="typographicalSpace"/>2 år itræk <date from="1895" to="1897">95&#x2013;97</date>
    <lb/><del rend="overstrike">Vinter</del>
     <lb/>på reiser i <placeName key="pl100">Europa</placeName> <del rend="overwritten"><gap/></del><date from="1899" to="1905">99&#x2013;1901&#x2013;&#x2013;1904&#x2013;1905</date>
    <lb/>Tyskland Vintrene <date from="1902" to="1904">1902&#x2013;1903&#x2013;1904</date> med reiser og korte ophold i <placeName key="pl16">Paris</placeName>	
    <lb/>Hele sommerhalvåret <date when="1905">1905</date>
     <lb/>Tyskland <date from="1905" to="1909">1905&#x2013;1909</date> <del rend="overstrike"><orgName key="i153">Kliniken</orgName></del> Reiser <del rend="overwritten"><gap/></del>og korte ophold i <placeName key="pl16">Paris</placeName>
    <lb/><orgName key="i153">Kliniken</orgName> i <placeName key="pl22">Kjøbenhavn</placeName> <date when="1908">1908</date></p>
    
   </div></div><div corresp="#imtArea_1" type="imtAnnotation"><head>&#x00A0;</head><div>
    <p><handShift new="EM1"/><del rend="overstrike">Min</del></p>
    <p>I min familie var mange malere og digtere &#x2013;
    <lb/>Min oldemor på mødrene side var søster af <persName key="pe883">Edvard
    <lb/>Storm</persName> <del rend="overstrike">digt</del> <del rend="overstrike">må</del> den første måldigter <del rend="overwritten">s</del>han døde i
    <lb/><placeName key="pl22">Kjøbenhavn</placeName> &#x2013;</p>
    <p>Maleren Kaptain <persName key="pe1295">Munch</persName> var <persName key="pe594">Thaulows</persName> bedstefar
    <lb/>og fætter af min far &#x2013;</p>
    <p><persName key="pe94">Diriks</persName> var min fætter &#x2013; <del rend="overstrike">Ludv</del> <persName key="pe392">Ludvig Ravensberg</persName> &#x2013;
    <lb/>Præsterne i <placeName key="pl180">Våge</placeName> og <placeName key="pl196">Lom</placeName> &#x2013; min oldefar <del rend="overstrike">pr</del> Præsten
     <lb/><persName key="pe1297">Munch</persName> min tipoldefar <del rend="overwritten"><gap/></del><persName key="pe1298">Storm</persName> osså i <placeName key="pl180">Våge</placeName></p>
    <p>Der var <del rend="overstrike">Henn</del> præsten <persName key="pe1296">Henning Munch</persName> der i <date when="1600">1600</date> års
    <lb/>tallet dekorerte syndefallet i <orgName key="i152">Våge kirke</orgName> var
    <lb/>vistnok vor familie &#x2013; Jeg så dekorationen det var
     <lb/>intresant holdt i sort og hvidt &#x2013;<add place="margin-right" hand="NN1"><unclear reason="writing">fru Förster Nietzsche</unclear></add></p>
    <p>Min far <persName key="pe748">P.A. Munchs</persName> bror var en afgjort
    <lb/>kunstnernatur der tiltrods for sin hidsighed og
    <lb/><del rend="overstrike">ofte</del> ofte strenghed var en elskeli mand der lå
    <lb/>på gulvet og legte med os og gjorde allehånde
    <lb/>sp<del rend="overwritten"><gap/></del>ilopper &#x2013; Han var uudtømmeli i sine eventyr-
    <lb/>fortællinger der moret ham ligeså meget som os
    <lb/>Hele sagaen kunde han udenad og hver <del rend="overstrike">nat</del> aften
    <lb/>fortalte han os gutter af sagaen</p>
    <p>Det nervøst bevægeli var fra ham &#x2013;
    <lb/>Bjølstadfamilien var roli men vi arvet brystsygdommen
    <lb/>af vor mor</p>
    </div></div></div>
  </body>
 </text>
</TEI>
