<?xml version="1.0" encoding="UTF-8"?>
<!DOCTYPE TEI PUBLIC "-//TEI P5 MunchTEI//DTD TEI P5 Unified for Edvard Munch's Texts//EN" "file:/O:/Munchs tekster/Transkripsjoner/MunchTEI.dtd" >
<TEI xmlns="http://www.tei-c.org/ns/1.0" version="5.0" xml:id="No-MM_N0083-02">
<teiHeader>
 <fileDesc>
<titleStmt>
<title>No-MM_N0083-02.jpg</title>
</titleStmt>

<publicationStmt>
<p></p>
</publicationStmt>
<sourceDesc>
<p>2704 x 4064</p>
</sourceDesc>
 </fileDesc>
 <encodingDesc>


 
  <tagsDecl xml:id="imtAnnotationCategories"><rendition xml:id="transcription"><label>Contains the transcribed and TEI P5 encoded text of the objects</label><code rend="rectangle" lang="text/css">color: #ff0000</code></rendition><rendition xml:id="commentary"><label>Kommentarer</label><code rend="rectangle" lang="text/css">color: #00ff00</code></rendition><rendition xml:id="philologicalNotes"><label>Edisjonsfilologiske noter</label><code rend="rectangle" lang="text/css">color: #0000ff</code></rendition><rendition xml:id="textForSearch"><desc>transcriptional</desc><label>Søkbar tekst</label><code rend="rectangle" lang="text/css">color: #000000</code></rendition></tagsDecl><appInfo>
     <application ident="ImageMarkupTool01" version="1.8.1.3" notAfter="2009-03-27T08:57:09">
     <label>
     Image Markup Tool</label><desc>
     Tool for annotating images using TEI</desc><ref type="appURI" target="http://www.tapor.uvic.ca/~mholmes/image_markup/">
     </ref><ptr target="#imtAnnotatedImage"></ptr><ptr target="#imtImageAnnotations"></ptr><ptr target="#imtAnnotationCategories"></ptr></application>
     
     
     </appInfo></encodingDesc>
</teiHeader>
 <facsimile xml:id="imtAnnotatedImage"><surface><graphic url="No-MM_N0083-02.jpg" width="2704px" height="4064px"></graphic><zone xml:id="imtArea_0" rendition="transcription" ulx="60" uly="358" lrx="2589" lry="3710" rend="visible"></zone></surface></facsimile>
 <text>
  <body>
   <div xml:id="imtImageAnnotations"><div corresp="#imtArea_0" type="imtAnnotation"><head>&#x00A0;</head><div>
    <p>Men <orgName key="i101">Aftenposten</orgName> er den 
    <lb/>samme &#x2013;</p>
    <p>Og der er de samme folk 
    <lb/><del rend="overstrike">s<gap/> <gap/></del> der altid existerer 
    <lb/>den store udannede hob 
    <lb/>&#x2013; ikke den hob der dannes 
    <lb/>af <del rend="overwritten">a</del>Arbeidere og <unclear reason="writing">ubemidl</unclear> &#x2013;
    <lb/>&#x2013; den hob der <unclear reason="writing">dannes</unclear> <gap reason="writing"/>  
    <lb/>af den <unclear reason="writing">bærme</unclear> der findes 
    <lb/>i alle klasser fra Aristokratens 
    <lb/>Pengevælde &#x2013; til de lavere 
    <lb/>klasser &#x2013;</p>
    <p>Denne hob må have 
    <lb/>sin ud<del rend="overwritten"><gap/></del>ladning &#x2013; <del rend="overwritten"><gap/></del>de forlanger 
    <lb/>det &#x2013; og derfor lever og <unclear reason="writing">regerer</unclear>
    <lb/><orgName key="i101">Aftenposten</orgName> til evige tider</p>
    </div></div></div>
  </body>
 </text>
</TEI>
