<?xml version="1.0" encoding="UTF-8"?>
<!DOCTYPE TEI PUBLIC "-//TEI P5 MunchTEI//DTD TEI P5 Unified for Edvard Munch's Texts//EN" "file:/O:/Munchs tekster/Transkripsjoner/MunchTEI.dtd" >
<TEI xmlns="http://www.tei-c.org/ns/1.0" version="5.0" xml:id="No-MM_N0014-00-01r">
<teiHeader>
 <fileDesc>
<titleStmt>
<title>No-MM_N0014-00-01r.jpg</title>
</titleStmt>

<publicationStmt>
<p></p>
</publicationStmt>
<sourceDesc>
<p>2704 x 4064</p>
</sourceDesc>
 </fileDesc>
 <encodingDesc>


 
  <tagsDecl xml:id="imtAnnotationCategories"><rendition xml:id="transcription"><label>Contains the transcribed and TEI P5 encoded text of the objects</label><code rend="rectangle" lang="text/css">color: #ff0000</code></rendition><rendition xml:id="commentary"><label>Kommentarer</label><code rend="rectangle" lang="text/css">color: #00ff00</code></rendition><rendition xml:id="philologicalNotes"><label>Edisjonsfilologiske noter</label><code rend="rectangle" lang="text/css">color: #0000ff</code></rendition><rendition xml:id="textForSearch"><desc>transcriptional</desc><label>Søkbar tekst</label><code rend="rectangle" lang="text/css">color: #000000</code></rendition></tagsDecl><appInfo>
     <application ident="ImageMarkupTool01" version="1.8.1.2" notAfter="2009-03-16T09:42:56">
     <label>
     Image Markup Tool</label><desc>
     Tool for annotating images using TEI</desc><ref type="appURI" target="http://www.tapor.uvic.ca/~mholmes/image_markup/">
     </ref><ptr target="#imtAnnotatedImage"></ptr><ptr target="#imtImageAnnotations"></ptr><ptr target="#imtAnnotationCategories"></ptr></application>
     
     
     </appInfo></encodingDesc>
</teiHeader>
 <facsimile xml:id="imtAnnotatedImage"><surface><graphic url="No-MM_N0014-00-01r.jpg" width="2704px" height="4064px"></graphic><zone xml:id="imtArea_0" rendition="transcription" ulx="156" uly="344" lrx="2408" lry="3816" rend="visible"></zone></surface></facsimile>
 <text>
  <body>
   <div xml:id="imtImageAnnotations"><div corresp="#imtArea_0" type="imtAnnotation"><head>&#x00A0;</head><div>
    <p>Ja gjør det vel da sa <del rend="overwritten">h</del><persName key="pe188">Hertzberg</persName>
     <lb/><del rend="overstrike">Men jeg hadde allerede</del></p>
    <p>Nei sa jeg &#x2013; Jeg <del rend="overwritten"><gap/></del>hadde sat 
     <lb/>mig tilbage mod veggen &#x2013; 
    <lb/>det sprængte i mine øine 
    <lb/><del rend="overstrike">død død</del> og jeg stirret <del rend="overstrike"><gap/></del> 
     <lb/>sansesløst <del rend="overstrike">op</del> ud i veiret &#x2013;</p>
    <p><add place="inBetweenLines">Vi gik ud på gaden</add>
    <lb/>Hvordan hadde du det med 
     <lb/><del rend="overstrike"><gap/></del> din far &#x2013; <persName key="pe188">Hertzberg</persName></p>
    <p>Hvad skulde jeg ikke gi om 
    <lb/>jeg kunde <del rend="overstrike">læ</del> <del rend="overstrike">endnu engang</del> bare 
    <lb/><del rend="overstrike">læ</del> e<del rend="overwritten">g</del>ngang lægge mine arme 
    <lb/>om hans grå hode og si 
    <lb/>hvor jeg holdt af ham.</p>
    <p>Det var altid denne genancen</p>
    <p>Det er ikke så meget al den 
     <lb/>sorg jeg har gjort ham &#x2013; <del rend="overstrike">fordi</del>
    <lb/><del rend="overstrike">det</del> Det er mere det <del rend="overstrike">at jeg</del> <gap reason="scribble"/>
    <lb/>mindre ting. At jeg var kold når 
     <lb/>han var blød &#x2013;</p>    
   </div></div></div>
  </body>
 </text>
</TEI>
