<?xml version="1.0" encoding="UTF-8"?>
<!DOCTYPE TEI PUBLIC "-//TEI P5 MunchTEI//DTD TEI P5 Unified for Edvard Munch's Texts//EN" "file:/O:/Munchs tekster/Transkripsjoner/MunchTEI.dtd" >
<TEI xmlns="http://www.tei-c.org/ns/1.0" version="5.0" xml:id="No-MM_N0094-04">
<teiHeader>
 <fileDesc>
<titleStmt>
<title>No-MM_N0094-04.jpg</title>
</titleStmt>

<publicationStmt>
<p></p>
</publicationStmt>
<sourceDesc>
<p>2704 x 4064</p>
</sourceDesc>
 </fileDesc>
 <encodingDesc>


 
  <tagsDecl xml:id="imtAnnotationCategories"><rendition xml:id="transcription"><label>Contains the transcribed and TEI P5 encoded text of the objects</label><code rend="rectangle" lang="text/css">color: #ff0000</code></rendition><rendition xml:id="commentary"><label>Kommentarer</label><code rend="rectangle" lang="text/css">color: #00ff00</code></rendition><rendition xml:id="philologicalNotes"><label>Edisjonsfilologiske noter</label><code rend="rectangle" lang="text/css">color: #0000ff</code></rendition><rendition xml:id="textForSearch"><desc>transcriptional</desc><label>Søkbar tekst</label><code rend="rectangle" lang="text/css">color: #000000</code></rendition></tagsDecl><appInfo>
     <application ident="ImageMarkupTool01" version="1.8.1.3" notAfter="2009-03-27T14:47:20">
     <label>
     Image Markup Tool</label><desc>
     Tool for annotating images using TEI</desc><ref type="appURI" target="http://www.tapor.uvic.ca/~mholmes/image_markup/">
     </ref><ptr target="#imtAnnotatedImage"></ptr><ptr target="#imtImageAnnotations"></ptr><ptr target="#imtAnnotationCategories"></ptr></application>
     
     
     </appInfo></encodingDesc>
</teiHeader>
 <facsimile xml:id="imtAnnotatedImage"><surface><graphic url="No-MM_N0094-04.jpg" width="2704px" height="4064px"></graphic><zone xml:id="imtArea_0" rendition="transcription" ulx="254" uly="191" lrx="2652" lry="3921" rend="visible"></zone></surface></facsimile>
 <text>
  <body>
   <div xml:id="imtImageAnnotations"><div corresp="#imtArea_0" type="imtAnnotation"><head>&#x00A0;</head><div>
    <p rend="noIndent">thi  forarges ikke så 
     <lb/>mer. De <del rend="overstrike">bek</del> begeistres 
    <lb/>vistnok ikke men 
    <lb/>det vil de <del rend="overwritten">s</del>vist helst 
     <lb/>slippe, men færre <del rend="overstrike">kommer</del> 
     <lb/>går didop <gap reason="writing"/> &#x2013;</p>
    <p><del rend="overwritten"><gap/></del><persName key="pe477">Wentzel</persName> forsover <add place="infralinear">sig mere og mere nu</add> 
    <lb/>må sig man tilgiver 
    <lb/>ham <del rend="overwritten"><gap/></del>at han i sin 
    <lb/><del rend="overstrike">tid</del> tid male<del rend="overwritten"><gap/></del>de en pukkelrygget 
     <lb/>snedker &#x2013; Hans to <unclear reason="writing">føderåds-
    <lb/>folk</unclear> er vistnok <del rend="overstrike">fattig</del> 
    <lb/>gamle og <del rend="overstrike">fa</del> endog fattige 
     <lb/>men folk <del rend="overstrike">liker det aligevel</del> <add place="supralinear">tilgiver ham det</add> 
    <lb/>han har ladet gulvet
    <lb/><del rend="overstrike">fernissere være</del> blankt poleret 
    <lb/>og bordet og <del rend="overstrike">borde</del> møblerne 
    <lb/>været blankt polerede 
    <lb/>og den tunge luften støvede 
    <lb/>luften der <unclear reason="writing">fins</unclear> <gap reason="scribble"/> har 
    <lb/>han ikke havt med</p>
    
   </div></div></div>
  </body>
 </text>
</TEI>
