<?xml version="1.0" encoding="UTF-8"?>
<!DOCTYPE TEI PUBLIC "-//TEI P5 MunchTEI//DTD TEI P5 Unified for Edvard Munch's Texts//EN" "file:/O:/Munchs tekster/Transkripsjoner/MunchTEI.dtd" >
<TEI xmlns="http://www.tei-c.org/ns/1.0" version="5.0" xml:id="No-MM_N0150-00-01v">
<teiHeader>
 <fileDesc>
<titleStmt>
<title>No-MM_N0150-00-01v.jpg</title>
</titleStmt>

<publicationStmt>
<p></p>
</publicationStmt>
<sourceDesc>
<p>2704 x 4064</p>
</sourceDesc>
 </fileDesc>
 <encodingDesc>


 
  <tagsDecl xml:id="imtAnnotationCategories"><rendition xml:id="transcription"><label>Contains the transcribed and TEI P5 encoded text of the objects</label><code rend="rectangle" lang="text/css">color: #ff0000</code></rendition><rendition xml:id="commentary"><label>Kommentarer</label><code rend="rectangle" lang="text/css">color: #00ff00</code></rendition><rendition xml:id="philologicalNotes"><label>Edisjonsfilologiske noter</label><code rend="rectangle" lang="text/css">color: #0000ff</code></rendition><rendition xml:id="textForSearch"><desc>transcriptional</desc><label>Søkbar tekst</label><code rend="rectangle" lang="text/css">color: #000000</code></rendition></tagsDecl><appInfo>
     <application ident="ImageMarkupTool01" version="1.8.1.4" notAfter="2010-03-09T11:22:52">
     <label>
     Image Markup Tool</label><desc>
     Tool for annotating images using TEI</desc><ref type="appURI" target="http://www.tapor.uvic.ca/~mholmes/image_markup/">
     </ref><ptr target="#imtAnnotatedImage"></ptr><ptr target="#imtImageAnnotations"></ptr><ptr target="#imtAnnotationCategories"></ptr></application>
     
     
     </appInfo></encodingDesc>
</teiHeader>
 <facsimile xml:id="imtAnnotatedImage"><surface><graphic url="No-MM_N0150-00-01v.jpg" width="2704px" height="4064px"></graphic><zone xml:id="imtArea_0" rendition="transcription" ulx="95" uly="457" lrx="2385" lry="2366" rend="visible"></zone></surface></facsimile>
 <text>
  <body>
   <div xml:id="imtImageAnnotations"><div corresp="#imtArea_0" type="imtAnnotation"><head>&#x00A0;</head><div>
    <p><handShift new="EM1"/>Mine senere 20 års arbeide kan opfattes
    <lb/>på en opslitende næsten frygteli kamp <del rend="overwritten"><gap/></del>forat
    <lb/>få <del rend="overstrike">udt</del> udnytte hva jeg lærte og <unclear reason="writing">prøve</unclear> på at
    <lb/>kunne atter nå det tapte plateau</p>
    <p>&#x2013; Derfor mine så kritiserte og misundte
    <lb/>2 Eiendomme <placeName key="pl41">Ekely</placeName> og <placeName key="pl46">Nedre Ramme</placeName> med
    <lb/>sine frie atelierer &#x2013;</p>
    <p>&#x2013; Her har jeg prøvet at holde min kunst
    <lb/>gj<gap reason="writing"/> i <unclear reason="writing">niveauet</unclear> &#x2013;</p>
    <p>Men <del rend="overstrike">selv jeg</del> man tålte ikke jeg
    <lb/>ikke brugte et par <del rend="overstrike">hundrede tusend</del> kr
    <lb/>jeg selv havde tjent til at bygge disse
    <lb/>træatelierer &#x2013; for de</p>
    </div></div></div>
  </body>
 </text>
</TEI>
