<?xml version="1.0" encoding="UTF-8"?>
<!DOCTYPE TEI PUBLIC "-//TEI P5 MunchTEI//DTD TEI P5 Unified for Edvard Munch's Texts//EN" "file:/O:/Munchs tekster/Transkripsjoner/MunchTEI.dtd" >
<TEI xmlns="http://www.tei-c.org/ns/1.0" version="5.0" xml:id="No-MM_N0101-01">
<teiHeader>
 <fileDesc>
<titleStmt>
<title>No-MM_N0101-01.jpg</title>
</titleStmt>

<publicationStmt>
<p></p>
</publicationStmt>
<sourceDesc>
<p>2704 x 4064</p>
</sourceDesc>
 </fileDesc>
 <encodingDesc>


 
  <tagsDecl xml:id="imtAnnotationCategories"><rendition xml:id="transcription"><label>Contains the transcribed and TEI P5 encoded text of the objects</label><code rend="rectangle" lang="text/css">color: #ff0000</code></rendition><rendition xml:id="commentary"><label>Kommentarer</label><code rend="rectangle" lang="text/css">color: #00ff00</code></rendition><rendition xml:id="philologicalNotes"><label>Edisjonsfilologiske noter</label><code rend="rectangle" lang="text/css">color: #0000ff</code></rendition><rendition xml:id="textForSearch"><desc>transcriptional</desc><label>Søkbar tekst</label><code rend="rectangle" lang="text/css">color: #000000</code></rendition></tagsDecl><appInfo>
     <application ident="ImageMarkupTool01" version="1.8.1.3" notAfter="2009-03-30T16:54:24">
     <label>
     Image Markup Tool</label><desc>
     Tool for annotating images using TEI</desc><ref type="appURI" target="http://www.tapor.uvic.ca/~mholmes/image_markup/">
     </ref><ptr target="#imtAnnotatedImage"></ptr><ptr target="#imtImageAnnotations"></ptr><ptr target="#imtAnnotationCategories"></ptr></application>
     
     
     </appInfo></encodingDesc>
</teiHeader>
 <facsimile xml:id="imtAnnotatedImage"><surface><graphic url="No-MM_N0101-01.jpg" width="2704px" height="4064px"></graphic><zone xml:id="imtArea_0" rendition="transcription" ulx="127" uly="258" lrx="2370" lry="3761" rend="visible"></zone></surface></facsimile>
 <text>
  <body>
   <div xml:id="imtImageAnnotations"><div corresp="#imtArea_0" type="imtAnnotation"><head>&#x00A0;</head><div>
    <p>Han var fornøiet over at han
    <lb/>kunde le &#x2013; si</p>
    <p><del rend="overwritten"><gap/></del><gap/> jeg gjorde rigtinok spas
    <lb/>med ham &#x2013; jeg var så kje
    <lb/>a ham &#x2013; det var jo uforsigti</p>
    <p>Ja for de ved jo franskmændene
    <lb/>tåler ikke meget &#x2013; de<del rend="overwritten">r</del>t kunde
    <lb/>jo blit &#x2013;</p>
    <p>Duel hadde <ref type="lemma" target="co6">Brandt</ref> lyst til
    <lb/>at tilføie &#x2013; men gjore det ikke</p>
    <p>De<del rend="overwritten"><gap/></del>t bekyndte at tykne til
    <lb/>&#x2013; <del rend="overstrike">småddryp</del> smådry<del rend="overwritten"><gap/></del>ppe &#x2013; <del rend="overstrike">nu</del>
    <lb/><del rend="overstrike">har vi</del> Kaptainen slog sin
    <lb/>paraply op &#x2013; tillader de sa <ref type="lemma" target="co6">Brandt</ref>
    <lb/>&#x2013; han tog ham under armen forat
    <lb/>nyde godt af Parapplyen &#x2013; han
    <lb/>lænet sig formeli ind til ham &#x2013;
    <lb/><ref type="lemma" target="co6">Brandt</ref> så på de forbigående om
    <lb/>han så noen <unclear reason="writing">smilen</unclear> &#x2013;</p>
    <p><del rend="overstrike">De gik under</del></p>
    <p><del rend="overwritten"><gap/></del>Kaptainen så på uhret &#x2013; halv to</p>
    </div></div></div>
  </body>
 </text>
</TEI>
