<?xml version="1.0" encoding="UTF-8"?>
<!DOCTYPE TEI PUBLIC "-//TEI P5 MunchTEI//DTD TEI P5 Unified for Edvard Munch's Texts//EN" "file:/O:/Munchs tekster/Transkripsjoner/MunchTEI.dtd" >
<TEI xmlns="http://www.tei-c.org/ns/1.0" version="5.0" xml:id="No-MM_N0059-03">
<teiHeader>
 <fileDesc>
<titleStmt>
<title>No-MM_N0059-03.jpg</title>
</titleStmt>

<publicationStmt>
<p></p>
</publicationStmt>
<sourceDesc>
<p>2704 x 4064</p>
</sourceDesc>
 </fileDesc>
 <encodingDesc>


 
  <tagsDecl xml:id="imtAnnotationCategories"><rendition xml:id="transcription"><label>Contains the transcribed and TEI P5 encoded text of the objects</label><code rend="rectangle" lang="text/css">color: #ff0000</code></rendition><rendition xml:id="commentary"><label>Kommentarer</label><code rend="rectangle" lang="text/css">color: #00ff00</code></rendition><rendition xml:id="philologicalNotes"><label>Edisjonsfilologiske noter</label><code rend="rectangle" lang="text/css">color: #0000ff</code></rendition><rendition xml:id="textForSearch"><desc>transcriptional</desc><label>Søkbar tekst</label><code rend="rectangle" lang="text/css">color: #000000</code></rendition></tagsDecl><appInfo>
     <application ident="ImageMarkupTool01" version="1.8.1.3" notAfter="2009-03-24T12:54:33">
     <label>
     Image Markup Tool</label><desc>
     Tool for annotating images using TEI</desc><ref type="appURI" target="http://www.tapor.uvic.ca/~mholmes/image_markup/">
     </ref><ptr target="#imtAnnotatedImage"></ptr><ptr target="#imtImageAnnotations"></ptr><ptr target="#imtAnnotationCategories"></ptr></application>
     
     
     </appInfo></encodingDesc>
</teiHeader>
 <facsimile xml:id="imtAnnotatedImage"><surface><graphic url="No-MM_N0059-03.jpg" width="2704px" height="4064px"></graphic><zone xml:id="imtArea_0" rendition="transcription" ulx="159" uly="318" lrx="2398" lry="3738" rend="visible"></zone></surface></facsimile>
 <text>
  <body>
   <div xml:id="imtImageAnnotations"><div corresp="#imtArea_0" type="imtAnnotation"><head>&#x00A0;</head><div>
    <p>Kunsten løste sig <unclear reason="writing">fra både</unclear>
    <lb/>Impressionismen (<persName key="pe856">Manet</persName>)
    <lb/>og <del rend="overwritten">i</del>fra <del rend="overstrike">det</del> <del rend="overwritten"><gap/></del>naturen
    <lb/>det var sjælen der udviklet 
    <lb/>sig fra det elementære &#x2013;
    <lb/><del rend="overstrike">og tog form i Symbolismen</del>
    <lb/><add place="inBetweenLines" hand="EM2">de nyere retninger</add>
    <lb/>I Symbolismen fandt
     <lb/><del rend="overstrike" hand="EM2">den sin form &#x2013;</del> <add place="supralinear">søger der sin form</add></p>
    <figure rend="longHorizRule"/>
    <p>I de lyse nætter 
    <lb/>har formerne fantastiske 
    <lb/>farver &#x2013; ved stranden 
    <lb/><del rend="overstrike">kommer</del> ligger stener 
    <lb/>som trolde &#x2013; de <del rend="overstrike">rø</del> 
    <lb/>bevæger sig &#x2013; det er 
    <lb/>en reflex af det vuggende 
    <lb/>hav &#x2013; da gør man 
    <lb/>stene som <gap reason="writing"/> et <del rend="overwritten"><gap/></del>trold &#x2013;</p>    
   </div></div></div>
  </body>
 </text>
</TEI>
