<?xml version="1.0" encoding="UTF-8"?>
<!DOCTYPE TEI PUBLIC "-//TEI P5 MunchTEI//DTD TEI P5 Unified for Edvard Munch's Texts//EN" "file:/O:/Munchs tekster/Transkripsjoner/MunchTEI.dtd" >
<TEI xmlns="http://www.tei-c.org/ns/1.0" version="5.0" xml:id="No-MM_N0038-01">
<teiHeader>
 <fileDesc>
<titleStmt>
<title>No-MM_N0038-01.jpg</title>
</titleStmt>

<publicationStmt>
<p></p>
</publicationStmt>
<sourceDesc>
<p>2704 x 4064</p>
</sourceDesc>
 </fileDesc>
 <encodingDesc>


 
  <tagsDecl xml:id="imtAnnotationCategories"><rendition xml:id="transcription"><label>Contains the transcribed and TEI P5 encoded text of the objects</label><code rend="rectangle" lang="text/css">color: #ff0000</code></rendition><rendition xml:id="commentary"><label>Kommentarer</label><code rend="rectangle" lang="text/css">color: #00ff00</code></rendition><rendition xml:id="philologicalNotes"><label>Edisjonsfilologiske noter</label><code rend="rectangle" lang="text/css">color: #0000ff</code></rendition><rendition xml:id="textForSearch"><desc>transcriptional</desc><label>Søkbar tekst</label><code rend="rectangle" lang="text/css">color: #000000</code></rendition></tagsDecl><appInfo>
     <application ident="ImageMarkupTool01" version="1.8.1.4" notAfter="2010-04-20T15:44:29">
     <label>
     Image Markup Tool</label><desc>
     Tool for annotating images using TEI</desc><ref type="appURI" target="http://www.tapor.uvic.ca/~mholmes/image_markup/">
     </ref><ptr target="#imtAnnotatedImage"></ptr><ptr target="#imtImageAnnotations"></ptr><ptr target="#imtAnnotationCategories"></ptr></application>
     
     
     </appInfo></encodingDesc>
</teiHeader>
 <facsimile xml:id="imtAnnotatedImage"><surface><graphic url="No-MM_N0038-01.jpg" width="2704px" height="4064px"></graphic><zone xml:id="imtArea_0" rendition="transcription" ulx="12" uly="228" lrx="2453" lry="3690" rend="visible"></zone><zone xml:id="imtArea_2" rendition="transcription" ulx="2240" uly="1576" lrx="2600" lry="3632" rend="visible"></zone></surface></facsimile>
 <text>
  <body>
   <div xml:id="imtImageAnnotations"><div corresp="#imtArea_0" type="imtAnnotation"><head>&#x00A0;</head><div>
    <p>E g<del rend="overstrike"><gap/></del>odt billede med 10 huller 
     <lb/>er bedre at have end <del rend="overstrike">ma</del> 
     <lb/>ti dårlige malerier uten huller</p>
    <figure rend="longHorizRule"/>
    <p rend="noIndent">Sehr verehrter</p>
    <p rend="noIndent-extraAir">Jeg vil nødig skrive om min kunst 
     <lb/>Det blir let et program 
     <lb/>Alle Programmer er <del rend="overstrike"><del rend="overwritten"><gap/></del><gap/></del> 
     <lb/>dømt til at <del rend="overwritten"><gap/></del>brydes &#x2013; ligesom 
     <lb/>alle forbund og sammenslutninger &#x2013;
     <lb/>&#x2013; De hænger en om benene 
     <lb/>som tunge lænker</p>
    <p rend="extraAir">Alle program på 
     <lb/>forhånd dødsdømte  
     <lb/>Som lænker om benene</p>
    <p>Det bølger og blir tåke 
     <lb/>for øinene på den dødsdømte på
     <lb/>veien til skafottet &#x2013; så fæstes hans blik 
     <lb/>til en knop &#x2013; til en blomst &#x2013; T<del rend="overwritten"><gap/></del>anken hænger og</p>
    </div></div><div corresp="#imtArea_1" type="imtAnnotation"><head>&#x00A0;</head><div>
    <p rend="noIndent">klorer sig til dem <add place="inBetweenLines">Hvor underli gul blomsten
     <lb/>er &#x2013; hvor pudsi knoppen er</add></p>
     </div></div></div>
  </body>
 </text>
</TEI>
