<?xml version="1.0" encoding="UTF-8"?>
<!DOCTYPE TEI PUBLIC "-//TEI P5 MunchTEI//DTD TEI P5 Unified for Edvard Munch's Texts//EN" "file:/O:/Munchs tekster/Transkripsjoner/MunchTEI.dtd">
<TEI xmlns="http://www.tei-c.org/ns/1.0" version="5.0" xml:id="No-MM_N0116_1r">
<teiHeader>
 <fileDesc>
<titleStmt>
<title>No-MM_N0116-00-01r.jpg</title>
</titleStmt>

<publicationStmt>
<p></p>
</publicationStmt>
<sourceDesc>
<p>2704 x 4064</p>
</sourceDesc>
 </fileDesc>
 <encodingDesc>


 <tagsDecl xml:id="imtAnnotationCategories"><rendition xml:id="transcription"><desc>transcriptional</desc><label>Contains the transcribed and TEI P5 encoded text of the objects</label><code rend="rectangle" lang="text/css">color: #ff0000</code></rendition><rendition xml:id="commentary"><label>Comments</label><code rend="rectangle" lang="text/css">color: #00ff00</code></rendition><rendition xml:id="philologicalNotes"><label>Editorial notes</label><code rend="rectangle" lang="text/css">color: #0000ff</code></rendition></tagsDecl><appInfo>
     <application ident="ImageMarkupTool01" version="1.8.1.3" notAfter="2009-05-05T20:57:32">
     <label>
     Image Markup Tool</label><desc>
     Tool for annotating images using TEI</desc><ref type="appURI" target="http://www.tapor.uvic.ca/~mholmes/image_markup/">
     </ref><ptr target="#imtAnnotatedImage"></ptr><ptr target="#imtImageAnnotations"></ptr><ptr target="#imtAnnotationCategories"></ptr></application>
     
     
     </appInfo></encodingDesc>
</teiHeader>
 <facsimile xml:id="imtAnnotatedImage"><surface><graphic url="No-MM_N0116-00-01r.jpg" width="700px" height="1052px"></graphic><zone xml:id="imtArea_0" rendition="transcription" ulx="37" uly="158" lrx="667" lry="952" rend="visible"></zone></surface></facsimile>
<text>
 <body>
<div xml:id="imtImageAnnotations"><div facs="#imtArea_0" type="imtAnnotation"><head>&#x00A0;</head>
 <div>
 <p rend="extraAir"><hi rend="underlined">Frøken <space dim="horizontal" unit="cm" quantity="2"></space> og</hi> Mo</p>
  <p><del rend="overstrike">Jeg</del> <del rend="overstrike"> <gap reason="writing"></gap></del> Damen i den blå Kåbe syntes ham kjendt
   <lb/>Hun stanset pludselig op og så ind <del rend="overstrike">af</del> ad et vindu
   <lb/><del rend="overstrike">gik så <unclear>videre</unclear></del> &#x2013; men hun vendte sig atter og
   <lb/><add place="supralinear">nærmede</add> gik videre Var det hende<seg type="interpunctionalSpace"/>Hvor gammel syntes
   <lb/>han ikke hun var bleven &#x2013; var det virkelig
   <lb/>hende<seg type="interpunctionalSpace"/>Han vidste ikke rigtig om han
   <lb/>skulde hilse <del rend="overstrike"> <gap reason="writing"></gap> <gap reason="writing"></gap></del> Da hun var lige ved
   <lb/>siden af ham så hun ham <del rend="overstrike">ret</del> stivt
   <lb/>ind i ansigtet &#x2013; og jo det var hende <del rend="overstrike">Det var</del> <del rend="overstrike">Hun</del>
   <lb/>Dette blik havde <del rend="overstrike">hu fået</del> han før fået
   <lb/><del rend="overstrike">og</del> og han <add place="supralinear">følte det samme</add></p>
  <p rend="emptyPartOfPage"><add place="supralinear"><del rend="overstrike">Havde</del></add> <add place="supralinear"><gap reason="scribble"/> <del rend="overstrike">Ælskede hun ham endnu</del></add> Var hun endnu glad i ham &#x2013; Det
   <lb/>Blikket var spørgende og <del rend="overstrike">bedende</del> noget lidende
   <lb/>Og <del rend="overstrike">han følte</del> den <del rend="overstrike">samme medlidenhed</del>
   <lb/>som før Hun var ligsom <add place="infralinear">mindre</add> blevet
   <lb/><del rend="overstrike">Før havde</del>
   <lb/>Tidligere
   <lb/>var</p>
   <p>Frøken <del rend="overstrike">så</del> kom tilbage fra butikken og
   <lb/>gik mod ham. <del rend="overstrike">Han <unclear>stirede</unclear> ind i det klare
    <lb/>barneansigt med de <gap reason="writing"></gap> deilige øine</del></p>
  <p><del rend="overstrike">øinene</del> Hun så ham trohjertig ind i <del rend="overstrike"> <gap reason="writing"></gap></del>
   <lb/>ansiktet<seg type="interpunctionalSpace"/>Hun så deilig</p>
</div></div></div>
</body>
</text>
</TEI>