<?xml version="1.0" encoding="UTF-8"?>
<!DOCTYPE TEI PUBLIC "-//TEI P5 MunchTEI//DTD TEI P5 Unified for Edvard Munch's Texts//EN" "file:/O:/Munchs tekster/Transkripsjoner/MunchTEI.dtd" >
<TEI xmlns="http://www.tei-c.org/ns/1.0" version="5.0" xml:id="No-MM_N0039-00-01v">
<teiHeader>
 <fileDesc>
<titleStmt>
<title>No-MM_N0039-00-01v.jpg</title>
</titleStmt>

<publicationStmt>
<p></p>
</publicationStmt>
<sourceDesc>
<p>2704 x 4064</p>
</sourceDesc>
 </fileDesc>
 <encodingDesc>


 
  <tagsDecl xml:id="imtAnnotationCategories"><rendition xml:id="transcription"><label>Contains the transcribed and TEI P5 encoded text of the objects</label><code rend="rectangle" lang="text/css">color: #ff0000</code></rendition><rendition xml:id="commentary"><label>Kommentarer</label><code rend="rectangle" lang="text/css">color: #00ff00</code></rendition><rendition xml:id="philologicalNotes"><label>Edisjonsfilologiske noter</label><code rend="rectangle" lang="text/css">color: #0000ff</code></rendition><rendition xml:id="textForSearch"><desc>transcriptional</desc><label>Søkbar tekst</label><code rend="rectangle" lang="text/css">color: #000000</code></rendition></tagsDecl><appInfo>
     <application ident="ImageMarkupTool01" version="1.8.1.2" notAfter="2009-03-20T16:23:52">
     <label>
     Image Markup Tool</label><desc>
     Tool for annotating images using TEI</desc><ref type="appURI" target="http://www.tapor.uvic.ca/~mholmes/image_markup/">
     </ref><ptr target="#imtAnnotatedImage"></ptr><ptr target="#imtImageAnnotations"></ptr><ptr target="#imtAnnotationCategories"></ptr></application>
     
     
     </appInfo></encodingDesc>
</teiHeader>
 <facsimile xml:id="imtAnnotatedImage"><surface><graphic url="No-MM_N0039-00-01v.jpg" width="2704px" height="4064px"></graphic><zone xml:id="imtArea_0" rendition="transcription" ulx="236" uly="212" lrx="2624" lry="3888" rend="visible"></zone></surface></facsimile>
 <text>
  <body>
   <div xml:id="imtImageAnnotations"><div corresp="#imtArea_0" type="imtAnnotation"><head>&#x00A0;</head><div>
    <p rend="noIndent">skal herske. <del rend="overstrike">Det st</del>
    <lb/><orgName key="i276">Høstudstillingen</orgName> antager 
    <lb/>mere og mere karakter 
    <lb/>af store ør<del rend="overwritten">g</del>kener hvor Publikum 
    <lb/>intet har <del rend="overstrike"><gap/></del>at vredes over 
    <lb/>men heller intet at gribes 
    <lb/>ved</p>
    <p>De der ser noget de 
    <lb/>i fremtiden<unclear reason="writing">;</unclear> <del rend="overstrike">de kan engang</del>
    <lb/>vil lykkes at få frem 
    <lb/>i den skikkelse det skal 
    <lb/>de <del rend="overstrike">de</del> som har noget 
    <lb/>de ikke for alt vil slippe 
    <lb/>som heller vil lade sine 
    <lb/>værker blive aborter end give 
    <lb/>slip på det noget, <add place="supralinear">som er kjernen,</add> som
    <lb/><gap reason="scribble"/> ofrer alt end give slip på 
    <lb/>det <del rend="overwritten">f</del>de føler er <del rend="overwritten">ku</del> det <del rend="overwritten"><gap/></del>inderste 
    <lb/>i kunsten det der ikke læres) 
    <lb/>de skal undertrykkes
    <lb/><del rend="overwritten"><gap/></del>Og de <unclear reason="writing">invandrede</unclear> malere 
    <lb/>de der ikke har ofret noget
    <lb/><del rend="overwritten"><gap/></del>af sit blod på kampens <gap reason="writing"/></p>
    </div></div></div>
  </body>
 </text>
</TEI>
