<?xml version="1.0" encoding="UTF-8"?>
<!DOCTYPE TEI PUBLIC "-//TEI P5 MunchTEI//DTD TEI P5 Unified for Edvard Munch's Texts//EN" "file:/O:/Munchs tekster/Transkripsjoner/MunchTEI.dtd" >
<TEI xmlns="http://www.tei-c.org/ns/1.0" version="5.0" xml:id="No-MM_N0142-00-01r">
<teiHeader>
 <fileDesc>
<titleStmt>
<title>No-MM_N0142-00-01r.jpg</title>
</titleStmt>

<publicationStmt>
<p></p>
</publicationStmt>
<sourceDesc>
<p>2704 x 4064</p>
</sourceDesc>
 </fileDesc>
 <encodingDesc>


 
  <tagsDecl xml:id="imtAnnotationCategories"><rendition xml:id="transcription"><label>Contains the transcribed and TEI P5 encoded text of the objects</label><code rend="rectangle" lang="text/css">color: #ff0000</code></rendition><rendition xml:id="commentary"><label>Kommentarer</label><code rend="rectangle" lang="text/css">color: #00ff00</code></rendition><rendition xml:id="philologicalNotes"><label>Edisjonsfilologiske noter</label><code rend="rectangle" lang="text/css">color: #0000ff</code></rendition><rendition xml:id="textForSearch"><desc>transcriptional</desc><label>Søkbar tekst</label><code rend="rectangle" lang="text/css">color: #000000</code></rendition></tagsDecl><appInfo>
     <application ident="ImageMarkupTool01" version="1.8.1.3" notAfter="2009-04-23T11:36:45">
     <label>
     Image Markup Tool</label><desc>
     Tool for annotating images using TEI</desc><ref type="appURI" target="http://www.tapor.uvic.ca/~mholmes/image_markup/">
     </ref><ptr target="#imtAnnotatedImage"></ptr><ptr target="#imtImageAnnotations"></ptr><ptr target="#imtAnnotationCategories"></ptr></application>
     
     
     </appInfo></encodingDesc>
</teiHeader>
 <facsimile xml:id="imtAnnotatedImage"><surface><graphic url="No-MM_N0142-00-01r.jpg" width="2704px" height="4064px"></graphic><zone xml:id="imtArea_0" rendition="transcription" ulx="167" uly="251" lrx="2672" lry="3989" rend="visible"></zone></surface></facsimile>
 <text>
  <body>
   <div xml:id="imtImageAnnotations"><div corresp="#imtArea_0" type="imtAnnotation"><head>&#x00A0;</head><div>
    <opener><salute>Kjære Oliemaler!</salute> </opener><p rend="noLineBreakBefore">Du behøver
    <lb/>ikke at reise til <placeName key="pl83">London</placeName>
    <lb/>forat se Engelsk Kunst &#x2013;</p>
    <p>Jeg har seet den Engelske
    <lb/>Udstilling &#x2013; og jeg skal beskrive
    <lb/>Dig Billederne hvis Du
    <lb/>kommer hid &#x2013; Desuden skal
    <lb/>jeg vise Dig et Par Ansichtskarten
    <lb/>med Gjengivelser &#x2013;</p>
    <p><del rend="overwritten">Jeg</del>Hvis Du kommer hid
    <lb/>må Du opføre Dig dannet
    <lb/>&#x2013; hvilket jeg ikke er sikker
    <lb/>på siden jeg så Dig spasere
    <lb/>over Gulvet <del rend="overstrike">p</del> hos <ref type="lemma" target="co173">Mairen</ref>
    <lb/>i <placeName key="pl70">Nisza</placeName> &#x2013; eller du lå og
    <lb/>sprællet på det grønne Bord
    <lb/>&#x2013; Det er nemlig nødvendig
    <lb/>at en af to opfører sig dannet
    <lb/>&#x2013; Jeg har selv her 10 ungefechtete
    <lb/>Dueller &#x2013; 30 Æresforn<del rend="overwritten"><gap/></del>ærmelses
    <lb/>sager &#x2013; <del rend="overwritten"><gap/></del>6 Fosterfordrivelses
    <lb/>historier &#x2013; 20 Forførte</p>
    </div></div></div>
  </body>
 </text>
</TEI>
