<?xml version="1.0" encoding="UTF-8"?>
<!DOCTYPE TEI PUBLIC "-//TEI P5 MunchTEI//DTD TEI P5 Unified for Edvard Munch's Texts//EN" "file:/O:/Munchs tekster/Transkripsjoner/MunchTEI.dtd" >
<TEI xmlns="http://www.tei-c.org/ns/1.0" version="5.0" xml:id="No-MM_N0140-00-01r">
<teiHeader>
 <fileDesc>
<titleStmt>
<title>No-MM_N0140-00-01r.jpg</title>
</titleStmt>

<publicationStmt>
<p></p>
</publicationStmt>
<sourceDesc>
<p>4064 x 2704</p>
</sourceDesc>
 </fileDesc>
 <encodingDesc>


 
  <tagsDecl xml:id="imtAnnotationCategories"><rendition xml:id="transcription"><label>Contains the transcribed and TEI P5 encoded text of the objects</label><code rend="rectangle" lang="text/css">color: #ff0000</code></rendition><rendition xml:id="commentary"><label>Kommentarer</label><code rend="rectangle" lang="text/css">color: #00ff00</code></rendition><rendition xml:id="philologicalNotes"><label>Edisjonsfilologiske noter</label><code rend="rectangle" lang="text/css">color: #0000ff</code></rendition><rendition xml:id="textForSearch"><desc>transcriptional</desc><label>Søkbar tekst</label><code rend="rectangle" lang="text/css">color: #000000</code></rendition></tagsDecl><appInfo>
     <application ident="ImageMarkupTool01" version="1.8.1.3" notAfter="2009-04-23T10:40:53">
     <label>
     Image Markup Tool</label><desc>
     Tool for annotating images using TEI</desc><ref type="appURI" target="http://www.tapor.uvic.ca/~mholmes/image_markup/">
     </ref><ptr target="#imtAnnotatedImage"></ptr><ptr target="#imtImageAnnotations"></ptr><ptr target="#imtAnnotationCategories"></ptr></application>
     
     
     </appInfo></encodingDesc>
</teiHeader>
 <facsimile xml:id="imtAnnotatedImage"><surface><graphic url="No-MM_N0140-00-01r.jpg" width="4064px" height="2704px"></graphic><zone xml:id="imtArea_0" rendition="transcription" ulx="373" uly="455" lrx="3148" lry="1953" rend="visible"></zone><zone xml:id="imtArea_1" rendition="transcription" ulx="3000" uly="521" lrx="3841" lry="2154" rend="visible"></zone></surface></facsimile>
 <text>
  <body>
   <div xml:id="imtImageAnnotations"><div corresp="#imtArea_0" type="imtAnnotation"><head>&#x00A0;</head><div>
    <p>Første spalte av <persName key="pe215">Odd Hølaas</persName>
     <lb/>i &#x00AB;<orgName key="i67">Politikken</orgName>&#x00BB;</p>
    <p>Indlæg til skattenævnden</p> 
    <p><persName key="pe720">Onsagers</persName> <del rend="overstrike">indt</del> ord om mit mussæum</p>
    <p>Olavs orden</p>
    <p><del rend="overwritten">0</del>80 år</p>
    
   </div></div><div corresp="#imtArea_1" type="imtAnnotation"><head>&#x00A0;</head><div>
    <p>Jordstyret
    <lb/>og andre lar
    <lb/>mig trælle
    <lb/>til Matauking
    <lb/>i Krigsårene
    <lb/>så jeg blev
    <lb/>helt knækket
    <lb/>og kunde ikke
    <lb/>efter min vilie
    <lb/>sætte kronen
    <lb/>på mit værk</p>
     </div></div></div>
  </body>
 </text>
</TEI>
