<?xml version="1.0" encoding="UTF-8"?>
<!DOCTYPE TEI PUBLIC "-//TEI P5 MunchTEI//DTD TEI P5 Unified for Edvard Munch's Texts//EN" "file:/O:/Munchs tekster/Transkripsjoner/MunchTEI.dtd" >
<TEI xmlns="http://www.tei-c.org/ns/1.0" version="5.0" xml:id="No-MM_N0121-00-01v">
<teiHeader>
 <fileDesc>
<titleStmt>
<title>No-MM_N0121-00-01v.jpg</title>
</titleStmt>

<publicationStmt>
<p></p>
</publicationStmt>
<sourceDesc>
<p>2704 x 4064</p>
</sourceDesc>
 </fileDesc>
 <encodingDesc>


 
  <tagsDecl xml:id="imtAnnotationCategories"><rendition xml:id="transcription"><label>Contains the transcribed and TEI P5 encoded text of the objects</label><code rend="rectangle" lang="text/css">color: #ff0000</code></rendition><rendition xml:id="commentary"><label>Kommentarer</label><code rend="rectangle" lang="text/css">color: #00ff00</code></rendition><rendition xml:id="philologicalNotes"><label>Edisjonsfilologiske noter</label><code rend="rectangle" lang="text/css">color: #0000ff</code></rendition><rendition xml:id="textForSearch"><desc>transcriptional</desc><label>Søkbar tekst</label><code rend="rectangle" lang="text/css">color: #000000</code></rendition></tagsDecl><appInfo>
     <application ident="ImageMarkupTool01" version="1.8.1.3" notAfter="2009-04-15T13:52:16">
     <label>
     Image Markup Tool</label><desc>
     Tool for annotating images using TEI</desc><ref type="appURI" target="http://www.tapor.uvic.ca/~mholmes/image_markup/">
     </ref><ptr target="#imtAnnotatedImage"></ptr><ptr target="#imtImageAnnotations"></ptr><ptr target="#imtAnnotationCategories"></ptr></application>
     
     
     </appInfo></encodingDesc>
</teiHeader>
 <facsimile xml:id="imtAnnotatedImage"><surface><graphic url="No-MM_N0121-00-01v.jpg" width="2704px" height="4064px"></graphic><zone xml:id="imtArea_0" rendition="transcription" ulx="274" uly="262" lrx="2501" lry="3877" rend="visible"></zone></surface></facsimile>
 <text>
  <body>
   <div xml:id="imtImageAnnotations"><div corresp="#imtArea_0" type="imtAnnotation"><head>&#x00A0;</head><div>
    <p><handShift new="EM2"/>Han tog hende v<del rend="overwritten"><gap/></del>arsomt
    <lb/>om livet &#x2013; Hun hævet
    <lb/>sig op mod ham &#x2013; Og
    <lb/><del rend="overstrike">der forløb</del> han så ikke
    <lb/>mer <del rend="overwritten"><gap/></del>tænkte ikke mer &#x2013;
    <lb/>træerne og luften forsvandt &#x2013;
    <lb/><del rend="overstrike">noget deiligt tok ham</del></p>
    <p>&#x2013; Han følte som <del rend="overstrike">en</del>
    <lb/>varme læber mod <del rend="overstrike">hans</del> sin
    <lb/>hals &#x2013; <del rend="overstrike">og</del> som en <del rend="overwritten"><gap/></del>våd kjølig
    <lb/>kind <del rend="overstrike">gled</del> mod hans &#x2013;
    <lb/>og <del rend="overwritten"><gap/></del>hans læber gled
    <lb/>blødt ind i hendes &#x2013;
    <lb/><del rend="overstrike">han vilde gråte og juble</del>
    <lb/>&#x2013; han åbnet øinene han
    <lb/>så ind i to store <add place="supralinear">dunkelt grønne</add> øine
    <lb/>der så ind i hans &#x2013;
    <lb/><add place="inBetweenLines">Han hadde en følelse af at
     <lb/>ville gråte &#x2013; og samlede <unclear><del rend="overwritten"><gap/></del>gull</unclear></add></p>
    <p>Det var forbi
    <lb/><del rend="overstrike">De holdt hinanden i hænderne</del>
    <lb/>&#x2013; Træerne stod mørke og høie
    <lb/>mod den regntunge aftenluft
    <lb/>&#x2013; H<del rend="overwritten"><gap/></del>un <del rend="overwritten"><gap/></del>tog ham i haanden &#x2013;
    <lb/>og hvisket <del rend="overwritten">a</del>Adjø da &#x2013; så
    <lb/>sørgmodigt og blødt</p>
    </div></div></div>
  </body>
 </text>
</TEI>
