<?xml version="1.0" encoding="UTF-8"?>
<!DOCTYPE TEI PUBLIC "-//TEI P5 MunchTEI//DTD TEI P5 Unified for Edvard Munch's Texts//EN" "file:/O:/Munchs tekster/Transkripsjoner/MunchTEI.dtd" >
<TEI xmlns="http://www.tei-c.org/ns/1.0" version="5.0" xml:id="No-MM_N0021-01">
<teiHeader>
 <fileDesc>
<titleStmt>
<title>No-MM_N0021-01.jpg</title>
</titleStmt>

<publicationStmt>
<p></p>
</publicationStmt>
<sourceDesc>
<p>2704 x 4064</p>
</sourceDesc>
 </fileDesc>
 <encodingDesc>


 
  <tagsDecl xml:id="imtAnnotationCategories"><rendition xml:id="transcription"><label>Contains the transcribed and TEI P5 encoded text of the objects</label><code rend="rectangle" lang="text/css">color: #ff0000</code></rendition><rendition xml:id="commentary"><label>Kommentarer</label><code rend="rectangle" lang="text/css">color: #00ff00</code></rendition><rendition xml:id="philologicalNotes"><label>Edisjonsfilologiske noter</label><code rend="rectangle" lang="text/css">color: #0000ff</code></rendition><rendition xml:id="textForSearch"><desc>transcriptional</desc><label>Søkbar tekst</label><code rend="rectangle" lang="text/css">color: #000000</code></rendition></tagsDecl><appInfo>
     <application ident="ImageMarkupTool01" version="1.8.1.2" notAfter="2009-03-17T16:07:33">
     <label>
     Image Markup Tool</label><desc>
     Tool for annotating images using TEI</desc><ref type="appURI" target="http://www.tapor.uvic.ca/~mholmes/image_markup/">
     </ref><ptr target="#imtAnnotatedImage"></ptr><ptr target="#imtImageAnnotations"></ptr><ptr target="#imtAnnotationCategories"></ptr></application>
     
     
     </appInfo></encodingDesc>
</teiHeader>
 <facsimile xml:id="imtAnnotatedImage"><surface><graphic url="No-MM_N0021-01.jpg" width="2704px" height="4064px"></graphic><zone xml:id="imtArea_0" rendition="transcription" ulx="36" uly="588" lrx="2580" lry="3920" rend="visible"></zone></surface></facsimile>
 <text>
  <body>
   <div xml:id="imtImageAnnotations"><div corresp="#imtArea_0" type="imtAnnotation"><head>&#x00A0;</head><div>
    <p rend="extraAir">Når fremtidens tusend og 
    <lb/>en nat skal skrives <del rend="overstrike">kommer</del></p>
    <p>Her ved <del rend="overwritten">r</del><placeName key="pl232">Rivieraen</placeName> er Eventyrets 
    <lb/>lan<del rend="overwritten"><gap/></del>d<seg type="interpunctionalSpace"/>Når fremtidens tusend 
    <lb/>og en nat skal skrives blir 
    <lb/>s<del rend="overwritten"><gap/></del>cenen ikke henlagt til <del rend="overwritten"><gap/></del><placeName key="pl450">Indien</placeName> 
     <lb/>det blir her &#x2013; <del rend="overstrike">Som</del> Her støder 
    <lb/>rigerne sammen som i eventyret
    <lb/><del rend="overstrike">det</del> <placeName key="pl104">Frankrige</placeName> de<del rend="overwritten">n</del>t lile <placeName key="pl124">Monaco</placeName> og 
    <lb/><placeName key="pl90">Italien</placeName> &#x2013; <add place="inline">Liså ofte</add> Som i eventyret støder
    <lb/>man her <del rend="overstrike">på</del> på Princer og princesser
    <lb/>En <add place="supralinear">måneskindsa</add> <del rend="overstrike"><gap/></del> <del rend="overstrike"><del rend="overwritten"><gap/></del>Man</del> tar <add place="supralinear">man</add> sig en månskins 
    <lb/><add place="margin-left">aften</add> <del rend="overstrike">sp</del> spadsertur langs det bleggrønne 
     <lb/>vand &#x2013; <del rend="overstrike">der la</del> <del rend="overwritten"><gap/></del>Det lange <del rend="overstrike"><gap/></del>
    <lb/><del rend="overstrike">blølger drar sig mod stranden</del> <del rend="overstrike">st</del>
     <lb/>blinker i <del rend="overstrike">månelyset og</del> dør &#x2013; da 
    <lb/>støder man på <del rend="overstrike">et</del> <del rend="overstrike">slot</del> vidunderlie 
     <lb/>slotte indi en pragtfuld have &#x2013; der <del rend="overstrike">hvor</del></p>
    </div></div></div>
  </body>
 </text>
</TEI>
