<?xml version="1.0" encoding="UTF-8"?>
<!DOCTYPE TEI PUBLIC "-//TEI P5 MunchTEI//DTD TEI P5 Unified for Edvard Munch's Texts//EN" "file:/O:/Munchs tekster/Transkripsjoner/MunchTEI.dtd" >
<TEI xmlns="http://www.tei-c.org/ns/1.0" version="5.0" xml:id="No-MM_N0104-03">
<teiHeader>
 <fileDesc>
<titleStmt>
<title>No-MM_N0104-03.jpg</title>
</titleStmt>

<publicationStmt>
<p></p>
</publicationStmt>
<sourceDesc>
<p>2704 x 4064</p>
</sourceDesc>
 </fileDesc>
 <encodingDesc>


 
  <tagsDecl xml:id="imtAnnotationCategories"><rendition xml:id="transcription"><label>Contains the transcribed and TEI P5 encoded text of the objects</label><code rend="rectangle" lang="text/css">color: #ff0000</code></rendition><rendition xml:id="commentary"><label>Kommentarer</label><code rend="rectangle" lang="text/css">color: #00ff00</code></rendition><rendition xml:id="philologicalNotes"><label>Edisjonsfilologiske noter</label><code rend="rectangle" lang="text/css">color: #0000ff</code></rendition><rendition xml:id="textForSearch"><desc>transcriptional</desc><label>Søkbar tekst</label><code rend="rectangle" lang="text/css">color: #000000</code></rendition></tagsDecl><appInfo>
     <application ident="ImageMarkupTool01" version="1.8.1.3" notAfter="2009-04-03T11:48:01">
     <label>
     Image Markup Tool</label><desc>
     Tool for annotating images using TEI</desc><ref type="appURI" target="http://www.tapor.uvic.ca/~mholmes/image_markup/">
     </ref><ptr target="#imtAnnotatedImage"></ptr><ptr target="#imtImageAnnotations"></ptr><ptr target="#imtAnnotationCategories"></ptr></application>
     
     
     </appInfo></encodingDesc>
</teiHeader>
 <facsimile xml:id="imtAnnotatedImage"><surface><graphic url="No-MM_N0104-03.jpg" width="2704px" height="4064px"></graphic><zone xml:id="imtArea_0" rendition="transcription" ulx="87" uly="235" lrx="2342" lry="3889" rend="visible"></zone></surface></facsimile>
 <text>
  <body>
   <div xml:id="imtImageAnnotations"><div corresp="#imtArea_0" type="imtAnnotation"><head>&#x00A0;</head><div>
    <p>De gik så sagte &#x2013;
    <lb/>Ingen lyd hørtes <del rend="overstrike">uden de 
    <lb/><del rend="overwritten"><gap/></del>Alt var så stort og tomt
    <lb/>alt i <add place="supralinear"><del rend="overstrike">det hvidlige</del></add> måneskinnet.
    <lb/>Alt var</del></p>
    <p>Landskabet lå så stort og
    <lb/>tomt i det hvidlige måneskinnet
    <lb/><del rend="overstrike">Det</del> <del rend="overstrike">De var alene med månen</del>
    <lb/>og <del rend="overstrike">deres sky<del rend="overwritten">k</del>gger</del>
    <lb/>De var alene med sine skygger
    <lb/><add place="inBetweenLines">uden at se noget</add>
    <lb/>Så måtte hun gå hjem &#x2013;
    <lb/>Hun skulde tilbage til det
    <lb/><del rend="overstrike">store</del> øde huset &#x2013; <del rend="overstrike">Hun skulde
    <lb/>lægge sig der</del> Pigen har lagt
    <lb/>sig &#x2013; og hun lægger sig alene
    <lb/>i den <del rend="overwritten"><gap/></del>brede dobbelseng &#x2013;
    <lb/><add place="inBetweenLines">Mon hun synes jeg er dum som
    <lb/>ikke ber om et kys tænkte <del rend="overwritten"><gap/></del><ref type="lemma" target="co6">Brandt</ref></add></p>
    <p>Han sov ikke godt om natten
    <lb/>&#x2013; han <del rend="overstrike">tænkte på <unclear>at</unclear></del> aldrig
    <lb/>kysset noen &#x2013; tænk at ta <del rend="overwritten">en</del>hende
    <lb/><del rend="overstrike">dame </del>om livet lægge sin mund
    <lb/><del rend="overstrike">ti</del> indtil hendes &#x2013; Om han havde
    <lb/><del rend="overstrike">kys</del> bedt <ref type="lemma" target="co5">fru Heiberg</ref> om et kys</p>
    </div></div></div>
  </body>
 </text>
</TEI>
