<?xml version="1.0" encoding="UTF-8"?>
<!DOCTYPE TEI PUBLIC "-//TEI P5 MunchTEI//DTD TEI P5 Unified for Edvard Munch's Texts//EN" "file:/O:/Munchs tekster/Transkripsjoner/MunchTEI.dtd" >
<TEI xmlns="http://www.tei-c.org/ns/1.0" version="5.0" xml:id="No-MM_N0090-00-01r">
<teiHeader>
 <fileDesc>
<titleStmt>
<title>No-MM_N0090-00-01r.jpg</title>
</titleStmt>

<publicationStmt>
<p></p>
</publicationStmt>
<sourceDesc>
<p>2704 x 4064</p>
</sourceDesc>
 </fileDesc>
 <encodingDesc>


 
  <tagsDecl xml:id="imtAnnotationCategories"><rendition xml:id="transcription"><label>Contains the transcribed and TEI P5 encoded text of the objects</label><code rend="rectangle" lang="text/css">color: #ff0000</code></rendition><rendition xml:id="commentary"><label>Kommentarer</label><code rend="rectangle" lang="text/css">color: #00ff00</code></rendition><rendition xml:id="philologicalNotes"><label>Edisjonsfilologiske noter</label><code rend="rectangle" lang="text/css">color: #0000ff</code></rendition><rendition xml:id="textForSearch"><desc>transcriptional</desc><label>Søkbar tekst</label><code rend="rectangle" lang="text/css">color: #000000</code></rendition></tagsDecl><appInfo>
     <application ident="ImageMarkupTool01" version="1.8.1.3" notAfter="2009-03-27T14:11:54">
     <label>
     Image Markup Tool</label><desc>
     Tool for annotating images using TEI</desc><ref type="appURI" target="http://www.tapor.uvic.ca/~mholmes/image_markup/">
     </ref><ptr target="#imtAnnotatedImage"></ptr><ptr target="#imtImageAnnotations"></ptr><ptr target="#imtAnnotationCategories"></ptr></application>
     
     
     </appInfo></encodingDesc>
</teiHeader>
 <facsimile xml:id="imtAnnotatedImage"><surface><graphic url="No-MM_N0090-00-01r.jpg" width="2704px" height="4064px"></graphic><zone xml:id="imtArea_0" rendition="transcription" ulx="278" uly="604" lrx="2529" lry="2712" rend="visible"></zone></surface></facsimile>
 <text>
  <body>
   <div xml:id="imtImageAnnotations"><div corresp="#imtArea_0" type="imtAnnotation"><head>&#x00A0;</head><div>
    <opener rend="extraAir"><salute>Til 
     <lb/><orgName key="i20">Kunst og Kulturs</orgName> redaktion</salute></opener>
    <p rend="extraAir">Jeg må meddele Dem at der ikke 
    <lb/>kan reproduceres noget af mine malerier 
    <lb/>eller af grafik uten at jeg gir min specielle 
    <lb/>tilladelse &#x2013; Jeg må osså <del rend="overstrike">s</del> få teksten hvortil 
    <lb/>reproduktionerne blir brugt til gjennemsyn 
    <lb/>og må vite hvordan reproduktionerne blir 
    <lb/>sat in i texten</p>
    <closer><salute>Ærbødigst</salute> 
    <signed><persName key="pe627">Edvard Munch</persName></signed></closer>
    </div></div></div>
  </body>
 </text>
</TEI>