<?xml version="1.0" encoding="UTF-8"?>
<!DOCTYPE TEI PUBLIC "-//TEI P5 MunchTEI//DTD TEI P5 Unified for Edvard Munch's Texts//EN" "file:/O:/Munchs tekster/Transkripsjoner/MunchTEI.dtd" >
<TEI xmlns="http://www.tei-c.org/ns/1.0" version="5.0" xml:id="No-MM_N0022-02">
<teiHeader>
 <fileDesc>
<titleStmt>
<title>No-MM_N0022-02.jpg</title>
</titleStmt>

<publicationStmt>
<p></p>
</publicationStmt>
<sourceDesc>
<p>2704 x 4064</p>
</sourceDesc>
 </fileDesc>
 <encodingDesc>


 
  <tagsDecl xml:id="imtAnnotationCategories"><rendition xml:id="transcription"><label>Contains the transcribed and TEI P5 encoded text of the objects</label><code rend="rectangle" lang="text/css">color: #ff0000</code></rendition><rendition xml:id="commentary"><label>Kommentarer</label><code rend="rectangle" lang="text/css">color: #00ff00</code></rendition><rendition xml:id="philologicalNotes"><label>Edisjonsfilologiske noter</label><code rend="rectangle" lang="text/css">color: #0000ff</code></rendition><rendition xml:id="textForSearch"><desc>transcriptional</desc><label>Søkbar tekst</label><code rend="rectangle" lang="text/css">color: #000000</code></rendition></tagsDecl><appInfo>
     <application ident="ImageMarkupTool01" version="1.8.1.2" notAfter="2009-03-18T11:24:43">
     <label>
     Image Markup Tool</label><desc>
     Tool for annotating images using TEI</desc><ref type="appURI" target="http://www.tapor.uvic.ca/~mholmes/image_markup/">
     </ref><ptr target="#imtAnnotatedImage"></ptr><ptr target="#imtImageAnnotations"></ptr><ptr target="#imtAnnotationCategories"></ptr></application>
     
     
     </appInfo></encodingDesc>
</teiHeader>
 <facsimile xml:id="imtAnnotatedImage"><surface><graphic url="No-MM_N0022-02.jpg" width="2704px" height="4064px"></graphic><zone xml:id="imtArea_0" rendition="transcription" ulx="88" uly="264" lrx="2468" lry="3916" rend="visible"></zone></surface></facsimile>
 <text>
  <body>
   <div xml:id="imtImageAnnotations"><div corresp="#imtArea_0" type="imtAnnotation"><head>&#x00A0;</head><div>
    <p rend="noIndent"><unclear reason="blurredInk">blive</unclear> fra at reise did &#x2013; men for 
    <lb/>den der alt har begyndt hjælper 
     <lb/>intet &#x2013;<seg type="accidentalSpace"/>Har du engang <del rend="overstrike">hv</del> været
    <lb/>i dette eventyr slot <placeName key="pl108">Monte Carlo </placeName>
     <lb/>er du allerede fortryllet &#x2013; <del rend="overstrike">intet</del>
     <lb/><unclear reason="writing">Ja</unclear> &#x2013; du må tilbage &#x2013;</p>
    <p><del rend="overstrike">Je</del></p>
    <p>Det er fjorten dage siden 
    <lb/>jeg <del rend="overstrike">var</del> første gang var <del rend="overstrike">disse</del> <placeName key="pl108">Monte 
    <lb/>Carlos</placeName> parfumerde sale og siden 
     <lb/>har jeg været der <del rend="overwritten">hver</del><gap/> dage &#x2013;</p>
    <p>Hvor jeg var ængstelig første 
    <lb/>gangen<seg type="interpunctionalSpace"/><del rend="overwritten">s</del>jeg blev svimmel af den 
    <lb/><del rend="overwritten"><gap/></del>parfumefyldte <del rend="overstrike">l<gap/></del> hede luften.
    <lb/>Jeg gled på det blankpolerede 
     <lb/>gulv &#x2013; Og da jeg gik bort til 
    <lb/>et af borene sto <del rend="overstrike">alt</del> <del rend="overstrike">hv</del> for 
    <lb/>mig alt hva jeg havde læst 
    <lb/>og hørt om <del rend="overstrike">ens</del> alle <del rend="overwritten"><gap/></del>disse 
    <lb/>ulykker <gap reason="writing"/> <del rend="overstrike"><gap/></del> hernede</p>
    </div></div></div>
  </body>
 </text>
</TEI>
