<?xml version="1.0" encoding="UTF-8"?>
<!DOCTYPE TEI PUBLIC "-//TEI P5 MunchTEI//DTD TEI P5 Unified for Edvard Munch's Texts//EN" "file:/O:/Munchs tekster/Transkripsjoner/MunchTEI.dtd" >
<TEI xmlns="http://www.tei-c.org/ns/1.0" version="5.0" xml:id="No-MM_N0084-01">
<teiHeader>
 <fileDesc>
<titleStmt>
<title>No-MM_N0084-01.jpg</title>
</titleStmt>

<publicationStmt>
<p></p>
</publicationStmt>
<sourceDesc>
<p>2704 x 4064</p>
</sourceDesc>
 </fileDesc>
 <encodingDesc>


 
  <tagsDecl xml:id="imtAnnotationCategories"><rendition xml:id="transcription"><label>Contains the transcribed and TEI P5 encoded text of the objects</label><code rend="rectangle" lang="text/css">color: #ff0000</code></rendition><rendition xml:id="commentary"><label>Kommentarer</label><code rend="rectangle" lang="text/css">color: #00ff00</code></rendition><rendition xml:id="philologicalNotes"><label>Edisjonsfilologiske noter</label><code rend="rectangle" lang="text/css">color: #0000ff</code></rendition><rendition xml:id="textForSearch"><desc>transcriptional</desc><label>Søkbar tekst</label><code rend="rectangle" lang="text/css">color: #000000</code></rendition></tagsDecl><appInfo>
     <application ident="ImageMarkupTool01" version="1.8.1.3" notAfter="2009-03-27T10:21:57">
     <label>
     Image Markup Tool</label><desc>
     Tool for annotating images using TEI</desc><ref type="appURI" target="http://www.tapor.uvic.ca/~mholmes/image_markup/">
     </ref><ptr target="#imtAnnotatedImage"></ptr><ptr target="#imtImageAnnotations"></ptr><ptr target="#imtAnnotationCategories"></ptr></application>
     
     
     </appInfo></encodingDesc>
</teiHeader>
 <facsimile xml:id="imtAnnotatedImage"><surface><graphic url="No-MM_N0084-01.jpg" width="2704px" height="4064px"></graphic><zone xml:id="imtArea_0" rendition="transcription" ulx="52" uly="346" lrx="2494" lry="3786" rend="visible"></zone></surface></facsimile>
 <text>
  <body>
   <div xml:id="imtImageAnnotations"><div corresp="#imtArea_0" type="imtAnnotation"><head>&#x00A0;</head><div>
    <p><del rend="overstrike">I anl</del></p>
    <p><del rend="overstrike">Jeg skal herved <gap/></del></p> 
    <p>Jeg skal herved supplere 
    <lb/>Maleren <persName key="pe203">Holmboes</persName> <del rend="overstrike">vil</del> 
    <lb/><gap reason="scribble"/>udmærkede Artikel i 
    <lb/><orgName key="i79">Morgenbladet</orgName>.</p>
    <p><orgName key="i101">Aftenposten</orgName> &#x2013; <del rend="overwritten">d<gap/></del>hvis R<del rend="overwritten"><gap/></del>edaktør 
    <lb/>af Regjeringen ved bitter 
    <lb/>Ironi er tildelt 
    <lb/>St. Olavs Korset for Kunst
    <lb/>er optændt af hellig 
    <lb/>Vrede &#x2013;  jeg skal imidlertid 
    <lb/>fortsætte &#x2013;</p>
    <p>Fra Udlandet fyldes 
    <lb/>Aviserne med <del rend="overwritten">S</del>notitser</p>
    </div></div></div>
  </body>
 </text>
</TEI>
