<?xml version="1.0" encoding="UTF-8"?>
<!DOCTYPE TEI PUBLIC "-//TEI P5 MunchTEI//DTD TEI P5 Unified for Edvard Munch's Texts//EN" "file:/O:/Munchs tekster/Transkripsjoner/MunchTEI.dtd" >
<TEI xmlns="http://www.tei-c.org/ns/1.0" version="5.0" xml:id="No-MM_N0099-02">
<teiHeader>
 <fileDesc>
<titleStmt>
<title>No-MM_N0099-02.jpg</title>
</titleStmt>

<publicationStmt>
<p></p>
</publicationStmt>
<sourceDesc>
<p>2704 x 4064</p>
</sourceDesc>
 </fileDesc>
 <encodingDesc>


 
  <tagsDecl xml:id="imtAnnotationCategories"><rendition xml:id="transcription"><label>Contains the transcribed and TEI P5 encoded text of the objects</label><code rend="rectangle" lang="text/css">color: #ff0000</code></rendition><rendition xml:id="commentary"><label>Kommentarer</label><code rend="rectangle" lang="text/css">color: #00ff00</code></rendition><rendition xml:id="philologicalNotes"><label>Edisjonsfilologiske noter</label><code rend="rectangle" lang="text/css">color: #0000ff</code></rendition><rendition xml:id="textForSearch"><desc>transcriptional</desc><label>Søkbar tekst</label><code rend="rectangle" lang="text/css">color: #000000</code></rendition></tagsDecl><appInfo>
     <application ident="ImageMarkupTool01" version="1.8.1.3" notAfter="2009-03-30T14:35:33">
     <label>
     Image Markup Tool</label><desc>
     Tool for annotating images using TEI</desc><ref type="appURI" target="http://www.tapor.uvic.ca/~mholmes/image_markup/">
     </ref><ptr target="#imtAnnotatedImage"></ptr><ptr target="#imtImageAnnotations"></ptr><ptr target="#imtAnnotationCategories"></ptr></application>
     
     
     </appInfo></encodingDesc>
</teiHeader>
 <facsimile xml:id="imtAnnotatedImage"><surface><graphic url="No-MM_N0099-02.jpg" width="2704px" height="4064px"></graphic><zone xml:id="imtArea_0" rendition="transcription" ulx="243" uly="274" lrx="2605" lry="3948" rend="visible"></zone></surface></facsimile>
 <text>
  <body>
   <div xml:id="imtImageAnnotations"><div corresp="#imtArea_0" type="imtAnnotation"><head>&#x00A0;</head><div>
     <p rend="noIndent">det lå <del rend="overstrike">blålig vi</del> blå violet
     <lb/>udover &#x2013; en jævn og stille flade 
    <lb/>Stenerne raget opover i det grunde 
    <lb/>vand langt langt ud &#x2013; og mange 
    <lb/>mange &#x2013; det så ud som en 
    <lb/>hær av havfruer og havmennesker
    <lb/>store og bi<del rend="overwritten"><gap/></del>tte små &#x2013; de <del rend="overstrike">va</del> bevægede
    <lb/>sig, strakte sig og skar ansigter.</p>
    <p>Der mellem stammerne <del rend="overstrike">sto</del> 
    <lb/>var månen fremme stor og
    <lb/>gul &#x2013; og en bred gylden
    <lb/>søile &#x2013; i det blåviolette
    <lb/>vand.</p>
    <p><ref type="lemma" target="co9">Fru D</ref> og han var bagefter de
    <lb/>andre. <del rend="overwritten">Han</del>De gik <add place="supralinear">sagte</add> og slængede frem
    <lb/>og tilbage &#x2013; <del rend="overwritten"><gap/></del>og var stadig nær
    <lb/>hinanden med armene &#x2013;</p>
    <p>De <del rend="overstrike">så</del> beundrede vandet og månesøilen 
    <lb/>&#x2013; den lille stenen langt derude syntes de
    <lb/>så akkurat ud som et hode &#x2013; det bevæget
    <lb/>sig i glitret.</p>
    <p>Og den store der så ud som en havfrue.</p>
    </div></div></div>
  </body>
 </text>
</TEI>
