<?xml version="1.0" encoding="UTF-8"?>
<!DOCTYPE TEI PUBLIC "-//TEI P5 MunchTEI//DTD TEI P5 Unified for Edvard Munch's Texts//EN" "file:/O:/Munchs tekster/Transkripsjoner/MunchTEI.dtd" >
<TEI xmlns="http://www.tei-c.org/ns/1.0" version="5.0" xml:id="No-MM_N0127-00-01r">
<teiHeader>
 <fileDesc>
<titleStmt>
<title>No-MM_N0127-00-01r.jpg</title>
</titleStmt>

<publicationStmt>
<p></p>
</publicationStmt>
<sourceDesc>
<p>2704 x 4064</p>
</sourceDesc>
 </fileDesc>
 <encodingDesc>


 
  <tagsDecl xml:id="imtAnnotationCategories"><rendition xml:id="transcription"><label>Contains the transcribed and TEI P5 encoded text of the objects</label><code rend="rectangle" lang="text/css">color: #ff0000</code></rendition><rendition xml:id="commentary"><label>Kommentarer</label><code rend="rectangle" lang="text/css">color: #00ff00</code></rendition><rendition xml:id="philologicalNotes"><label>Edisjonsfilologiske noter</label><code rend="rectangle" lang="text/css">color: #0000ff</code></rendition><rendition xml:id="textForSearch"><desc>transcriptional</desc><label>Søkbar tekst</label><code rend="rectangle" lang="text/css">color: #000000</code></rendition></tagsDecl><appInfo>
     <application ident="ImageMarkupTool01" version="1.8.1.3" notAfter="2009-04-20T09:37:51">
     <label>
     Image Markup Tool</label><desc>
     Tool for annotating images using TEI</desc><ref type="appURI" target="http://www.tapor.uvic.ca/~mholmes/image_markup/">
     </ref><ptr target="#imtAnnotatedImage"></ptr><ptr target="#imtImageAnnotations"></ptr><ptr target="#imtAnnotationCategories"></ptr></application>
     
     
     </appInfo></encodingDesc>
</teiHeader>
 <facsimile xml:id="imtAnnotatedImage"><surface><graphic url="No-MM_N0127-00-01r.jpg" width="2704px" height="4064px"></graphic><zone xml:id="imtArea_0" rendition="transcription" ulx="227" uly="513" lrx="2585" lry="3984" rend="visible"></zone></surface></facsimile>
 <text>
  <body>
   <div xml:id="imtImageAnnotations"><div corresp="#imtArea_0" type="imtAnnotation"><head>&#x00A0;</head><div>
    <p rend="noIndent">Når man er på et skib
    <lb/>&#x2013; og der er fuldt op af mad
     <lb/>&#x2013; og den <del rend="overstrike"><hi rend="raised">3</hi></del><del rend="overwritten"><hi rend="raised">6</hi></del>&#x2078;&#x2044;&#x2081;&#x2080; delen af folkene
    <lb/><del rend="overwritten">er</del>hungrer &#x2013; da er det rimeligt
    <lb/>at man <del rend="overstrike">gjør</del> me magt
     <lb/>tager <del rend="overstrike">m</del> maden fra de &#x00B2;&#x2044;&#x2081;&#x2080; dele
    <lb/>&#x2013; <del rend="overstrike">der er</del> der findes i samfundet
    <lb/>masser af <del rend="overwritten">m</del>penger og mad &#x2013;
    <lb/>men de er fra en liden kreds &#x2013;
    <lb/>&#x2013; disse få sætter altid <del rend="overstrike">pengene</del>
    <lb/>en hel del penger i omløb &#x2013;
    <lb/>men de ved &#x2013; svinene at det
    <lb/>nok vender tilbage til dem &#x2013;
    <lb/>&#x2013; så må man være klog 
    <lb/>&#x2013; og <del rend="overstrike">få en del</del> lave en
    <lb/>li<del rend="overwritten"><gap/></del>den rende således at noget
    <lb/>af dette guld rinder <unclear reason="writing">igjennem</unclear>
    <lb/><gap reason="writing"/> lommer og lar noget
    <lb/>blive i disse &#x2013;</p>
    </div>
    </div>
   </div>
   </body>
    </text>
</TEI>