<?xml version="1.0" encoding="UTF-8"?>
<!DOCTYPE TEI PUBLIC "-//TEI P5 MunchTEI//DTD TEI P5 Unified for Edvard Munch's Texts//EN" "file:/O:/Munchs tekster/Transkripsjoner/MunchTEI.dtd" >
<TEI xmlns="http://www.tei-c.org/ns/1.0" version="5.0" xml:id="No-MM_N0024-02">
<teiHeader>
 <fileDesc>
<titleStmt>
<title>No-MM_N0024-02.jpg</title>
</titleStmt>

<publicationStmt>
<p></p>
</publicationStmt>
<sourceDesc>
<p>2704 x 4064</p>
</sourceDesc>
 </fileDesc>
 <encodingDesc>


 
  <tagsDecl xml:id="imtAnnotationCategories"><rendition xml:id="transcription"><label>Contains the transcribed and TEI P5 encoded text of the objects</label><code rend="rectangle" lang="text/css">color: #ff0000</code></rendition><rendition xml:id="commentary"><label>Kommentarer</label><code rend="rectangle" lang="text/css">color: #00ff00</code></rendition><rendition xml:id="philologicalNotes"><label>Edisjonsfilologiske noter</label><code rend="rectangle" lang="text/css">color: #0000ff</code></rendition><rendition xml:id="textForSearch"><desc>transcriptional</desc><label>Søkbar tekst</label><code rend="rectangle" lang="text/css">color: #000000</code></rendition></tagsDecl><appInfo>
     <application ident="ImageMarkupTool01" version="1.8.1.2" notAfter="2009-03-18T13:21:48">
     <label>
     Image Markup Tool</label><desc>
     Tool for annotating images using TEI</desc><ref type="appURI" target="http://www.tapor.uvic.ca/~mholmes/image_markup/">
     </ref><ptr target="#imtAnnotatedImage"></ptr><ptr target="#imtImageAnnotations"></ptr><ptr target="#imtAnnotationCategories"></ptr></application>
     
     
     </appInfo></encodingDesc>
</teiHeader>
 <facsimile xml:id="imtAnnotatedImage"><surface><graphic url="No-MM_N0024-02.jpg" width="2704px" height="4064px"></graphic><zone xml:id="imtArea_0" rendition="transcription" ulx="136" uly="224" lrx="2536" lry="3840" rend="visible"></zone></surface></facsimile>
 <text>
  <body>
   <div xml:id="imtImageAnnotations"><div corresp="#imtArea_0" type="imtAnnotation"><head>&#x00A0;</head><div>
    <p>Jeg sitter atter ved det grønne bor &#x2013;</p>
    <p><add place="inline">Jeg</add> At ser <del rend="overwritten">atter</del>alle disse formuer forsvinde 
    <lb/>og komme for sine øine &#x2013; <unclear reason="writing">se</unclear>
    <lb/>hvordan lidenskaben gjør alle 
    <lb/>mennesker ens &#x2013; her er ingen forskjel 
    <lb/>grevinde eller co<del rend="overwritten">k</del>cotte &#x2013; ale 
    <lb/>er <del rend="overstrike">menn</del> <del rend="overstrike">blot</del> ens &#x2013; De sidder 
    <lb/>der med brændende kinder &#x2013; stikkende 
    <lb/>røde øine &#x2013; Ingen forskel &#x2013; længer 
    <lb/>&#x2013; hun den rige engelske mylady 
    <lb/>&#x2013; som blev vist ut i går &#x2013; hun 
    <lb/>som tre gange rad blev tat at 
    <lb/><del rend="overwritten"><gap/></del>have <del rend="overstrike">tat</del> skrabet til sig <del rend="overwritten"><gap/></del>andres gevinster
    <lb/>&#x2013; <del rend="overstrike">og <unclear>som fredeli</unclear></del> 
    <lb/>&#x2013; Eller hun &#x2013; cokotten som sad 
    <lb/>der lykkestrålende ved et bor &#x2013; Hvor 
    <lb/>lykken gjør skjøn &#x2013;
    <lb/>Hun var sikker &#x2013; <del rend="overstrike"><del rend="overwritten">s</del>hun vandt</del>
    <lb/>seiersikker la hun pengene på 
    <lb/>bordet &#x2013; og vandt &#x2013; og strålede</p>
    <p>I går <del rend="overstrike">hadde</del> trode jeg at jeg 
    <lb/>var helbredet &#x2013; jeg havde <del rend="overstrike">vund</del> 
    <lb/>tabt &#x2013; alt hva jeg havde på mig 
    <lb/>&#x2013; Jeg gik ut i haven &#x2013; i <unclear reason="writing">disse</unclear> <del rend="overstrike">p</del></p>
       </div></div></div>
  </body>
 </text>
</TEI>
