<?xml version="1.0" encoding="UTF-8"?>
<!DOCTYPE TEI PUBLIC "-//TEI P5 MunchTEI//DTD TEI P5 Unified for Edvard Munch's Texts//EN" "file:/O:/Munchs tekster/Transkripsjoner/MunchTEI.dtd" >
<TEI xmlns="http://www.tei-c.org/ns/1.0" version="5.0" xml:id="No-MM_N0094-01">
<teiHeader>
 <fileDesc>
<titleStmt>
<title>No-MM_N0094-01.jpg</title>
</titleStmt>

<publicationStmt>
<p></p>
</publicationStmt>
<sourceDesc>
<p>2704 x 4064</p>
</sourceDesc>
 </fileDesc>
 <encodingDesc>


 
  <tagsDecl xml:id="imtAnnotationCategories"><rendition xml:id="transcription"><label>Contains the transcribed and TEI P5 encoded text of the objects</label><code rend="rectangle" lang="text/css">color: #ff0000</code></rendition><rendition xml:id="commentary"><label>Kommentarer</label><code rend="rectangle" lang="text/css">color: #00ff00</code></rendition><rendition xml:id="philologicalNotes"><label>Edisjonsfilologiske noter</label><code rend="rectangle" lang="text/css">color: #0000ff</code></rendition><rendition xml:id="textForSearch"><desc>transcriptional</desc><label>Søkbar tekst</label><code rend="rectangle" lang="text/css">color: #000000</code></rendition></tagsDecl><appInfo>
     <application ident="ImageMarkupTool01" version="1.8.1.3" notAfter="2009-03-27T14:45:17">
     <label>
     Image Markup Tool</label><desc>
     Tool for annotating images using TEI</desc><ref type="appURI" target="http://www.tapor.uvic.ca/~mholmes/image_markup/">
     </ref><ptr target="#imtAnnotatedImage"></ptr><ptr target="#imtImageAnnotations"></ptr><ptr target="#imtAnnotationCategories"></ptr></application>
     
     
     </appInfo></encodingDesc>
</teiHeader>
 <facsimile xml:id="imtAnnotatedImage"><surface><graphic url="No-MM_N0094-01.jpg" width="2704px" height="4064px"></graphic><zone xml:id="imtArea_0" rendition="transcription" ulx="107" uly="278" lrx="2517" lry="3730" rend="visible"></zone></surface></facsimile>
 <text>
  <body>
   <div xml:id="imtImageAnnotations"><div corresp="#imtArea_0" type="imtAnnotation"><head>&#x00A0;</head><div>
    <head rend="extraAir"><gap reason="writing"/></head>
    <p>Den 5te årlige kunstudstilling
     <lb/><gap reason="damage"/> <gap reason="damage"/> <gap reason="damage"/>
    <lb/>adskillet sig fra de foregående 
    <lb/>udstillinger i flere henseender 
    <lb/>Man behøver blot at lægge 
    <lb/>mærke til Publikumet deroppe 
    <lb/>iår <gap reason="writing"/> ligner ikke de foregående 
    <lb/>Udstillingers Publikum
    <lb/><gap reason="writing"/> ikke mange forfærde<del rend="overwritten"><gap/></del>d eller 
    <lb/>forbitrede ansigter <del rend="overwritten"><gap/></del>ei heller samler
    <lb/>man sig som før i <del rend="overwritten"><gap/></del>klynger 
    <lb/>om enkelte billeder &#x2013; Det er 
    <lb/>et jævnt adstadig Publikum 
    <lb/>der lidenskabsløst og dumt 
    <lb/>passerer gjennem<del rend="overstrike">s</del> salene. Men 
    <lb/>af og til hører man dog udbrud
    <lb/>som yndigt &#x2013; skjønt når <del rend="overwritten"><gap/></del>nogle</p>
    </div></div></div>
  </body>
 </text>
</TEI>
