<?xml version="1.0" encoding="UTF-8"?>
<!DOCTYPE TEI PUBLIC "-//TEI P5 MunchTEI//DTD TEI P5 Unified for Edvard Munch's Texts//EN" "file:/O:/Munchs tekster/Transkripsjoner/MunchTEI.dtd" >
<TEI xmlns="http://www.tei-c.org/ns/1.0" version="5.0" xml:id="No-MM_N0011-02">
<teiHeader>
 <fileDesc>
<titleStmt>
<title>No-MM_N0011-02.jpg</title>
</titleStmt>

<publicationStmt>
<p></p>
</publicationStmt>
<sourceDesc>
<p>2704 x 4064</p>
</sourceDesc>
 </fileDesc>
 <encodingDesc>


 
  <tagsDecl xml:id="imtAnnotationCategories"><rendition xml:id="transcription"><label>Contains the transcribed and TEI P5 encoded text of the objects</label><code rend="rectangle" lang="text/css">color: #ff0000</code></rendition><rendition xml:id="commentary"><label>Kommentarer</label><code rend="rectangle" lang="text/css">color: #00ff00</code></rendition><rendition xml:id="philologicalNotes"><label>Edisjonsfilologiske noter</label><code rend="rectangle" lang="text/css">color: #0000ff</code></rendition><rendition xml:id="textForSearch"><desc>transcriptional</desc><label>Søkbar tekst</label><code rend="rectangle" lang="text/css">color: #000000</code></rendition></tagsDecl><appInfo>
     <application ident="ImageMarkupTool01" version="1.8.1.2" notAfter="2009-03-13T16:11:13">
     <label>
     Image Markup Tool</label><desc>
     Tool for annotating images using TEI</desc><ref type="appURI" target="http://www.tapor.uvic.ca/~mholmes/image_markup/">
     </ref><ptr target="#imtAnnotatedImage"></ptr><ptr target="#imtImageAnnotations"></ptr><ptr target="#imtAnnotationCategories"></ptr></application>
     
     
     </appInfo></encodingDesc>
</teiHeader>
 <facsimile xml:id="imtAnnotatedImage"><surface><graphic url="No-MM_N0011-02.jpg" width="2704px" height="4064px"></graphic><zone xml:id="imtArea_0" rendition="transcription" ulx="96" uly="264" lrx="2592" lry="3876" rend="visible"></zone></surface></facsimile>
 <text>
  <body>
   <div xml:id="imtImageAnnotations"><div corresp="#imtArea_0" type="imtAnnotation"><head>&#x00A0;</head><div>
    <p>Nei se på ham nu 
     <lb/>&#x2013; Nu sender han <del rend="overstrike">han</del> noen 
    <lb/>krigerske blikk over til 
    <lb/>kokk<del rend="overwritten"><gap/></del>otten ved siden af dig
     <lb/>&#x2013; se hvor han skuler med 
    <lb/>det øie han ikke har monokkel 
     <lb/>på &#x2013; han bruger det nu &#x2013; 
    <lb/>Nei han er for komisk denne 
    <lb/>gamle galanen. Og <del rend="overstrike">så</del> jeg 
    <lb/>fik et voldsomt latteranfald. 
    <lb/><del rend="overstrike"><gap/></del> Min fars død stod 
     <lb/>for mig hele tiden &#x2013; Jeg må 
     <lb/>le sa jeg &#x2013; jeg ser alting så 
    <lb/>komisk.</p>
    <p><del rend="overstrike">Jeg</del> <add place="supralinear"><unclear reason="writing">6</unclear></add>Opvarter la mig 
     <lb/>få mer vin &#x2013; jeg drak hurtig 
     <lb/>ud &#x2013; jeg blev hedere og hedere</p>
    <p>Nei se nu hele rækken 
     <lb/>glaner nu på kokotten. &#x2013; Obersten
     <lb/>med monoklen &#x2013; den joviale 
     <lb/>maleren med de <unclear reason="writing">goe</unclear> øinene &#x2013; den 
    <lb/>tynde skjægløse og billed huggeren 
    <lb/>med kokosnødansigten</p>
   </div></div></div>
  </body>
  </text>
</TEI>
