<?xml version="1.0" encoding="UTF-8"?>
<!DOCTYPE TEI PUBLIC "-//TEI P5 MunchTEI//DTD TEI P5 Unified for Edvard Munch's Texts//EN" "file:/O:/Munchs tekster/Transkripsjoner/MunchTEI.dtd" >
<TEI xmlns="http://www.tei-c.org/ns/1.0" version="5.0" xml:id="No-MM_N0051-00-03r">
<teiHeader>
 <fileDesc>
<titleStmt>
<title>No-MM_N0051-00-03r.jpg</title>
</titleStmt>

<publicationStmt>
<p></p>
</publicationStmt>
<sourceDesc>
<p>2704 x 4064</p>
</sourceDesc>
 </fileDesc>
 <encodingDesc>


 
  <tagsDecl xml:id="imtAnnotationCategories"><rendition xml:id="transcription"><label>Contains the transcribed and TEI P5 encoded text of the objects</label><code rend="rectangle" lang="text/css">color: #ff0000</code></rendition><rendition xml:id="commentary"><label>Kommentarer</label><code rend="rectangle" lang="text/css">color: #00ff00</code></rendition><rendition xml:id="philologicalNotes"><label>Edisjonsfilologiske noter</label><code rend="rectangle" lang="text/css">color: #0000ff</code></rendition><rendition xml:id="textForSearch"><desc>transcriptional</desc><label>Søkbar tekst</label><code rend="rectangle" lang="text/css">color: #000000</code></rendition></tagsDecl><appInfo>
     <application ident="ImageMarkupTool01" version="1.8.1.3" notAfter="2009-03-23T15:04:03">
     <label>
     Image Markup Tool</label><desc>
     Tool for annotating images using TEI</desc><ref type="appURI" target="http://www.tapor.uvic.ca/~mholmes/image_markup/">
     </ref><ptr target="#imtAnnotatedImage"></ptr><ptr target="#imtImageAnnotations"></ptr><ptr target="#imtAnnotationCategories"></ptr></application>
     
     
     </appInfo></encodingDesc>
</teiHeader>
 <facsimile xml:id="imtAnnotatedImage"><surface><graphic url="No-MM_N0051-00-03r.jpg" width="2704px" height="4064px"></graphic><zone xml:id="imtArea_0" rendition="transcription" ulx="111" uly="481" lrx="2557" lry="3722" rend="visible"></zone></surface></facsimile>
 <text>
  <body>
   <div xml:id="imtImageAnnotations"><div corresp="#imtArea_0" type="imtAnnotation"><head>&#x00A0;</head><div>
    <p rend="extraAir">Så kommer følgende <del rend="overstrike">pudsige</del> udtalelse: 
     <lb/>&#x00AB;De fire fresco <gap reason="scribble"/> spidsryttere 
    <lb/><add place="margin-left">Fresco</add> (Spits-reitern) er <del rend="overwritten"><gap/></del> <persName key="pe803">Sørensen</persName>, <persName key="pe491">Revold</persName>,
     <lb/><persName key="pe755">Per Krohg</persName> og <persName key="pe852">Rolfsen</persName>&#x00BB;</p>
    <p rend="extraAir">Og længer nede følgende pudsige 
    <lb/>udtalelse:</p> 
    <p rend="noIndent">&#x00AB;<persName key="pe803">Sørensen</persName> maler selv litet fresco (<del rend="overstrike">Jeg</del> 
    <lb/>Han har vist malt et litet fresco billede) 
    <lb/>men han lar sine venner benytte 
     <lb/>frescoen&#x00BB;</p>
    <p>Men han er alligevel Fresco, spids, ryttere 
     <lb/><add place="inBetweenLines">eller rettere S<del rend="overwritten"><gap/></del>pitzreiter fur Fres<del rend="overwritten"><gap/></del>co spitz-reitern</add> 
    <lb/>og han får tilladelse til at <del rend="overstrike">male</del> 
    <lb/>benytte <add place="supralinear">den uheldie</add> olie i dekorativ kunst <del rend="overstrike">hvor han
    <lb/>blot de seneste år været <gap/> han
    <lb/>har male</del> <del rend="overstrike">Det er noget <add place="supralinear"><del rend="overstrike">han</del></add> kan <add place="supralinear"><del rend="overstrike">forøvrigt</del></add> først de senere</del>
    <lb/>år <del rend="overstrike">har malt.</del> <add place="inBetweenLines">Han har forøvrigt først de senere 
    <lb/>år malt dekorativ kunst</add></p>
    <p>Mine fresco billeder bør sees i god 
    <lb/>belysning &#x2013; Se på Historien en sollys dag 
    <lb/>om morgenen når den får lyset på sig</p> 
    <p>Jeg så på billederne nylig &#x2013; Aldrig har 
    <lb/>de virket kraftigere mer lysende i farven &#x2013; Som 
    <lb/>malte i går &#x2013; De er blit bedre efter nyordning af <ref type="lemma" target="co2">Aulaen</ref> <add place="margin-right">De grove tagruder <del rend="overwritten"><gap/></del>er væk</add></p>
    </div></div></div>
  </body>
 </text>
</TEI>
