<?xml version="1.0" encoding="UTF-8"?>
<!DOCTYPE TEI PUBLIC "-//TEI P5 MunchTEI//DTD TEI P5 Unified for Edvard Munch's Texts//EN" "file:/O:/Munchs tekster/Transkripsjoner/MunchTEI.dtd" >
<TEI xmlns="http://www.tei-c.org/ns/1.0" version="5.0" xml:id="No-MM_N0078-04">
<teiHeader>
 <fileDesc>
<titleStmt>
<title>No-MM_N0078-04.jpg</title>
</titleStmt>

<publicationStmt>
<p></p>
</publicationStmt>
<sourceDesc>
<p>2704 x 4064</p>
</sourceDesc>
 </fileDesc>
 <encodingDesc>


 
  <tagsDecl xml:id="imtAnnotationCategories"><rendition xml:id="transcription"><label>Contains the transcribed and TEI P5 encoded text of the objects</label><code rend="rectangle" lang="text/css">color: #ff0000</code></rendition><rendition xml:id="commentary"><label>Kommentarer</label><code rend="rectangle" lang="text/css">color: #00ff00</code></rendition><rendition xml:id="philologicalNotes"><label>Edisjonsfilologiske noter</label><code rend="rectangle" lang="text/css">color: #0000ff</code></rendition><rendition xml:id="textForSearch"><desc>transcriptional</desc><label>Søkbar tekst</label><code rend="rectangle" lang="text/css">color: #000000</code></rendition></tagsDecl><appInfo>
     <application ident="ImageMarkupTool01" version="1.8.1.3" notAfter="2009-03-26T11:19:10">
     <label>
     Image Markup Tool</label><desc>
     Tool for annotating images using TEI</desc><ref type="appURI" target="http://www.tapor.uvic.ca/~mholmes/image_markup/">
     </ref><ptr target="#imtAnnotatedImage"></ptr><ptr target="#imtImageAnnotations"></ptr><ptr target="#imtAnnotationCategories"></ptr></application>
     
     
     </appInfo></encodingDesc>
</teiHeader>
 <facsimile xml:id="imtAnnotatedImage"><surface><graphic url="No-MM_N0078-04.jpg" width="2704px" height="4064px"></graphic><zone xml:id="imtArea_0" rendition="transcription" ulx="211" uly="402" lrx="2557" lry="2752" rend="visible"></zone></surface></facsimile>
 <text>
  <body>
   <div xml:id="imtImageAnnotations"><div corresp="#imtArea_0" type="imtAnnotation"><head>&#x00A0;</head><div>
    <p rend="noIndent">forlanger en slik en &#x2013;</p>
    <p>Får man ham væk 
    <lb/>vælger den rå masse 
    <lb/>e<del rend="overwritten">t</del>n anne<del rend="overwritten">t</del>n <del rend="overstrike">fæ</del> <add place="supralinear">ligeså umulig</add> &#x2013; Den rå 
    <lb/>masse kan forlange &#x2013; den 
    <lb/>betaler bladet &#x2013; </p>
    <p>Disse folk trænger <add place="supralinear"><del rend="overwritten"><gap/></del>ny</add>slaktede 
    <lb/><add place="supralinear">unge</add> malere til frokost &#x2013; 
     <lb/>et slags smørbrødpålæg &#x2013;</p>
    <p>Det er godt forargelsen 
    <lb/>kommer men ve 
    <lb/>den hvorfra den kommer</p>
    </div></div></div>
  </body>
 </text>
</TEI>
