<?xml version="1.0" encoding="UTF-8"?>
<!DOCTYPE TEI PUBLIC "-//TEI P5 MunchTEI//DTD TEI P5 Unified for Edvard Munch's Texts//EN" "file:/O:/Munchs tekster/Transkripsjoner/MunchTEI.dtd" >
<TEI xmlns="http://www.tei-c.org/ns/1.0" version="5.0" xml:id="No-MM_N0123-01">
<teiHeader>
 <fileDesc>
<titleStmt>
<title>No-MM_N0123-01.jpg</title>
</titleStmt>

<publicationStmt>
<p></p>
</publicationStmt>
<sourceDesc>
<p>2704 x 4064</p>
</sourceDesc>
 </fileDesc>
 <encodingDesc>


 
  <tagsDecl xml:id="imtAnnotationCategories"><rendition xml:id="transcription"><label>Contains the transcribed and TEI P5 encoded text of the objects</label><code rend="rectangle" lang="text/css">color: #ff0000</code></rendition><rendition xml:id="commentary"><label>Kommentarer</label><code rend="rectangle" lang="text/css">color: #00ff00</code></rendition><rendition xml:id="philologicalNotes"><label>Edisjonsfilologiske noter</label><code rend="rectangle" lang="text/css">color: #0000ff</code></rendition><rendition xml:id="textForSearch"><desc>transcriptional</desc><label>Søkbar tekst</label><code rend="rectangle" lang="text/css">color: #000000</code></rendition></tagsDecl><appInfo>
     <application ident="ImageMarkupTool01" version="1.8.1.3" notAfter="2009-04-15T14:47:07">
     <label>
     Image Markup Tool</label><desc>
     Tool for annotating images using TEI</desc><ref type="appURI" target="http://www.tapor.uvic.ca/~mholmes/image_markup/">
     </ref><ptr target="#imtAnnotatedImage"></ptr><ptr target="#imtImageAnnotations"></ptr><ptr target="#imtAnnotationCategories"></ptr></application>
     
     
     </appInfo></encodingDesc>
</teiHeader>
 <facsimile xml:id="imtAnnotatedImage"><surface><graphic url="No-MM_N0123-01.jpg" width="2704px" height="4064px"></graphic><zone xml:id="imtArea_0" rendition="transcription" ulx="119" uly="195" lrx="2445" lry="3746" rend="visible"></zone></surface></facsimile>
 <text>
  <body>
   <div xml:id="imtImageAnnotations"><div corresp="#imtArea_0" type="imtAnnotation"><head>&#x00A0;</head><div>
    <p>By reason of <del rend="overwritten">i</del>an illness
    <lb/>I have not could writh at
    <lb/>you <del rend="overstrike">befo</del> before</p>
    <p rend="extraAir">I <del rend="overstrike">would have writen to</del> you
    <lb/>before <del rend="overstrike">but I have</del> been</p>
    <p>I should like to know if
    <lb/>the picture is well arrived
    <lb/>to you &#x2013; <del rend="overstrike">Jou have demanded
    <lb/>after the expences of the
    <lb/>The <gap/></del></p>
    <p>I hope the picture is
    <lb/>well arrived to you &#x2013; and I
    <lb/>should be very glad to hear
    <lb/>if you are s<del rend="overwritten"><gap/></del>atisfied with it.
    <lb/><del rend="overstrike">I should be <gap/> very glad oblid<gap/>
    <lb/>to you</del> I should also like <del rend="overstrike"><gap/></del>
    <lb/>to hear wich other pictures
    <lb/><del rend="overwritten"><gap/></del>you have in your <del rend="overwritten"><gap/></del>collection.
    <lb/>(the names of the peintres)</p>
    </div></div></div>
  </body>
 </text>
</TEI>
