<?xml version="1.0" encoding="UTF-8"?>
<!DOCTYPE TEI PUBLIC "-//TEI P5 MunchTEI//DTD TEI P5 Unified for Edvard Munch's Texts//EN" "file:/O:/Munchs tekster/Transkripsjoner/MunchTEI.dtd" >
<TEI xmlns="http://www.tei-c.org/ns/1.0" version="5.0" xml:id="No-MM_N0084-02">
<teiHeader>
 <fileDesc>
<titleStmt>
<title>No-MM_N0084-02.jpg</title>
</titleStmt>

<publicationStmt>
<p></p>
</publicationStmt>
<sourceDesc>
<p>2704 x 4064</p>
</sourceDesc>
 </fileDesc>
 <encodingDesc>


 
  <tagsDecl xml:id="imtAnnotationCategories"><rendition xml:id="transcription"><label>Contains the transcribed and TEI P5 encoded text of the objects</label><code rend="rectangle" lang="text/css">color: #ff0000</code></rendition><rendition xml:id="commentary"><label>Kommentarer</label><code rend="rectangle" lang="text/css">color: #00ff00</code></rendition><rendition xml:id="philologicalNotes"><label>Edisjonsfilologiske noter</label><code rend="rectangle" lang="text/css">color: #0000ff</code></rendition><rendition xml:id="textForSearch"><desc>transcriptional</desc><label>Søkbar tekst</label><code rend="rectangle" lang="text/css">color: #000000</code></rendition></tagsDecl><appInfo>
     <application ident="ImageMarkupTool01" version="1.8.1.3" notAfter="2009-03-27T10:22:23">
     <label>
     Image Markup Tool</label><desc>
     Tool for annotating images using TEI</desc><ref type="appURI" target="http://www.tapor.uvic.ca/~mholmes/image_markup/">
     </ref><ptr target="#imtAnnotatedImage"></ptr><ptr target="#imtImageAnnotations"></ptr><ptr target="#imtAnnotationCategories"></ptr></application>
     
     
     </appInfo></encodingDesc>
</teiHeader>
 <facsimile xml:id="imtAnnotatedImage"><surface><graphic url="No-MM_N0084-02.jpg" width="2704px" height="4064px"></graphic><zone xml:id="imtArea_0" rendition="transcription" ulx="219" uly="171" lrx="2716" lry="3901" rend="visible"></zone></surface></facsimile>
 <text>
  <body>
   <div xml:id="imtImageAnnotations"><div corresp="#imtArea_0" type="imtAnnotation"><head>&#x00A0;</head><div>
    <p rend="noIndent">den eller den <del rend="overwritten">Skuespiller</del>Skuespiller &#x2013; 
     <lb/>&#x2013; den eller den Sangerinde 
    <lb/>den eller den Forfatter &#x2013;
    <lb/>men den Norske Malerkunst 
    <lb/>kan samlet udstille &#x2013; 
    <lb/>&#x2013; og de Norske Aviser
    <lb/>vil ikke eller gidder ikke 
    <lb/>fortælle hvad Udlandet 
    <lb/>sier &#x2013; selv når det er 
    <lb/>i den store Verdenspresse &#x2013;</p>
    <figure rend="longHorizRule"/>
    <p rend="noIndent">skulde kjede &#x2013; sig &#x2013; Nu <gap reason="writing"/> 
     <lb/>be om at <orgName key="i88">Dagbladet</orgName> indtar 
    <lb/>disse Udrag af danske 
    <lb/>Blade &#x2013; Det kan være morsomt 
    <lb/>at se hva Bourgesiets Presse 
     <lb/>bruger som <unclear reason="writing">Vater</unclear> &#x2013; Er muligens 
    <lb/>Pressen ræd at <del rend="overwritten">Rigmænd</del>Byens Rigmænd</p>
     </div></div></div>
  </body>
 </text>
</TEI>