<?xml version="1.0" encoding="UTF-8"?>
<!DOCTYPE TEI PUBLIC "-//TEI P5 MunchTEI//DTD TEI P5 Unified for Edvard Munch's Texts//EN" "file:/O:/Munchs tekster/Transkripsjoner/MunchTEI.dtd" >
<TEI xmlns="http://www.tei-c.org/ns/1.0" version="5.0" xml:id="No-MM_N0032-01">
<teiHeader>
 <fileDesc>
<titleStmt>
<title>No-MM_N0032-01.jpg</title>
</titleStmt>

<publicationStmt>
<p></p>
</publicationStmt>
<sourceDesc>
<p>2704 x 4064</p>
</sourceDesc>
 </fileDesc>
 <encodingDesc>


 
  <tagsDecl xml:id="imtAnnotationCategories"><rendition xml:id="transcription"><label>Contains the transcribed and TEI P5 encoded text of the objects</label><code rend="rectangle" lang="text/css">color: #ff0000</code></rendition><rendition xml:id="commentary"><label>Kommentarer</label><code rend="rectangle" lang="text/css">color: #00ff00</code></rendition><rendition xml:id="philologicalNotes"><label>Edisjonsfilologiske noter</label><code rend="rectangle" lang="text/css">color: #0000ff</code></rendition><rendition xml:id="textForSearch"><desc>transcriptional</desc><label>Søkbar tekst</label><code rend="rectangle" lang="text/css">color: #000000</code></rendition></tagsDecl><appInfo>
     <application ident="ImageMarkupTool01" version="1.8.1.2" notAfter="2009-03-19T11:19:35">
     <label>
     Image Markup Tool</label><desc>
     Tool for annotating images using TEI</desc><ref type="appURI" target="http://www.tapor.uvic.ca/~mholmes/image_markup/">
     </ref><ptr target="#imtAnnotatedImage"></ptr><ptr target="#imtImageAnnotations"></ptr><ptr target="#imtAnnotationCategories"></ptr></application>
     
     
     </appInfo></encodingDesc>
</teiHeader>
 <facsimile xml:id="imtAnnotatedImage"><surface><graphic url="No-MM_N0032-01.jpg" width="2704px" height="4064px"></graphic><zone xml:id="imtArea_0" rendition="transcription" ulx="340" uly="1176" lrx="2616" lry="3564" rend="visible"></zone></surface></facsimile>
 <text>
  <body>
   <div xml:id="imtImageAnnotations"><div corresp="#imtArea_0" type="imtAnnotation"><head>&#x00A0;</head><div>
    <p>Man er fuldstændig falden i staver ved navnet livsfrisen &#x2013; 
    <lb/>navnet skjæmmer jo ingen. &#x2013; Jeg tænker oprigtig talt sidst paa nav-
    <lb/>net, og det er mere forat give et fingerpeg &#x2013; end forat give nogen 
     <lb/>udfyldende mening, naar jeg har kaldt den &#x00AB;livsfrisen&#x00BB;. &#x2013;</p>
    <p>Det skulde falde af sig selv, at jeg ikke mener dette skul-
    <lb/>de give et helt liv. &#x2013;</p>
    <p>Den udstilledes i <placeName key="pl17">Berlin</placeName> 1902 under benævnelsen fra det mo-
    <lb/>derne sjæleliv. I <placeName key="pl20">Kristiania</placeName> har den ogsaa i <orgName key="i111">Dioramalokalet</orgName> været 
    <lb/>udstillet en af de tidligste aar i dette aarhundrede under samme ti-
    <lb/>tel.&#x2013;</p> 
    <p>Saa har man ikke forstaaet, at jeg kunde udstille billederne 
    <lb/>som fris. &#x2013;</p>
    <p>Disse omhandlede billeder som endelig efter 30 aars 
    <lb/>som en havareret skute endelig fik en slags havn ude i <placeName key="pl2">Sköien</placeName>. &#x2013; 
    <lb/>Efterat halve riggen var bortskyllet. &#x2013;</p>
    <p>Jeg har selvfölgelig havt mange planer med disse billeder. &#x2013; 
    <lb/>Jeg har jo ogsaa tænkt mig det hus, det skulde dekorere, have flere 
    <lb/>værelser. &#x2013;</p>
    <p>Jeg har jo ogsaa tænkt mig dödsbillederne i et mindre værelse 
    <lb/>for sig, &#x2013; nemlig som fris &#x2013; nemlig ogsaa som store vægfelter. &#x2013;</p>
    <p>Kunde man ikke ihvertfald tænke sig disse vilde kunne dekore-
    <lb/>re et værelse holdt i duse farver i samklang med billederne, og kunde 
     <lb/>man ikke tænke sig &#x2013; &#x2013; specielt for <orgName key="i121">&#x00AB;Verdens Gangs&#x00BB;</orgName> kritiker og det</p>     
   </div></div></div>
  </body>
 </text>
</TEI>
