<?xml version="1.0" encoding="UTF-8"?>
<!DOCTYPE TEI PUBLIC "-//TEI P5 MunchTEI//DTD TEI P5 Unified for Edvard Munch's Texts//EN" "file:/O:/Munchs tekster/Transkripsjoner/MunchTEI.dtd" >
<TEI xmlns="http://www.tei-c.org/ns/1.0" version="5.0" xml:id="No-MM_N0054-00-01r">
<teiHeader>
 <fileDesc>
<titleStmt>
<title>No-MM_N0054-00-01r.jpg</title>
</titleStmt>

<publicationStmt>
<p></p>
</publicationStmt>
<sourceDesc>
<p>2704 x 4064</p>
</sourceDesc>
 </fileDesc>
 <encodingDesc>


 
  <tagsDecl xml:id="imtAnnotationCategories"><rendition xml:id="transcription"><label>Contains the transcribed and TEI P5 encoded text of the objects</label><code rend="rectangle" lang="text/css">color: #ff0000</code></rendition><rendition xml:id="commentary"><label>Kommentarer</label><code rend="rectangle" lang="text/css">color: #00ff00</code></rendition><rendition xml:id="philologicalNotes"><label>Edisjonsfilologiske noter</label><code rend="rectangle" lang="text/css">color: #0000ff</code></rendition><rendition xml:id="textForSearch"><desc>transcriptional</desc><label>Søkbar tekst</label><code rend="rectangle" lang="text/css">color: #000000</code></rendition></tagsDecl><appInfo>
     <application ident="ImageMarkupTool01" version="1.8.1.3" notAfter="2009-03-24T09:22:37">
     <label>
     Image Markup Tool</label><desc>
     Tool for annotating images using TEI</desc><ref type="appURI" target="http://www.tapor.uvic.ca/~mholmes/image_markup/">
     </ref><ptr target="#imtAnnotatedImage"></ptr><ptr target="#imtImageAnnotations"></ptr><ptr target="#imtAnnotationCategories"></ptr></application>
     
     
     </appInfo></encodingDesc>
</teiHeader>
 <facsimile xml:id="imtAnnotatedImage"><surface><graphic url="No-MM_N0054-00-01r.jpg" width="2704px" height="4064px"></graphic><zone xml:id="imtArea_0" rendition="transcription" ulx="143" uly="803" lrx="2449" lry="2839" rend="visible"></zone></surface></facsimile>
 <text>
  <body>
   <div xml:id="imtImageAnnotations"><div corresp="#imtArea_0" type="imtAnnotation"><head>&#x00A0;</head><div>
    <p><add place="margin-top">Modstanden og strabadserne blev for 
    <lb/>svære og  jeg opgav de store monumentale 
    <lb/>arbeider &#x2013;</add></p>
    <p>Istedetfor raadhusdekorationerne 
     <lb/>skriver jeg om &#x00AB;mine strabadser 
     <lb/>igjennem polarisen&#x00BB;.</p>
    <p>Da jeg i <date when="1909">1909</date> efter lang sygdom 
    <lb/>tog bopæl i <placeName key="pl29">Kragerø</placeName> skrev jeg til 
    <lb/>min ven Dr. <persName key="pe301">Max Linde</persName>:</p>
    <p>Jeg er som <add place="supralinear"><del rend="overstrike">je</del></add> en der er kastet ud 
    <lb/>af hvalfiskens bug op på et land 
    <lb/>Jeg så mig om og så landet var 
    <lb/>vakkert og jeg boede der</p>
    </div></div></div>
  </body>
 </text>
</TEI>
