<?xml version="1.0" encoding="UTF-8"?>
<!DOCTYPE TEI PUBLIC "-//TEI P5 MunchTEI//DTD TEI P5 Unified for Edvard Munch's Texts//EN" "file:/O:/Munchs tekster/Transkripsjoner/MunchTEI.dtd" >
<TEI xmlns="http://www.tei-c.org/ns/1.0" version="5.0" xml:id="No-MM_N0091-00-01r">
<teiHeader>
 <fileDesc>
<titleStmt>
<title>No-MM_N0091-00-01r.jpg</title>
</titleStmt>

<publicationStmt>
<p></p>
</publicationStmt>
<sourceDesc>
<p>2704 x 4064</p>
</sourceDesc>
 </fileDesc>
 <encodingDesc>


 
  <tagsDecl xml:id="imtAnnotationCategories"><rendition xml:id="transcription"><label>Contains the transcribed and TEI P5 encoded text of the objects</label><code rend="rectangle" lang="text/css">color: #ff0000</code></rendition><rendition xml:id="commentary"><label>Kommentarer</label><code rend="rectangle" lang="text/css">color: #00ff00</code></rendition><rendition xml:id="philologicalNotes"><label>Edisjonsfilologiske noter</label><code rend="rectangle" lang="text/css">color: #0000ff</code></rendition><rendition xml:id="textForSearch"><desc>transcriptional</desc><label>Søkbar tekst</label><code rend="rectangle" lang="text/css">color: #000000</code></rendition></tagsDecl><appInfo>
     <application ident="ImageMarkupTool01" version="1.8.1.3" notAfter="2009-03-27T14:16:29">
     <label>
     Image Markup Tool</label><desc>
     Tool for annotating images using TEI</desc><ref type="appURI" target="http://www.tapor.uvic.ca/~mholmes/image_markup/">
     </ref><ptr target="#imtAnnotatedImage"></ptr><ptr target="#imtImageAnnotations"></ptr><ptr target="#imtAnnotationCategories"></ptr></application>
     
     
     </appInfo></encodingDesc>
</teiHeader>
 <facsimile xml:id="imtAnnotatedImage"><surface><graphic url="No-MM_N0091-00-01r.jpg" width="2704px" height="4064px"></graphic><zone xml:id="imtArea_0" rendition="transcription" ulx="235" uly="827" lrx="2537" lry="3583" rend="visible"></zone></surface></facsimile>
 <text>
  <body>
   <div xml:id="imtImageAnnotations"><div corresp="#imtArea_0" type="imtAnnotation"><head>&#x00A0;</head><div>
    <p>Du sa til mig for 8 dage siden 
    <lb/>at gravurene <del rend="overwritten">er</del>var solgte og da jeg 
    <lb/>trængte penger til kjøb af et papir bad 
    <lb/>jeg om dem. Jeg havde osså samlet 
    <lb/>noen arbeider til salgs &#x2013;</p>
    <p>Vi må få en ordning på det 
    <lb/>da det blir lidt anstrængende slig 
    <lb/>det nu går &#x2013;</p>
    <p>Det kunde kanske ordnes slig at 
    <lb/>jeg pr måned kunde la Dig 
    <lb/>f<del rend="overwritten"><gap/></del>å noen sager til salgs. Som det 
    <lb/>nu går kan det let bli merkantilt 
    <lb/>og jeg vil kunne komme til at bringe 
    <lb/>ud arbeider der kunde betragtes som 
    <lb/>kitsch &#x2013; Det har jeg hele mit liv arbeidet 
     <lb/>mot &#x2013; Altså mandag mellem 1 &#x00BD; og 2 
    <lb/>kommer Du og jeg skal ha en del nye 
    <lb/>sager færdig &#x2013;</p>
    </div></div></div>
  </body>
 </text>
</TEI>
