<?xml version="1.0" encoding="UTF-8"?>
<!DOCTYPE TEI PUBLIC "-//TEI P5 MunchTEI//DTD TEI P5 Unified for Edvard Munch's Texts//EN" "file:/O:/Munchs tekster/Transkripsjoner/MunchTEI.dtd" >
<TEI xmlns="http://www.tei-c.org/ns/1.0" version="5.0" xml:id="No-MM_N0151-00-01r">
<teiHeader>
 <fileDesc>
<titleStmt>
<title>No-MM_N0151-00-01r.jpg</title>
</titleStmt>

<publicationStmt>
<p></p>
</publicationStmt>
<sourceDesc>
<p>2704 x 4064</p>
</sourceDesc>
 </fileDesc>
 <encodingDesc>


 
  <tagsDecl xml:id="imtAnnotationCategories"><rendition xml:id="transcription"><label>Contains the transcribed and TEI P5 encoded text of the objects</label><code rend="rectangle" lang="text/css">color: #ff0000</code></rendition><rendition xml:id="commentary"><label>Kommentarer</label><code rend="rectangle" lang="text/css">color: #00ff00</code></rendition><rendition xml:id="philologicalNotes"><label>Edisjonsfilologiske noter</label><code rend="rectangle" lang="text/css">color: #0000ff</code></rendition><rendition xml:id="textForSearch"><desc>transcriptional</desc><label>Søkbar tekst</label><code rend="rectangle" lang="text/css">color: #000000</code></rendition></tagsDecl><appInfo>
     <application ident="ImageMarkupTool01" version="1.8.1.3" notAfter="2009-04-27T15:44:47">
     <label>
     Image Markup Tool</label><desc>
     Tool for annotating images using TEI</desc><ref type="appURI" target="http://www.tapor.uvic.ca/~mholmes/image_markup/">
     </ref><ptr target="#imtAnnotatedImage"></ptr><ptr target="#imtImageAnnotations"></ptr><ptr target="#imtAnnotationCategories"></ptr></application>
     
     
     </appInfo></encodingDesc>
</teiHeader>
 <facsimile xml:id="imtAnnotatedImage"><surface><graphic url="No-MM_N0151-00-01r.jpg" width="2704px" height="4064px"></graphic><zone xml:id="imtArea_0" rendition="transcription" ulx="107" uly="314" lrx="2620" lry="2362" rend="visible"></zone></surface></facsimile>
 <text>
  <body>
   <div xml:id="imtImageAnnotations"><div corresp="#imtArea_0" type="imtAnnotation"><head>&#x00A0;</head><div>
    <p rend="extraAir"><add place="margin-top">I <orgName key="i101">Aftenposten</orgName> omkring <date when="1890">1890</date> blev et
    <lb/>portræt af mig udstillet <del rend="overstrike">g</del> <gap reason="scribble"/> <del rend="overstrike">Det</del> Det blev udstillet
     <lb/>med tittelen &#x00AB;<del rend="overwritten">d</del>Dameportrait&#x00BB; &#x2013; Det fik slig
    <lb/>omtale i <orgName key="i101">Aftenposten</orgName><unclear reason="writing">:</unclear></add></p>
    <p>Dette rædselsfulde kvinnemenneske
    <lb/>denne <ref type="lemma" target="co178">Louis Michel</ref> hvor skal sligt
    <lb/>ophænges? &#x2013; I daglistuen? nei! I
    <lb/>Spisestuen! nei &#x2013; i øvrige rum, kjøkken
     <lb/>og gang? nei! &#x2013;</p>
    <p>Det var vel ikke mange <add place="supralinear">ydre</add> rum man
    <lb/>så havde at vælge mellem &#x2013;</p>
    <p>Det var det dameportræt <add place="supralinear">i sort</add> som hænger
    <lb/>hos <persName key="pe356">Chr. Mustad</persName> &#x2013; det var noget i lighed
    <lb/>med dameportrættet i <orgName key="i84">Nationalgaleriet</orgName>
    <lb/>og malt omtrent i samme tid &#x2013; og det ansees
    <lb/>jo nu som noe af de fineste jeg har gjort</p>
    </div></div></div>
  </body>
 </text>
</TEI>