<?xml version="1.0" encoding="UTF-8"?>
<!DOCTYPE TEI PUBLIC "-//TEI P5 MunchTEI//DTD TEI P5 Unified for Edvard Munch's Texts//EN" "file:/O:/Munchs tekster/Transkripsjoner/MunchTEI.dtd" >
<TEI xmlns="http://www.tei-c.org/ns/1.0" version="5.0" xml:id="No-MM_N0033-06">
<teiHeader>
 <fileDesc>
<titleStmt>
<title>No-MM_N0033-06.jpg</title>
</titleStmt>

<publicationStmt>
<p></p>
</publicationStmt>
<sourceDesc>
<p>2704 x 4064</p>
</sourceDesc>
 </fileDesc>
 <encodingDesc>


 
  <tagsDecl xml:id="imtAnnotationCategories"><rendition xml:id="transcription"><label>Contains the transcribed and TEI P5 encoded text of the objects</label><code rend="rectangle" lang="text/css">color: #ff0000</code></rendition><rendition xml:id="commentary"><label>Kommentarer</label><code rend="rectangle" lang="text/css">color: #00ff00</code></rendition><rendition xml:id="philologicalNotes"><label>Edisjonsfilologiske noter</label><code rend="rectangle" lang="text/css">color: #0000ff</code></rendition><rendition xml:id="textForSearch"><desc>transcriptional</desc><label>Søkbar tekst</label><code rend="rectangle" lang="text/css">color: #000000</code></rendition></tagsDecl><appInfo>
     <application ident="ImageMarkupTool01" version="1.8.1.4" notAfter="2010-04-20T14:15:04">
     <label>
     Image Markup Tool</label><desc>
     Tool for annotating images using TEI</desc><ref type="appURI" target="http://www.tapor.uvic.ca/~mholmes/image_markup/">
     </ref><ptr target="#imtAnnotatedImage"></ptr><ptr target="#imtImageAnnotations"></ptr><ptr target="#imtAnnotationCategories"></ptr></application>
     
     
     </appInfo></encodingDesc>
</teiHeader>
 <facsimile xml:id="imtAnnotatedImage"><surface><graphic url="No-MM_N0033-06.jpg" width="2704px" height="4064px"></graphic><zone xml:id="imtArea_0" rendition="transcription" ulx="449" uly="656" lrx="2052" lry="3209" rend="visible"></zone></surface></facsimile>
 <text>
  <body>
   <div xml:id="imtImageAnnotations"><div corresp="#imtArea_0" type="imtAnnotation"><head>&#x00A0;</head><div>
    <p>Jeg skulde fremstille en række slike billeder.</p>
    <p>Der skulde ikke længer males interieurer, folk
    <lb/>som læser og kvinder som strikker.</p>
    <p>Det skulde være levende mennesker som puster
    <lb/>og føler, lider og elsker.</p>
    <p>Jeg følte jeg skulde gjøre dette &#x2013; det skulde
     <lb/>gaa saa let. &#x2013; Kjødet skulde forme sig og far-
     <lb/>verne leve. &#x2013;</p>
    <p>Der blev pause &#x2013; musikken hørte op.</p>
    <p>Jeg var lidt trist.</p>
    <p>Jeg husket hvor mange gange jeg før hadde
     <lb/>følt noget lignende &#x2013; og naar jeg hadde gjort
     <lb/>billedet færdig &#x2013; rystet man paa hodet og smilte.</p>
    <p>Jeg var atter ute paa den blaa <placeName key="pl408">Boulevard des
     <lb/>Italiens</placeName> &#x2013; med de hvite elektriske lamper og de
     <lb/>gule gasblus &#x2013; med de tusen fremmeden ansikter
    <lb/>der saa saa spøkelsesagtige ut i det elektriske
    <lb/>lys. &#x2013;</p>
     <p><handShift new="EM2"/><del rend="diagonalOverstrike" hand="EM1">Og <del rend="overwritten"><gap/></del>de påfølgende 2 År <gap reason="writing"></gap>
    <lb/>jeg <gap reason="writing"></gap> <gap reason="writing"></gap> det b<gap reason="writing"></gap> <gap reason="writing"></gap>
    <lb/>der allerede tidligere var igjen
    <lb/><del rend="overwritten"><gap/></del>flere utkast og billederne der
      <lb/>efterhånden blev livsfrisen &#x2013;
      <lb/>&#x2013; <del rend="overwritten"><gap/></del>Jeg malte <gap reason="writing"></gap> <unclear reason="writing">døde</unclear> &#x2013; <add place="supralinear" hand="EM1">?</add>
    <lb/><unclear reason="writing">manden</unclear> siddende ved stranden
      <lb/>&#x2013; angest &#x2013; skrik &#x2013; <gap reason="writing"></gap>
      <lb/>madonna &#x2013;</del></p></div></div></div>
  </body>
 </text>
</TEI>
