<?xml version="1.0" encoding="UTF-8"?>

<?xml-stylesheet type="text/xsl" href="file:/O:/Munchs tekster/Transkripsjoner/eMunch_view.xsl"?>
<!DOCTYPE TEI PUBLIC "-//TEI P5 MunchTEI//DTD TEI P5 Unified for Edvard Munch's Texts//EN" "file:/O:/Munchs tekster/Transkripsjoner/MunchTEI.dtd">
<TEI xmlns="http://www.tei-c.org/ns/1.0">
    <teiHeader>
        <fileDesc>
            <titleStmt>
                <title>MM N 32. Notat</title>
            </titleStmt>
            <publicationStmt><p/></publicationStmt>
            <sourceDesc><bibl xml:id="No-MM_N0032"/></sourceDesc>
        </fileDesc>
        <profileDesc>
            <langUsage>
                <language ident="no"/>
            </langUsage>
            <handNotes>
                <handNote xml:id="EM1" medium="typed">Maskinskrevet</handNote>
                <handNote xml:id="EM2" medium="pencil_black">Svart penn</handNote>
                <handNote xml:id="NN1" medium="pencil">Gråblyant</handNote>
            </handNotes>
        </profileDesc>
        <revisionDesc>
            <change who="#HB" when="2012-06-14">Lagt inn kommentar.</change>
            <change xml:id="HED" who="#HED" when="2010-01-22">Kodet opp samlefil i Oxygen samt enkeltsidefiler, dels i ImageMarkupTool, dels i Oxygen.</change>
            <change who="#HED" when="2010-10-25">Ført inn rettelser etter korrektur.</change>
        </revisionDesc>
    </teiHeader>
    <text>
        <body>
            <div type="facsimile"  xml:id="No-MM_N0032-01">
                <include href="No-MM_N0032-01.xml" xpointer="imtAnnotationCategories">
                    <fallback>FIXME: MISSING XINCLUDE CONTENT</fallback>
                </include>
                <include href="No-MM_N0032-01.xml" xpointer="imtAnnotatedImage">
                    <fallback>FIXME: MISSING XINCLUDE CONTENT</fallback>
                </include>
                <include href="No-MM_N0032-01.xml" xpointer="imtImageAnnotations">
                    <fallback>FIXME: MISSING XINCLUDE CONTENT</fallback>
                </include>
            </div>
            <div type="facsimile"  xml:id="No-MM_N0032-02">
                <include href="No-MM_N0032-02.xml" xpointer="imtAnnotationCategories">
                    <fallback>FIXME: MISSING XINCLUDE CONTENT</fallback>
                </include>
                <include href="No-MM_N0032-02.xml" xpointer="imtAnnotatedImage">
                    <fallback>FIXME: MISSING XINCLUDE CONTENT</fallback>
                </include>
                <include href="No-MM_N0032-02.xml" xpointer="imtImageAnnotations">
                    <fallback>FIXME: MISSING XINCLUDE CONTENT</fallback>
                </include>
            </div>
            <div type="facsimile"  xml:id="No-MM_N0032-03">
                <include href="No-MM_N0032-03.xml" xpointer="imtAnnotationCategories">
                    <fallback>FIXME: MISSING XINCLUDE CONTENT</fallback>
                </include>
                <include href="No-MM_N0032-03.xml" xpointer="imtAnnotatedImage">
                    <fallback>FIXME: MISSING XINCLUDE CONTENT</fallback>
                </include>
                <include href="No-MM_N0032-03.xml" xpointer="imtImageAnnotations">
                    <fallback>FIXME: MISSING XINCLUDE CONTENT</fallback>
                </include>
            </div>
            <div type="facsimile"  xml:id="No-MM_N0032-04">
                <include href="No-MM_N0032-04.xml" xpointer="imtAnnotationCategories">
                    <fallback>FIXME: MISSING XINCLUDE CONTENT</fallback>
                </include>
                <include href="No-MM_N0032-04.xml" xpointer="imtAnnotatedImage">
                    <fallback>FIXME: MISSING XINCLUDE CONTENT</fallback>
                </include>
                <include href="No-MM_N0032-04.xml" xpointer="imtImageAnnotations">
                    <fallback>FIXME: MISSING XINCLUDE CONTENT</fallback>
                </include>
            </div>
            <div type="facsimile"  xml:id="No-MM_N0032-05">
                <include href="No-MM_N0032-05.xml" xpointer="imtAnnotationCategories">
                    <fallback>FIXME: MISSING XINCLUDE CONTENT</fallback>
                </include>
                <include href="No-MM_N0032-05.xml" xpointer="imtAnnotatedImage">
                    <fallback>FIXME: MISSING XINCLUDE CONTENT</fallback>
                </include>
                <include href="No-MM_N0032-05.xml" xpointer="imtImageAnnotations">
                    <fallback>FIXME: MISSING XINCLUDE CONTENT</fallback>
                </include>
            </div>
            <div type="facsimile"  xml:id="No-MM_N0032-06">
                <include href="No-MM_N0032-06.xml" xpointer="imtAnnotationCategories">
                    <fallback>FIXME: MISSING XINCLUDE CONTENT</fallback>
                </include>
                <include href="No-MM_N0032-06.xml" xpointer="imtAnnotatedImage">
                    <fallback>FIXME: MISSING XINCLUDE CONTENT</fallback>
                </include>
                <include href="No-MM_N0032-06.xml" xpointer="imtImageAnnotations">
                    <fallback>FIXME: MISSING XINCLUDE CONTENT</fallback>
                </include>
            </div>
            <div type="facsimile"  xml:id="No-MM_N0032-07">
                <include href="No-MM_N0032-07.xml" xpointer="imtAnnotationCategories">
                    <fallback>FIXME: MISSING XINCLUDE CONTENT</fallback>
                </include>
                <include href="No-MM_N0032-07.xml" xpointer="imtAnnotatedImage">
                    <fallback>FIXME: MISSING XINCLUDE CONTENT</fallback>
                </include>
                <include href="No-MM_N0032-07.xml" xpointer="imtImageAnnotations">
                    <fallback>FIXME: MISSING XINCLUDE CONTENT</fallback>
                </include>
            </div>
            <div type="facsimile"  xml:id="No-MM_N0032-08">
                <include href="No-MM_N0032-08.xml" xpointer="imtAnnotationCategories">
                    <fallback>FIXME: MISSING XINCLUDE CONTENT</fallback>
                </include>
                <include href="No-MM_N0032-08.xml" xpointer="imtAnnotatedImage">
                    <fallback>FIXME: MISSING XINCLUDE CONTENT</fallback>
                </include>
                <include href="No-MM_N0032-08.xml" xpointer="imtImageAnnotations">
                    <fallback>FIXME: MISSING XINCLUDE CONTENT</fallback>
                </include>
            </div>
            <div type="facsimile"  xml:id="No-MM_N0032-09">
                <include href="No-MM_N0032-09.xml" xpointer="imtAnnotationCategories">
                    <fallback>FIXME: MISSING XINCLUDE CONTENT</fallback>
                </include>
                <include href="No-MM_N0032-09.xml" xpointer="imtAnnotatedImage">
                    <fallback>FIXME: MISSING XINCLUDE CONTENT</fallback>
                </include>
                <include href="No-MM_N0032-09.xml" xpointer="imtImageAnnotations">
                    <fallback>FIXME: MISSING XINCLUDE CONTENT</fallback>
                </include>
            </div>
        </body>
    </text>
</TEI>

