<?xml version="1.0" encoding="UTF-8"?>
<!DOCTYPE TEI PUBLIC "-//TEI P5 MunchTEI//DTD TEI P5 Unified for Edvard Munch's Texts//EN" "file:/O:/Munchs tekster/Transkripsjoner/MunchTEI.dtd" >
<TEI xmlns="http://www.tei-c.org/ns/1.0" version="5.0" xml:id="No-MM_N0110-03">
<teiHeader>
 <fileDesc>
<titleStmt>
<title>No-MM_N0110-03.jpg</title>
</titleStmt>

<publicationStmt>
<p></p>
</publicationStmt>
<sourceDesc>
<p>2704 x 4064</p>
</sourceDesc>
 </fileDesc>
 <encodingDesc>


 
  <tagsDecl xml:id="imtAnnotationCategories"><rendition xml:id="transcription"><label>Contains the transcribed and TEI P5 encoded text of the objects</label><code rend="rectangle" lang="text/css">color: #ff0000</code></rendition><rendition xml:id="commentary"><label>Kommentarer</label><code rend="rectangle" lang="text/css">color: #00ff00</code></rendition><rendition xml:id="philologicalNotes"><label>Edisjonsfilologiske noter</label><code rend="rectangle" lang="text/css">color: #0000ff</code></rendition><rendition xml:id="textForSearch"><desc>transcriptional</desc><label>Søkbar tekst</label><code rend="rectangle" lang="text/css">color: #000000</code></rendition></tagsDecl><appInfo>
     <application ident="ImageMarkupTool01" version="1.8.1.3" notAfter="2009-04-03T14:33:32">
     <label>
     Image Markup Tool</label><desc>
     Tool for annotating images using TEI</desc><ref type="appURI" target="http://www.tapor.uvic.ca/~mholmes/image_markup/">
     </ref><ptr target="#imtAnnotatedImage"></ptr><ptr target="#imtImageAnnotations"></ptr><ptr target="#imtAnnotationCategories"></ptr></application>
     
     
     </appInfo></encodingDesc>
</teiHeader>
 <facsimile xml:id="imtAnnotatedImage"><surface><graphic url="No-MM_N0110-03.jpg" width="2704px" height="4064px"></graphic><zone xml:id="imtArea_0" rendition="transcription" ulx="449" uly="358" lrx="2600" lry="3790" rend="visible"></zone></surface></facsimile>
 <text>
  <body>
   <div xml:id="imtImageAnnotations"><div corresp="#imtArea_0" type="imtAnnotation"><head>&#x00A0;</head><div>
    <p rend="noIndent">så så jeg den var blit
    <lb/><del rend="overstrike">sm<gap/></del> <del rend="overstrike">smudsig på brystet</del>
    <lb/><unclear reason="writing">tilsmudset</unclear> på brystet &#x2013; <del rend="overstrike">og <gap/>
    <lb/>og jeg opd</del> og opdaget <gap reason="scribble"/> at
    <lb/><del rend="overwritten"><gap/></del>vandet rundt om mig var
    <lb/>grumset og skiddent &#x2013; og jeg
    <lb/>så mit speilbillede i grumset
    <lb/>hvor det var <del rend="overstrike">forfærde</del> blegt &#x2013;
    <lb/><del rend="overstrike">Og svanen gled bort</del></p>
    <p><del rend="overstrike">Og</del> Jeg hørte et forfærdelig
    <lb/>skrig &#x2013; og jeg vidste det var
    <lb/>mig der <del rend="overwritten"><gap/></del>hadde skreget &#x2013; <del rend="overstrike"><gap/></del>
    <lb/><add place="inBetweenLines">Svanen ængstedes &#x2013;</add>
    <lb/><del rend="overstrike">jeg skjønte hva</del></p>
    <p><del rend="overwritten"><gap/></del>Den <del rend="overstrike"><gap/></del>Den gled <add place="supralinear">fra mig</add> bortover
    <lb/>vandet <unclear><del rend="overstrike">den trodde</del></unclear> som himmelen
    <lb/>over var skin<del rend="overwritten"><gap/></del>nende blå &#x2013; trodde
    <lb/>hun det var osså der under
    <lb/>&#x2013; <del rend="overstrike">og</del> den så sig om med milde
    <lb/><del rend="overstrike">øine</del> lykkelie øine &#x2013;</p>
    <p><del rend="overstrike">Men jeg som vidste alt &#x2013;
    <lb/>som hadde vidst hvad</del> der
    <lb/><del rend="overstrike">skjultes under den blanke
    <lb/>fladen &#x2013; jeg skulde aldri bli
    <lb/>lykkeli</del></p>
    </div></div></div>
  </body>
 </text>
</TEI>