<?xml version="1.0" encoding="UTF-8"?>
<!DOCTYPE TEI PUBLIC "-//TEI P5 MunchTEI//DTD TEI P5 Unified for Edvard Munch's Texts//EN" "file:/O:/Munchs tekster/Transkripsjoner/MunchTEI.dtd" >
<TEI xmlns="http://www.tei-c.org/ns/1.0" version="5.0" xml:id="No-MM_N0092-00-01r">
<teiHeader>
 <fileDesc>
<titleStmt>
<title>No-MM_N0092-00-01r.jpg</title>
</titleStmt>

<publicationStmt>
<p></p>
</publicationStmt>
<sourceDesc>
<p>2704 x 4064</p>
</sourceDesc>
 </fileDesc>
 <encodingDesc>


 
  <tagsDecl xml:id="imtAnnotationCategories"><rendition xml:id="transcription"><label>Contains the transcribed and TEI P5 encoded text of the objects</label><code rend="rectangle" lang="text/css">color: #ff0000</code></rendition><rendition xml:id="commentary"><label>Kommentarer</label><code rend="rectangle" lang="text/css">color: #00ff00</code></rendition><rendition xml:id="philologicalNotes"><label>Edisjonsfilologiske noter</label><code rend="rectangle" lang="text/css">color: #0000ff</code></rendition><rendition xml:id="textForSearch"><desc>transcriptional</desc><label>Søkbar tekst</label><code rend="rectangle" lang="text/css">color: #000000</code></rendition></tagsDecl><appInfo>
     <application ident="ImageMarkupTool01" version="1.8.1.3" notAfter="2009-03-27T14:20:22">
     <label>
     Image Markup Tool</label><desc>
     Tool for annotating images using TEI</desc><ref type="appURI" target="http://www.tapor.uvic.ca/~mholmes/image_markup/">
     </ref><ptr target="#imtAnnotatedImage"></ptr><ptr target="#imtImageAnnotations"></ptr><ptr target="#imtAnnotationCategories"></ptr></application>
     
     
     </appInfo></encodingDesc>
</teiHeader>
 <facsimile xml:id="imtAnnotatedImage"><surface><graphic url="No-MM_N0092-00-01r.jpg" width="2704px" height="4064px"></graphic><zone xml:id="imtArea_0" rendition="transcription" ulx="171" uly="664" lrx="2370" lry="3332" rend="visible"></zone></surface></facsimile>
 <text>
  <body>
   <div xml:id="imtImageAnnotations"><div corresp="#imtArea_0" type="imtAnnotation"><head>&#x00A0;</head><div>
    <p>Jeg er vel b<gap reason="writing"/> også i <del rend="overstrike">Fremtiden</del> 
    <lb/>at vil sende Dem Gravur &#x2013;
    <lb/>og jeg vil se efter hvad jeg har &#x2013;
    <lb/>Imidlertid <del rend="overwritten">e</del>har jeg så stor 
    <lb/>Efterspørgsel fra andre Steder 
    <lb/>overalt i <placeName key="pl51">Tydskland</placeName> og andre 
    <lb/>Lande <gap reason="scribble"/>at jeg har vanskeli 
    <lb/>for at efterkomme
    <lb/>&#x2013; Det blir da <del rend="overstrike">vanskeli</del> <del rend="overstrike">dyrt</del> vanskeli 
    <lb/>at lade så mange Colectioner 
    <lb/>ligge hos Kunsthandlere &#x2013;</p>
    <p>Det er meget dyrt at trykke</p>
    <p>&#x2013; <del rend="overwritten">D</del>Nu må jeg først give Svar på 
    <lb/>de stærke <del rend="overstrike">Bes</del> og <del rend="overstrike">grundløse</del> gan<gap reason="damage"/>
     <lb/>Grundløse Besværelser De i <gap reason="damage"/>
    <lb/>sidst Brev &#x2013; Deres Opgave <gap reason="damage"/>
     <lb/>mine Priser til Hr <persName key="pe486">K.</persName> er ganske 
    <lb/><unclear reason="writing">vigtig disse år</unclear></p>
    </div></div></div>
  </body>
 </text>
</TEI>
