<?xml version="1.0" encoding="UTF-8"?>
<!DOCTYPE TEI PUBLIC "-//TEI P5 MunchTEI//DTD TEI P5 Unified for Edvard Munch's Texts//EN" "file:/O:/Munchs tekster/Transkripsjoner/MunchTEI.dtd" >
<TEI xmlns="http://www.tei-c.org/ns/1.0" version="5.0" xml:id="No-MM_N0038-02">
<teiHeader>
 <fileDesc>
<titleStmt>
<title>No-MM_N0038-02.jpg</title>
</titleStmt>

<publicationStmt>
<p></p>
</publicationStmt>
<sourceDesc>
<p>2704 x 4064</p>
</sourceDesc>
 </fileDesc>
 <encodingDesc>


 
  <tagsDecl xml:id="imtAnnotationCategories"><rendition xml:id="transcription"><label>Contains the transcribed and TEI P5 encoded text of the objects</label><code rend="rectangle" lang="text/css">color: #ff0000</code></rendition><rendition xml:id="commentary"><label>Kommentarer</label><code rend="rectangle" lang="text/css">color: #00ff00</code></rendition><rendition xml:id="philologicalNotes"><label>Edisjonsfilologiske noter</label><code rend="rectangle" lang="text/css">color: #0000ff</code></rendition><rendition xml:id="textForSearch"><desc>transcriptional</desc><label>Søkbar tekst</label><code rend="rectangle" lang="text/css">color: #000000</code></rendition></tagsDecl><appInfo>
     <application ident="ImageMarkupTool01" version="1.8.1.2" notAfter="2009-03-20T15:56:38">
     <label>
     Image Markup Tool</label><desc>
     Tool for annotating images using TEI</desc><ref type="appURI" target="http://www.tapor.uvic.ca/~mholmes/image_markup/">
     </ref><ptr target="#imtAnnotatedImage"></ptr><ptr target="#imtImageAnnotations"></ptr><ptr target="#imtAnnotationCategories"></ptr></application>
     
     
     </appInfo></encodingDesc>
</teiHeader>
 <facsimile xml:id="imtAnnotatedImage"><surface><graphic url="No-MM_N0038-02.jpg" width="2704px" height="4064px"></graphic><zone xml:id="imtArea_0" rendition="transcription" ulx="256" uly="660" lrx="2616" lry="3748" rend="visible"></zone></surface></facsimile>
 <text>
  <body>
   <div xml:id="imtImageAnnotations"><div corresp="#imtArea_0" type="imtAnnotation"><head>&#x00A0;</head><div>
    <p rend="noIndent">Et godt billede med 10 
    <lb/>huller er bedre en 10 dårlige 
    <lb/>billeder uten huller</p>
    <p><del rend="overstrike">Et dårlig</del></p>
    <p>Et godt billede med <del rend="overstrike">slitte 
    <lb/>farver og d</del> dårlig undergrund 
    <lb/>er bedre end 10 dårlige billeder 
    <lb/>med god undergrund
    <lb/>Godt billede forsvinner aldrig</p>
    <p>En genial tanke dør ikke</p>
    <p>En <del rend="overwritten"><gap/></del>kulstreg på en m<del rend="overwritten"><gap/></del>urvæg 
    <lb/>kan være mer <add place="supralinear">værdifuld kunst</add> kunst end 
    <lb/>mangt et stort billede i 
    <lb/>kostbare <del rend="overwritten"><gap/></del>rammer</p>
    <p>En</p>
    </div></div></div>
  </body>
 </text>
</TEI>
