<?xml version="1.0" encoding="UTF-8"?>
<!DOCTYPE TEI PUBLIC "-//TEI P5 MunchTEI//DTD TEI P5 Unified for Edvard Munch's Texts//EN" "file:/O:/Munchs tekster/Transkripsjoner/MunchTEI.dtd" >
<TEI xmlns="http://www.tei-c.org/ns/1.0" version="5.0" xml:id="No-MM_N0103-03">
<teiHeader>
 <fileDesc>
<titleStmt>
<title>No-MM_N0103-03.jpg</title>
</titleStmt>

<publicationStmt>
<p></p>
</publicationStmt>
<sourceDesc>
<p>2704 x 4064</p>
</sourceDesc>
 </fileDesc>
 <encodingDesc>


 
  <tagsDecl xml:id="imtAnnotationCategories"><rendition xml:id="transcription"><label>Contains the transcribed and TEI P5 encoded text of the objects</label><code rend="rectangle" lang="text/css">color: #ff0000</code></rendition><rendition xml:id="commentary"><label>Kommentarer</label><code rend="rectangle" lang="text/css">color: #00ff00</code></rendition><rendition xml:id="philologicalNotes"><label>Edisjonsfilologiske noter</label><code rend="rectangle" lang="text/css">color: #0000ff</code></rendition><rendition xml:id="textForSearch"><desc>transcriptional</desc><label>Søkbar tekst</label><code rend="rectangle" lang="text/css">color: #000000</code></rendition></tagsDecl><appInfo>
     <application ident="ImageMarkupTool01" version="1.8.1.3" notAfter="2009-04-03T11:04:32">
     <label>
     Image Markup Tool</label><desc>
     Tool for annotating images using TEI</desc><ref type="appURI" target="http://www.tapor.uvic.ca/~mholmes/image_markup/">
     </ref><ptr target="#imtAnnotatedImage"></ptr><ptr target="#imtImageAnnotations"></ptr><ptr target="#imtAnnotationCategories"></ptr></application>
     
     
     </appInfo></encodingDesc>
</teiHeader>
 <facsimile xml:id="imtAnnotatedImage"><surface><graphic url="No-MM_N0103-03.jpg" width="2704px" height="4064px"></graphic><zone xml:id="imtArea_0" rendition="transcription" ulx="151" uly="358" lrx="2314" lry="3754" rend="visible"></zone></surface></facsimile>
 <text>
  <body>
   <div xml:id="imtImageAnnotations"><div corresp="#imtArea_0" type="imtAnnotation"><head>&#x00A0;</head><div>
    <p>Det var e<del rend="overwritten">n</del>t <del rend="overstrike">st</del> vers af
    <lb/><persName key="pe486">Per Hjelm</persName> &#x2013;</p>
    <p>Han vidste at hun engang
    <lb/>havde været forlovet med ham
    <lb/>&#x2013; så havde hun uden videre
    <lb/>tat sin nuværende mand.</p> 
    <p>Det var om elskov
    <lb/>blødt og stemningsfuldt &#x2013;
     <lb/>&#x00AB;Jeg elsker dig&#x00BB; hørte han
    <lb/>tydeligere end det andet &#x2013; <del rend="overstrike">og</del> da
    <lb/><del rend="overstrike">så</del> vendte <del rend="overstrike"><gap/></del> hun sig mod
    <lb/>ham &#x2013; <del rend="overwritten"><gap/></del>det var som om hun 
    <lb/>vilde si det til ham &#x2013;</p>
    <p>&#x2013; Man reiste sig forat gå &#x2013;
    <lb/>Det er kjølig og de som er
    <lb/>sygelig skulde ta noget på
    <lb/>dem sa <persName key="pe188">Hertzberg</persName></p>
    <p>Her sa <ref type="lemma" target="co5">Fru Heiberg</ref> &#x2013; hun
    <lb/>tog <del rend="overstrike">sin en</del> af sig sin skindkrave
    <lb/>og <del rend="overstrike">b</del> bød ham den</p>
    </div></div></div>
  </body>
 </text>
</TEI>
