<?xml version="1.0" encoding="UTF-8"?>
<!DOCTYPE TEI PUBLIC "-//TEI P5 MunchTEI//DTD TEI P5 Unified for Edvard Munch's Texts//EN" "file:/O:/Munchs tekster/Transkripsjoner/MunchTEI.dtd" >
<TEI xmlns="http://www.tei-c.org/ns/1.0" version="5.0" xml:id="No-MM_N0017-00-01r">
<teiHeader>
 <fileDesc>
<titleStmt>
<title>No-MM_N0017-00-01r.jpg</title>
</titleStmt>

<publicationStmt>
<p></p>
</publicationStmt>
<sourceDesc>
<p>2704 x 4064</p>
</sourceDesc>
 </fileDesc>
 <encodingDesc>


 
  <tagsDecl xml:id="imtAnnotationCategories"><rendition xml:id="transcription"><label>Contains the transcribed and TEI P5 encoded text of the objects</label><code rend="rectangle" lang="text/css">color: #ff0000</code></rendition><rendition xml:id="commentary"><label>Kommentarer</label><code rend="rectangle" lang="text/css">color: #00ff00</code></rendition><rendition xml:id="philologicalNotes"><label>Edisjonsfilologiske noter</label><code rend="rectangle" lang="text/css">color: #0000ff</code></rendition><rendition xml:id="textForSearch"><desc>transcriptional</desc><label>Søkbar tekst</label><code rend="rectangle" lang="text/css">color: #000000</code></rendition></tagsDecl><appInfo>
     <application ident="ImageMarkupTool01" version="1.8.1.2" notAfter="2009-03-17T09:13:13">
     <label>
     Image Markup Tool</label><desc>
     Tool for annotating images using TEI</desc><ref type="appURI" target="http://www.tapor.uvic.ca/~mholmes/image_markup/">
     </ref><ptr target="#imtAnnotatedImage"></ptr><ptr target="#imtImageAnnotations"></ptr><ptr target="#imtAnnotationCategories"></ptr></application>
     
     
     </appInfo></encodingDesc>
</teiHeader>
 <facsimile xml:id="imtAnnotatedImage"><surface><graphic url="No-MM_N0017-00-01r.jpg" width="2704px" height="4064px"></graphic><zone xml:id="imtArea_0" rendition="transcription" ulx="208" uly="140" lrx="2688" lry="2288" rend="visible"></zone></surface></facsimile>
 <text>
  <body>
   <div xml:id="imtImageAnnotations"><div corresp="#imtArea_0" type="imtAnnotation"><head>&#x00A0;</head><div>
    <p><add place="margin-top"><del rend="overstrike">Der er</del> en duften af <del rend="overstrike">f</del> violer og oranger 
    <lb/>blande<del rend="overwritten"><gap/></del>t sig med den lugt af sø og tang 
    <lb/>og <del rend="overstrike"><gap/></del> fra hotellerne hører de sang <del rend="overstrike"><gap/></del> 
     <lb/>og klimpren på mandoline</add></p>
    <p><del rend="overstrike">Ved torvet</del></p>
    <p><placeName key="pl70">Nizzas</placeName> torv er et eneste 
    <lb/>stort <del rend="overstrike"><gap/></del> bugnende blomsterbed 
    <lb/>af Markblomster og haveblomster 
     <lb/>De kjøbes i svære kurve &#x2013; ti
    <lb/>Prins Karneval <placeName key="pl70">Nizzas</placeName> Glæde 
    <lb/>kommer <del rend="overstrike">om</del> for at hilse 
    <lb/>på de hundretusen fremmede 
    <lb/>og hans komme skal 
    <lb/>forherliges med store Blomsterbataljer
     <lb/>i gaderne &#x2013;</p>
    </div></div></div>
  </body>
 </text>
</TEI>
