<?xml version="1.0" encoding="UTF-8"?>
<!DOCTYPE TEI PUBLIC "-//TEI P5 MunchTEI//DTD TEI P5 Unified for Edvard Munch's Texts//EN" "file:/O:/Munchs tekster/Transkripsjoner/MunchTEI.dtd" >
<TEI xmlns="http://www.tei-c.org/ns/1.0" version="5.0" xml:id="No-MM_N0041-00-01r">
<teiHeader>
 <fileDesc>
<titleStmt>
<title>No-MM_N0041-00-01r.jpg</title>
</titleStmt>

<publicationStmt>
<p></p>
</publicationStmt>
<sourceDesc>
<p>4064 x 2704</p>
</sourceDesc>
 </fileDesc>
 <encodingDesc>


 
  <tagsDecl xml:id="imtAnnotationCategories"><rendition xml:id="transcription"><label>Contains the transcribed and TEI P5 encoded text of the objects</label><code rend="rectangle" lang="text/css">color: #ff0000</code></rendition><rendition xml:id="commentary"><label>Kommentarer</label><code rend="rectangle" lang="text/css">color: #00ff00</code></rendition><rendition xml:id="philologicalNotes"><label>Edisjonsfilologiske noter</label><code rend="rectangle" lang="text/css">color: #0000ff</code></rendition><rendition xml:id="textForSearch"><desc>transcriptional</desc><label>Søkbar tekst</label><code rend="rectangle" lang="text/css">color: #000000</code></rendition></tagsDecl><appInfo>
     <application ident="ImageMarkupTool01" version="1.8.1.3" notAfter="2009-03-23T10:40:38">
     <label>
     Image Markup Tool</label><desc>
     Tool for annotating images using TEI</desc><ref type="appURI" target="http://www.tapor.uvic.ca/~mholmes/image_markup/">
     </ref><ptr target="#imtAnnotatedImage"></ptr><ptr target="#imtImageAnnotations"></ptr><ptr target="#imtAnnotationCategories"></ptr></application>
     
     
     </appInfo></encodingDesc>
</teiHeader>
 <facsimile xml:id="imtAnnotatedImage"><surface><graphic url="No-MM_N0041-00-01r.jpg" width="4064px" height="2704px"></graphic><zone xml:id="imtArea_0" rendition="transcription" ulx="728" uly="259" lrx="3051" lry="2603" rend="visible"></zone></surface></facsimile>
 <text>
  <body>
   <div xml:id="imtImageAnnotations"><div corresp="#imtArea_0" type="imtAnnotation"><head>&#x00A0;</head><div>
    <p>Denne kulde har jeg mærket 
    <lb/>blandt de<del rend="overwritten">n</del>t unge kunstnerkuld i
    <lb/>alle nordiske land osså <del rend="overwritten">her</del><add place="inline" hand="EM2">her</add> 
    <lb/>i <placeName key="pl20">Oslo</placeName> &#x2013; Men den store utstilling 
    <lb/>i <placeName key="pl17">Berlin</placeName> og den påfølgende i <placeName key="pl20">Oslo</placeName> 
    <lb/>bragte et ialfald tilsyneladende 
     <lb/>omslag &#x2013; <seg type="handShift"><handShift new="EM2"/>Jeg kan tænke mig 
    <lb/>at netop i <placeName key="pl143">Sverige</placeName> nu for tiden 
    <lb/>mine billeder <del rend="overwritten"><gap/></del>og min grafik 
    <lb/>vil møte en vis motstand &#x2013;
    <lb/>&#x2013; Næppe i noget land er sakligheten 
    <lb/>med sit lille format glatte utførelse 
    <lb/>og sin detaljbehandling trængt så 
    <lb/>overalt frem &#x2013; Jeg kan godt forstå det 
    <lb/>gode ved dette omslag &#x2013; og omslag må</seg></p> 
    </div></div></div>
  </body>
 </text>
</TEI>
