<?xml version="1.0" encoding="UTF-8"?>
<!DOCTYPE TEI PUBLIC "-//TEI P5 MunchTEI//DTD TEI P5 Unified for Edvard Munch's Texts//EN" "file:/O:/Munchs tekster/Transkripsjoner/MunchTEI.dtd" >
<TEI xmlns="http://www.tei-c.org/ns/1.0" version="5.0" xml:id="No-MM_N0110-01">
<teiHeader>
 <fileDesc>
<titleStmt>
<title>No-MM_N0110-01.jpg</title>
</titleStmt>

<publicationStmt>
<p></p>
</publicationStmt>
<sourceDesc>
<p>2704 x 4064</p>
</sourceDesc>
 </fileDesc>
 <encodingDesc>


 
  <tagsDecl xml:id="imtAnnotationCategories"><rendition xml:id="transcription"><label>Contains the transcribed and TEI P5 encoded text of the objects</label><code rend="rectangle" lang="text/css">color: #ff0000</code></rendition><rendition xml:id="commentary"><label>Kommentarer</label><code rend="rectangle" lang="text/css">color: #00ff00</code></rendition><rendition xml:id="philologicalNotes"><label>Edisjonsfilologiske noter</label><code rend="rectangle" lang="text/css">color: #0000ff</code></rendition><rendition xml:id="textForSearch"><desc>transcriptional</desc><label>Søkbar tekst</label><code rend="rectangle" lang="text/css">color: #000000</code></rendition></tagsDecl><appInfo>
     <application ident="ImageMarkupTool01" version="1.8.1.4" notAfter="2010-04-27T10:10:29">
     <label>
     Image Markup Tool</label><desc>
     Tool for annotating images using TEI</desc><ref type="appURI" target="http://www.tapor.uvic.ca/~mholmes/image_markup/">
     </ref><ptr target="#imtAnnotatedImage"></ptr><ptr target="#imtImageAnnotations"></ptr><ptr target="#imtAnnotationCategories"></ptr></application>
     
     
     </appInfo></encodingDesc>
</teiHeader>
 <facsimile xml:id="imtAnnotatedImage"><surface><graphic url="No-MM_N0110-01.jpg" width="2704px" height="4064px"></graphic><zone xml:id="imtArea_0" rendition="transcription" ulx="76" uly="338" lrx="2318" lry="3794" rend="visible"></zone></surface></facsimile>
 <text>
  <body>
   <div xml:id="imtImageAnnotations"><div corresp="#imtArea_0" type="imtAnnotation"><head>&#x00A0;</head><div>
    <p rend="emptyPartOfPage"><del rend="overwritten"><gap/></del>Hun var en &#x2013; svane &#x2013; Den gled
     <lb/>med sin <del rend="overstrike">hvidt</del> lange fine hals
     <lb/>sagte henad vandet &#x2013; <unclear><del rend="overwritten">h</del></unclear>den
     <lb/>så sig om med milde øine &#x2013;
     <lb/>så ind i vandet der var lyse
     <lb/>blå med hvite skyer som
     <lb/>himmelen over &#x2013; Den <unclear reason="writing">brodde</unclear></p>
    <p><del rend="overwritten"><gap/></del>Jeg bodde dernede i dybet
     <lb/>Jeg <del rend="overwritten"><gap/></del>rodet om blandt <del rend="overstrike">svarte</del>
     <lb/>blåsvarte kryb &#x2013; grønbrun
     <lb/>slim og alskens fæle dyr
     <lb/>kavet om i dyndet og <del rend="overstrike">grublet</del>
     <lb/>og minde<del rend="overwritten"><gap/></del>des en tid &#x2013; da jeg
     <lb/><del rend="overstrike">bodde <gap/></del> endnu holdt mig deroppe
     <lb/>på fladerne &#x2013; i alt det lyse blå &#x2013; da
     <lb/>jeg <del rend="overstrike">endnu</del> ikke hadde alti dette
     <lb/>dynd i bronchierne</p>
    <p>Jeg skræmtes <del rend="overstrike">dernede</del> for
     <lb/>min egen skygge<seg type="interpunctionalSpace"/>rædselen
     <lb/>greb mig og jeg måtte op</p>
   </div></div></div>
  </body>
 </text>
</TEI>