<?xml version="1.0" encoding="UTF-8"?>
<!DOCTYPE TEI PUBLIC "-//TEI P5 MunchTEI//DTD TEI P5 Unified for Edvard Munch's Texts//EN" "file:/O:/Munchs tekster/Transkripsjoner/MunchTEI.dtd" >
<TEI xmlns="http://www.tei-c.org/ns/1.0" version="5.0" xml:id="No-MM_N0098-03">
<teiHeader>
 <fileDesc>
<titleStmt>
<title>No-MM_N0098-03.jpg</title>
</titleStmt>

<publicationStmt>
<p></p>
</publicationStmt>
<sourceDesc>
<p>2704 x 4064</p>
</sourceDesc>
 </fileDesc>
 <encodingDesc>


 
  <tagsDecl xml:id="imtAnnotationCategories"><rendition xml:id="transcription"><label>Contains the transcribed and TEI P5 encoded text of the objects</label><code rend="rectangle" lang="text/css">color: #ff0000</code></rendition><rendition xml:id="commentary"><label>Kommentarer</label><code rend="rectangle" lang="text/css">color: #00ff00</code></rendition><rendition xml:id="philologicalNotes"><label>Edisjonsfilologiske noter</label><code rend="rectangle" lang="text/css">color: #0000ff</code></rendition><rendition xml:id="textForSearch"><desc>transcriptional</desc><label>Søkbar tekst</label><code rend="rectangle" lang="text/css">color: #000000</code></rendition></tagsDecl><appInfo>
     <application ident="ImageMarkupTool01" version="1.8.1.3" notAfter="2009-03-30T13:35:10">
     <label>
     Image Markup Tool</label><desc>
     Tool for annotating images using TEI</desc><ref type="appURI" target="http://www.tapor.uvic.ca/~mholmes/image_markup/">
     </ref><ptr target="#imtAnnotatedImage"></ptr><ptr target="#imtImageAnnotations"></ptr><ptr target="#imtAnnotationCategories"></ptr></application>
     
     
     </appInfo></encodingDesc>
</teiHeader>
 <facsimile xml:id="imtAnnotatedImage"><surface><graphic url="No-MM_N0098-03.jpg" width="2704px" height="4064px"></graphic><zone xml:id="imtArea_0" rendition="transcription" ulx="183" uly="334" lrx="2557" lry="3925" rend="visible"></zone></surface></facsimile>
 <text>
  <body>
   <div xml:id="imtImageAnnotations"><div corresp="#imtArea_0" type="imtAnnotation"><head>&#x00A0;</head><div>
    <p>De havde været sammen hele 
    <lb/>eftermiddagen <del rend="overstrike">Hun havde først
    <lb/>vist ham</del> <del rend="overstrike">De havde</del> Hun skulde
    <lb/>op til en venninde på en gård i Nærheden 
    <lb/>og så var han fulgt med de 
    <lb/>havde taget veien <del rend="overstrike">over</del> gjennem 
    <lb/>skoven, og gav sig god tid</p>
    <p><del rend="overwritten">M</del>Hun var i strålende humør 
    <lb/><del rend="overstrike">og hvor hun ung hun så ud
    <lb/>Han havde været så</del>
    <lb/>og så så ung <gap reason="writing"/> <del rend="overwritten"><gap/></del>fuldstændig
    <lb/>glemte hun er en <del rend="overstrike">gift fr</del></p>
    <p>Hun løb omkring som en skolepige 
    <lb/>inde i skoven,  snart fandt hun 
    <lb/>en mærkværdig <del rend="overstrike">som og snart var</del> 
    <lb/>som han <hi rend="underlined">måtte</hi> se og snart 
    <lb/>var det en blomst som var for 
    <lb/>deilig. <del rend="overstrike">Hendes</del> Hendes humør 
    <lb/>smittede ham og han løb omk 
    <lb/>som hende &#x2013; Samtalen gik så let han 
    <lb/><del rend="overstrike">havde <del rend="overwritten"><gap/></del>aldrig havt</del> Han syntes var 
    <lb/>så let  kunde <del rend="overstrike">han</del> gå så let</p>
    <p>Og dette var <del rend="overwritten">d</del>fr som han h<del rend="overwritten"><gap/></del>avde 
    <lb/>hørt så meget om som var så hoven 
    <lb/>at se til på gården &#x2013; og <del rend="overstrike">som</del> som var 
    <lb/>så vant til at blive feteret.
    <lb/>Hun morede sig sådan med 
    <lb/>ham der alltid  havde hørt han 
    <lb/>var umulig til at tale med damer</p>
    <p>Hun var aldeles henrykt &#x2013;</p>
    </div></div></div>
  </body>
 </text>
</TEI>
