<?xml version="1.0" encoding="UTF-8"?>
<!DOCTYPE TEI PUBLIC "-//TEI P5 MunchTEI//DTD TEI P5 Unified for Edvard Munch's Texts//EN" "file:/O:/Munchs tekster/Transkripsjoner/MunchTEI.dtd" >
<TEI xmlns="http://www.tei-c.org/ns/1.0" version="5.0" xml:id="No-MM_N0109-01">
<teiHeader>
 <fileDesc>
<titleStmt>
<title>No-MM_N0109-01.jpg</title>
</titleStmt>

<publicationStmt>
<p></p>
</publicationStmt>
<sourceDesc>
<p>2704 x 4064</p>
</sourceDesc>
 </fileDesc>
 <encodingDesc>


 
  <tagsDecl xml:id="imtAnnotationCategories"><rendition xml:id="transcription"><label>Contains the transcribed and TEI P5 encoded text of the objects</label><code rend="rectangle" lang="text/css">color: #ff0000</code></rendition><rendition xml:id="commentary"><label>Kommentarer</label><code rend="rectangle" lang="text/css">color: #00ff00</code></rendition><rendition xml:id="philologicalNotes"><label>Edisjonsfilologiske noter</label><code rend="rectangle" lang="text/css">color: #0000ff</code></rendition><rendition xml:id="textForSearch"><desc>transcriptional</desc><label>Søkbar tekst</label><code rend="rectangle" lang="text/css">color: #000000</code></rendition></tagsDecl><appInfo>
     <application ident="ImageMarkupTool01" version="1.8.1.3" notAfter="2009-04-03T14:14:08">
     <label>
     Image Markup Tool</label><desc>
     Tool for annotating images using TEI</desc><ref type="appURI" target="http://www.tapor.uvic.ca/~mholmes/image_markup/">
     </ref><ptr target="#imtAnnotatedImage"></ptr><ptr target="#imtImageAnnotations"></ptr><ptr target="#imtAnnotationCategories"></ptr></application>
     
     
     </appInfo></encodingDesc>
</teiHeader>
 <facsimile xml:id="imtAnnotatedImage"><surface><graphic url="No-MM_N0109-01.jpg" width="2704px" height="4064px"></graphic><zone xml:id="imtArea_0" rendition="transcription" ulx="131" uly="378" lrx="2461" lry="3885" rend="visible"></zone></surface></facsimile>
 <text>
  <body>
   <div xml:id="imtImageAnnotations"><div corresp="#imtArea_0" type="imtAnnotation"><head>&#x00A0;</head><div>
     <p><del rend="diagonalOverstrike">Hun var en Svane
    <lb/>Den gled med sin lange hvite
    <lb/><del rend="overstrike">fine</del> hals <del rend="overwritten"><gap/></del>henad vandet &#x2013; der
    <lb/>speilede dens fine linjer og
    <lb/>himmelens hvite skyer
    <lb/>&#x2013; Den <del rend="overwritten"><gap/></del>så sig om med milde øine &#x2013;</del></p>
    <p>&#x2013; Jeg rodet om dernede i dypet
    <lb/><del rend="overwritten"><gap/></del>blandt blåsvart kryp &#x2013; grønbrunt
    <lb/>slim og fæle dyr &#x2013;
    <lb/><del rend="overstrike">kavet om i</del> <del rend="overstrike">dyndet</del> og <del rend="overwritten">m</del>Mindedes
    <lb/>en tid da jeg ikke havde dynd
    <lb/>i bronchierne da jeg bodde deroppe i lyset</p>
    <p>&#x2013; Jeg skræmtes for min egen skygge
    <lb/><del rend="overwritten"><gap/></del>rædslen tvang mig op til de <del rend="overwritten"><gap/></del>rene
    <lb/>farver &#x2013;</p>
    <p>Det blev så strålende blændende lyst</p>
    <p>Der var svanen &#x2013;
    <lb/>Den gled med sin lange hvite hals
    <lb/>henad vandet, der speilede</p>
    </div></div></div>
  </body>
 </text>
</TEI>
