<?xml version="1.0" encoding="UTF-8"?>
<!DOCTYPE TEI PUBLIC "-//TEI P5 MunchTEI//DTD TEI P5 Unified for Edvard Munch's Texts//EN" "file:/O:/Munchs tekster/Transkripsjoner/MunchTEI.dtd" >
<TEI xmlns="http://www.tei-c.org/ns/1.0" version="5.0" xml:id="No-MM_N0093-00-01r">
<teiHeader>
 <fileDesc>
<titleStmt>
<title>No-MM_N0093-00-01r.jpg</title>
</titleStmt>

<publicationStmt>
<p></p>
</publicationStmt>
<sourceDesc>
<p>2704 x 4064</p>
</sourceDesc>
 </fileDesc>
 <encodingDesc>


 
  <tagsDecl xml:id="imtAnnotationCategories"><rendition xml:id="transcription"><label>Contains the transcribed and TEI P5 encoded text of the objects</label><code rend="rectangle" lang="text/css">color: #ff0000</code></rendition><rendition xml:id="commentary"><label>Kommentarer</label><code rend="rectangle" lang="text/css">color: #00ff00</code></rendition><rendition xml:id="philologicalNotes"><label>Edisjonsfilologiske noter</label><code rend="rectangle" lang="text/css">color: #0000ff</code></rendition><rendition xml:id="textForSearch"><desc>transcriptional</desc><label>Søkbar tekst</label><code rend="rectangle" lang="text/css">color: #000000</code></rendition></tagsDecl><appInfo>
     <application ident="ImageMarkupTool01" version="1.8.1.3" notAfter="2009-03-27T14:39:22">
     <label>
     Image Markup Tool</label><desc>
     Tool for annotating images using TEI</desc><ref type="appURI" target="http://www.tapor.uvic.ca/~mholmes/image_markup/">
     </ref><ptr target="#imtAnnotatedImage"></ptr><ptr target="#imtImageAnnotations"></ptr><ptr target="#imtAnnotationCategories"></ptr></application>
     
     
     </appInfo></encodingDesc>
</teiHeader>
 <facsimile xml:id="imtAnnotatedImage"><surface><graphic url="No-MM_N0093-00-01r.jpg" width="2704px" height="4064px"></graphic><zone xml:id="imtArea_0" rendition="transcription" ulx="254" uly="1241" lrx="2429" lry="2696" rend="visible"></zone></surface></facsimile>
 <text>
  <body>
   <div xml:id="imtImageAnnotations"><div corresp="#imtArea_0" type="imtAnnotation"><head>&#x00A0;</head><div>
    <p rend="noIndent">Hav og Bølger der bryder mod en rødlig brun 
    <lb/>klippestrand
    <lb/>Et mindre <del rend="overwritten"><gap/></del>Havnestykke fra <placeName key="pl50">Bergen</placeName>
    <lb/>Et omtrent af samme <del rend="overwritten">s</del>Størrelse &#x2013; Fjord <unclear reason="blurredInk">grønd</unclear> blå 
    <lb/>Fjelde og sprættende <del rend="overwritten"><gap/></del>Trær foran kaldes Vaar &#x2013;
    <lb/>Et noget større Billede fra <placeName key="pl50">Bergens</placeName> Havn
    <lb/>En hvidklædt ung Pike ved en Strand
    <lb/>En <del rend="overstrike">Grans</del> Furuskov med Sne. (Ikke den 
    <lb/>afhuggede Stamme)</p>
    </div></div></div>
  </body>
 </text>
</TEI>
