<?xml version="1.0" encoding="UTF-8"?>
<!DOCTYPE TEI PUBLIC "-//TEI P5 MunchTEI//DTD TEI P5 Unified for Edvard Munch's Texts//EN" "file:/O:/Munchs tekster/Transkripsjoner/MunchTEI.dtd" >
<TEI xmlns="http://www.tei-c.org/ns/1.0" version="5.0" xml:id="No-MM_N0020-04">
<teiHeader>
 <fileDesc>
<titleStmt>
<title>No-MM_N0020-04.jpg</title>
</titleStmt>

<publicationStmt>
<p></p>
</publicationStmt>
<sourceDesc>
<p>2704 x 4064</p>
</sourceDesc>
 </fileDesc>
 <encodingDesc>


 
  <tagsDecl xml:id="imtAnnotationCategories"><rendition xml:id="transcription"><label>Contains the transcribed and TEI P5 encoded text of the objects</label><code rend="rectangle" lang="text/css">color: #ff0000</code></rendition><rendition xml:id="commentary"><label>Kommentarer</label><code rend="rectangle" lang="text/css">color: #00ff00</code></rendition><rendition xml:id="philologicalNotes"><label>Edisjonsfilologiske noter</label><code rend="rectangle" lang="text/css">color: #0000ff</code></rendition><rendition xml:id="textForSearch"><desc>transcriptional</desc><label>Søkbar tekst</label><code rend="rectangle" lang="text/css">color: #000000</code></rendition></tagsDecl><appInfo>
     <application ident="ImageMarkupTool01" version="1.8.1.2" notAfter="2009-03-17T14:14:53">
     <label>
     Image Markup Tool</label><desc>
     Tool for annotating images using TEI</desc><ref type="appURI" target="http://www.tapor.uvic.ca/~mholmes/image_markup/">
     </ref><ptr target="#imtAnnotatedImage"></ptr><ptr target="#imtImageAnnotations"></ptr><ptr target="#imtAnnotationCategories"></ptr></application>
     
     
     </appInfo></encodingDesc>
</teiHeader>
 <facsimile xml:id="imtAnnotatedImage"><surface><graphic url="No-MM_N0020-04.jpg" width="2704px" height="4064px"></graphic><zone xml:id="imtArea_0" rendition="transcription" ulx="168" uly="308" lrx="2620" lry="3904" rend="visible"></zone></surface></facsimile>
 <text>
  <body>
   <div xml:id="imtImageAnnotations"><div corresp="#imtArea_0" type="imtAnnotation"><head>&#x00A0;</head><div>
    <p rend="noIndent-extraAir">se man spiller lidt &#x2013; og <gap reason="writing"/>
     <lb/><del rend="overstrike">man vinder &#x2013; og man kommer
     <lb/><gap/> <gap/> af sit held &#x2013; eller man
    <lb/>taber og man ko</del>
     <lb/>og man er fortabt &#x2013; thi man 
    <lb/>vil ha igjen den forunderlig
     <lb/>berusende <add place="supralinear">følelse</add> &#x2013; når man vinder 
     <lb/>denne <del rend="overstrike"><gap/></del> spænding &#x2013; denne forunderlige
     <lb/>følelse af skjæbnen &#x2013; Man 
    <lb/>vil atter være <del rend="overstrike">sammen med</del> ibland 
    <lb/>de<del rend="overwritten">nn</del>tte disse strålende parfumefyldte 
    <lb/>sale <del rend="overstrike"><gap/></del> &#x2013; hvor <del rend="overstrike">for</del> penger 
     <lb/>ingen værd har &#x2013; hvor formuer 
    <lb/>tabes og vindes</p>
    <p>Inni de svære sale er det 
     <lb/>forunderli tyst &#x2013; rundt 
    <lb/>om <add place="supralinear"><gap reason="writing"/></add> boret <del rend="overstrike">er</del> står folk tæt 
     <lb/>sammen &#x2013; <del rend="overstrike">Man</del> Jeg hører 
    <lb/>blot roulettens knerten og 
    <lb/>croupierens Faites le <del rend="overwritten">le</del>messieurs<add place="inline" hand="EM2"><gap reason="scribble"></gap></add> 
     <lb/>&#x2013; her er stilt &#x2013; men <del rend="overwritten"><gap/></del>disse <del rend="overstrike">herrer</del> 
    <lb/><add place="inBetweenLines">Mænd og kvinders</add> 
     <lb/>kinder <del rend="overstrike">h</del> er feberrøde &#x2013; øinene 
     <lb/>stikkende &#x2013; der er hænder 
    <lb/>som skælver og krampagti holder om 
    <lb/>tegnebog</p>
    </div></div></div>
  </body>
 </text>
</TEI>
