<?xml version="1.0" encoding="UTF-8"?>
<!DOCTYPE TEI PUBLIC "-//TEI P5 MunchTEI//DTD TEI P5 Unified for Edvard Munch's Texts//EN" "file:/O:/Munchs tekster/Transkripsjoner/MunchTEI.dtd" >
<TEI xmlns="http://www.tei-c.org/ns/1.0" version="5.0" xml:id="No-MM_N0019-01">
<teiHeader>
 <fileDesc>
<titleStmt>
<title>No-MM_N0019-01.jpg</title>
</titleStmt>

<publicationStmt>
<p></p>
</publicationStmt>
<sourceDesc>
<p>2704 x 4064</p>
</sourceDesc>
 </fileDesc>
 <encodingDesc>


 
  <tagsDecl xml:id="imtAnnotationCategories"><rendition xml:id="transcription"><label>Contains the transcribed and TEI P5 encoded text of the objects</label><code rend="rectangle" lang="text/css">color: #ff0000</code></rendition><rendition xml:id="commentary"><label>Kommentarer</label><code rend="rectangle" lang="text/css">color: #00ff00</code></rendition><rendition xml:id="philologicalNotes"><label>Edisjonsfilologiske noter</label><code rend="rectangle" lang="text/css">color: #0000ff</code></rendition><rendition xml:id="textForSearch"><desc>transcriptional</desc><label>Søkbar tekst</label><code rend="rectangle" lang="text/css">color: #000000</code></rendition></tagsDecl><appInfo>
     <application ident="ImageMarkupTool01" version="1.8.1.2" notAfter="2009-03-17T12:56:24">
     <label>
     Image Markup Tool</label><desc>
     Tool for annotating images using TEI</desc><ref type="appURI" target="http://www.tapor.uvic.ca/~mholmes/image_markup/">
     </ref><ptr target="#imtAnnotatedImage"></ptr><ptr target="#imtImageAnnotations"></ptr><ptr target="#imtAnnotationCategories"></ptr></application>
     
     
     </appInfo></encodingDesc>
</teiHeader>
 <facsimile xml:id="imtAnnotatedImage"><surface><graphic url="No-MM_N0019-01.jpg" width="2704px" height="4064px"></graphic><zone xml:id="imtArea_0" rendition="transcription" ulx="168" uly="352" lrx="2500" lry="3804" rend="visible"></zone></surface></facsimile>
 <text>
  <body>
   <div xml:id="imtImageAnnotations"><div corresp="#imtArea_0" type="imtAnnotation"><head>&#x00A0;</head><div>
    <p><del rend="overstrike">Re</del></p>
    <p><del rend="overstrike">Re</del></p>
    <p>Ret over for mig sidder et ægtepar 
     <lb/>&#x2013; <del rend="overstrike">De se</del> <del rend="overstrike">Ha</del> Han ser mørt 
     <lb/>fremfor sig &#x2013; <del rend="overwritten"><gap/></del>hans næsebor <del rend="overstrike">dr</del> 
     <lb/>dirrer &#x2013; og hænderne skjælver 
    <lb/>hun <del rend="overstrike">føller</del> sidder med brændene 
    <lb/>kinder og føller rouletten med 
     <lb/>stikkende øine &#x2013; De taber &#x2013;.</p> 
    <p>Spillet som lang stun <del rend="overstrike">har</del> 
     <lb/>jævn har gået &#x2013; afvexlende rødt 
     <lb/>og sort &#x2013; <del rend="overstrike">er nu <gap/> <gap/> rødt</del>
     <lb/>har pludseli forandret art
     <lb/>&#x2013; <del rend="overstrike">det</del> rødt er kommet ut <unclear reason="writing">57</unclear> gange 
     <lb/>&#x2013; de to ægtefolk har <del rend="overstrike">sat</del> 
    <lb/>hvergang sat på sort og tabt 
     <lb/>&#x2013; <del rend="overstrike"><gap/></del> for de fordobler &#x2013; <del rend="overstrike">rødt</del> 
    <lb/>rødt kommer ud endnu 5 gange 
     <lb/>&#x2013; <del rend="overstrike">Deres</del> <del rend="overstrike">Der ko</del> De fordobler 
     <lb/>stadi for at vinde igjen &#x2013; deres 
     <lb/>er <gap reason="writing"/> <del rend="overstrike"><gap/></del> <gap reason="writing"/> <del rend="overstrike">han <gap/></del> sat &#x2013; sætter
     <lb/>nu på <del rend="overwritten">r</del>sort &#x2013; det må da <del rend="overstrike">g</del> <gap reason="writing"/>  
     <lb/>komme &#x2013; <add place="inBetweenLines">Store gulddynger ligger og glindser
    <lb/>på sort rubrikk</add></p> 
    <p><del rend="overstrike">Man stræ</del></p>
    <p><unclear reason="writing">Man</unclear></p>
    <p>Man strækker hals &#x2013; forat se hvor 
     <lb/>kuglen falder &#x2013;</p>
    <p><del rend="overstrike"><gap/></del> Noir <del rend="overstrike">det</del> <unclear reason="writing">man</unclear> croupierens 
     <lb/><del rend="overwritten"><gap/></del>dæmpede <unclear reason="writing">stemme</unclear> &#x2013; men det er så tydeli</p> 
    </div></div></div>
  </body>
 </text>
</TEI>
