<?xml version="1.0" encoding="UTF-8"?>
<!DOCTYPE TEI PUBLIC "-//TEI P5 MunchTEI//DTD TEI P5 Unified for Edvard Munch's Texts//EN" "file:/O:/Munchs tekster/Transkripsjoner/MunchTEI.dtd" >
<TEI xmlns="http://www.tei-c.org/ns/1.0" version="5.0" xml:id="No-MM_N0114-00-01r">
<teiHeader>
 <fileDesc>
<titleStmt>
<title>No-MM_N0114-00-01r.jpg</title>
</titleStmt>

<publicationStmt>
<p></p>
</publicationStmt>
<sourceDesc>
<p>2704 x 4064</p>
</sourceDesc>
 </fileDesc>
 <encodingDesc>


 
  <tagsDecl xml:id="imtAnnotationCategories"><rendition xml:id="transcription"><label>Contains the transcribed and TEI P5 encoded text of the objects</label><code rend="rectangle" lang="text/css">color: #ff0000</code></rendition><rendition xml:id="commentary"><label>Kommentarer</label><code rend="rectangle" lang="text/css">color: #00ff00</code></rendition><rendition xml:id="philologicalNotes"><label>Edisjonsfilologiske noter</label><code rend="rectangle" lang="text/css">color: #0000ff</code></rendition><rendition xml:id="textForSearch"><desc>transcriptional</desc><label>Søkbar tekst</label><code rend="rectangle" lang="text/css">color: #000000</code></rendition></tagsDecl><appInfo>
     <application ident="ImageMarkupTool01" version="1.8.1.3" notAfter="2009-04-14T11:50:31">
     <label>
     Image Markup Tool</label><desc>
     Tool for annotating images using TEI</desc><ref type="appURI" target="http://www.tapor.uvic.ca/~mholmes/image_markup/">
     </ref><ptr target="#imtAnnotatedImage"></ptr><ptr target="#imtImageAnnotations"></ptr><ptr target="#imtAnnotationCategories"></ptr></application>
     
     
     </appInfo></encodingDesc>
</teiHeader>
 <facsimile xml:id="imtAnnotatedImage"><surface><graphic url="No-MM_N0114-00-01r.jpg" width="2704px" height="4064px"></graphic><zone xml:id="imtArea_0" rendition="transcription" ulx="251" uly="362" lrx="2673" lry="3527" rend="visible"></zone></surface></facsimile>
 <text>
  <body>
   <div xml:id="imtImageAnnotations"><div corresp="#imtArea_0" type="imtAnnotation"><head>&#x00A0;</head><div>
    <p rend="extraAir"><gap reason="damage"/> for <unclear>munden</unclear> og lovet mig <gap reason="damage"/></p>
    <p><del rend="overwritten"><gap/></del>Nei, dævelen ta mig om jeg vil bli her
     <lb/>Jeg går på skuta &#x2013; ikke <unclear reason="writing">stil</unclear> her &#x2013;
     <lb/>Skidden &#x2013; lurvet hår &#x2013; små mysende øine
    <lb/><del rend="overwritten">h</del>Goddag
     <lb/>Godda
    <lb/>Er de her da
    <lb/>Ja
    <lb/>Hva gjør i her da
     <lb/>Syg &#x2013;
     <lb/>er&#x2019;e Hospital her da
    <lb/>Ja
    <lb/>Hva betaler i her da
     <lb/>mye&#x2019;
    <lb/>Hvordan står e til
     <lb/>Å det er febern &#x2013; som det er <unclear reason="writing">gået hosten</unclear>
     <lb/>kom fra varmen dernede &#x2013; og så op i
    <lb/>dette <del rend="overstrike">svineh</del> svinehull kanalen råtåket
    <lb/>og kulden osså våt hele dagen
     <lb/>Hvor kommer de fra sier de &#x2013;
     <lb/>Ja hva heter&#x2019;e
    <lb/>Å det er <placeName key="pl629">Caledonien</placeName>
     <lb/>V<gap reason="writing"/> &#x2013; midtimellem golfen
    <lb/>skidden vand <gap reason="writing"/> og lort og
    <lb/><del rend="overwritten">k</del>gamper og b<gap reason="writing"/> og det måtte vi drikke</p>
    </div></div></div>
  </body>
 </text>
</TEI>