<?xml version="1.0" encoding="UTF-8"?>
<!DOCTYPE TEI PUBLIC "-//TEI P5 MunchTEI//DTD TEI P5 Unified for Edvard Munch's Texts//EN" "file:/O:/Munchs tekster/Transkripsjoner/MunchTEI.dtd" >
<TEI xmlns="http://www.tei-c.org/ns/1.0" version="5.0" xml:id="No-MM_N0103-01">
<teiHeader>
 <fileDesc>
<titleStmt>
<title>No-MM_N0103-01.jpg</title>
</titleStmt>

<publicationStmt>
<p></p>
</publicationStmt>
<sourceDesc>
<p>2704 x 4064</p>
</sourceDesc>
 </fileDesc>
 <encodingDesc>


 
  <tagsDecl xml:id="imtAnnotationCategories"><rendition xml:id="transcription"><label>Contains the transcribed and TEI P5 encoded text of the objects</label><code rend="rectangle" lang="text/css">color: #ff0000</code></rendition><rendition xml:id="commentary"><label>Kommentarer</label><code rend="rectangle" lang="text/css">color: #00ff00</code></rendition><rendition xml:id="philologicalNotes"><label>Edisjonsfilologiske noter</label><code rend="rectangle" lang="text/css">color: #0000ff</code></rendition><rendition xml:id="textForSearch"><desc>transcriptional</desc><label>Søkbar tekst</label><code rend="rectangle" lang="text/css">color: #000000</code></rendition></tagsDecl><appInfo>
     <application ident="ImageMarkupTool01" version="1.8.1.3" notAfter="2009-04-03T11:03:23">
     <label>
     Image Markup Tool</label><desc>
     Tool for annotating images using TEI</desc><ref type="appURI" target="http://www.tapor.uvic.ca/~mholmes/image_markup/">
     </ref><ptr target="#imtAnnotatedImage"></ptr><ptr target="#imtImageAnnotations"></ptr><ptr target="#imtAnnotationCategories"></ptr></application>
     
     
     </appInfo></encodingDesc>
</teiHeader>
 <facsimile xml:id="imtAnnotatedImage"><surface><graphic url="No-MM_N0103-01.jpg" width="2704px" height="4064px"></graphic><zone xml:id="imtArea_0" rendition="transcription" ulx="107" uly="402" lrx="2310" lry="3500" rend="visible"></zone></surface></facsimile>
 <text>
  <body>
   <div xml:id="imtImageAnnotations"><div corresp="#imtArea_0" type="imtAnnotation"><head>&#x00A0;</head><div>
    <p>De sad rundt kaminen &#x2013;</p>
   <p><persName key="pe188">Hertz<del rend="overwritten"><gap/></del>berg</persName> fortalte en historie
    <lb/>fra <placeName key="pl134">Nea<del rend="overwritten"><gap/></del>pel</placeName>. &#x2013; Sønnen af
    <lb/>en af hans venner dernede
    <lb/>havde bortført en frue <del rend="overstrike">dernede</del>.
    <lb/>&#x2013; Han var bare atten år &#x2013; hun
    <lb/>30 &#x2013; men en blændende skjønhed &#x2013;
    <lb/>Om natten havde de flygtet
    <lb/>i en vogn ud af byen &#x2013; og ingen
    <lb/>vidste hvor de var &#x2013;</p>
    <p><del rend="overstrike">Det</del> <del rend="overstrike">slukkede</del> Ilden begyndte at
    <lb/>slukke &#x2013; Fru <del rend="overwritten">h</del><ref type="lemma" target="co5">Heiberg</ref> la
    <lb/>sig på knæ &#x2013; og pustet til
    <lb/>ilden &#x2013; <del rend="overstrike">Han kjendte</del> <del rend="overstrike"><del rend="overwritten">h</del>Hendes arme</del> Hun
    <lb/>lænet sig mod ham &#x2013; <del rend="overstrike">og</del> hendes
    <lb/>varme kind berørte let hans hånd &#x2013;
    <lb/>da hun reiste sig op &#x2013;</p>
    <p><del rend="overwritten"><gap/></del><persName key="pe872">Fru Hertzberg</persName> sang en romance
    <lb/>&#x2013; så <del rend="overstrike">spilte</del> sat <ref type="lemma" target="co5">fru Heiberg</ref>
    <lb/>sig til pianoet.</p>
    </div></div></div>
  </body>
 </text>
</TEI>