<?xml version="1.0" encoding="UTF-8"?>
<!DOCTYPE TEI PUBLIC "-//TEI P5 MunchTEI//DTD TEI P5 Unified for Edvard Munch's Texts//EN" "file:/O:/Munchs tekster/Transkripsjoner/MunchTEI.dtd" >
<TEI xmlns="http://www.tei-c.org/ns/1.0" version="5.0" xml:id="No-MM_N0126-02">
<teiHeader>
 <fileDesc>
<titleStmt>
<title>No-MM_N0126-02.jpg</title>
</titleStmt>

<publicationStmt>
<p></p>
</publicationStmt>
<sourceDesc>
<p>2704 x 4064</p>
</sourceDesc>
 </fileDesc>
 <encodingDesc>


 
  <tagsDecl xml:id="imtAnnotationCategories"><rendition xml:id="transcription"><label>Contains the transcribed and TEI P5 encoded text of the objects</label><code rend="rectangle" lang="text/css">color: #ff0000</code></rendition><rendition xml:id="commentary"><label>Kommentarer</label><code rend="rectangle" lang="text/css">color: #00ff00</code></rendition><rendition xml:id="philologicalNotes"><label>Edisjonsfilologiske noter</label><code rend="rectangle" lang="text/css">color: #0000ff</code></rendition><rendition xml:id="textForSearch"><desc>transcriptional</desc><label>Søkbar tekst</label><code rend="rectangle" lang="text/css">color: #000000</code></rendition></tagsDecl><appInfo>
     <application ident="ImageMarkupTool01" version="1.8.1.3" notAfter="2009-04-16T14:54:35">
     <label>
     Image Markup Tool</label><desc>
     Tool for annotating images using TEI</desc><ref type="appURI" target="http://www.tapor.uvic.ca/~mholmes/image_markup/">
     </ref><ptr target="#imtAnnotatedImage"></ptr><ptr target="#imtImageAnnotations"></ptr><ptr target="#imtAnnotationCategories"></ptr></application>
     
     
     </appInfo></encodingDesc>
</teiHeader>
 <facsimile xml:id="imtAnnotatedImage"><surface><graphic url="No-MM_N0126-02.jpg" width="2704px" height="4064px"></graphic><zone xml:id="imtArea_0" rendition="transcription" ulx="183" uly="513" lrx="2581" lry="3185" rend="visible"></zone></surface></facsimile>
 <text>
  <body>
   <div xml:id="imtImageAnnotations"><div corresp="#imtArea_0" type="imtAnnotation"><head>&#x00A0;</head><div>
    <lg>
     <l>hvor kanarifuglen slumrer</l>
    <l><seg type="accidentalSpace"/>i sit tæppedækte bur</l>
    <l>og tiden langsomt tælles</l>
    <l><seg type="accidentalSpace"/>af et gammelt stueur</l>
    <l>Nei gnisten har dog evnen</l>
    <l><seg type="accidentalSpace"/><del rend="overwritten"><gap/></del>at tænde baalet an</l>
    <l>og <del rend="overstrike">fik</del> vide det var den</l>
    <l><seg type="accidentalSpace"/>der lod brandtrommen gaa</l>
    <l>vide det var den fra hvem</l>
    <l><seg type="accidentalSpace"/>Flammehavet kom</l>
    <l>og brød med traditionerne</l>
    <l><seg type="accidentalSpace"/>og vendte time glasset om</l>
    </lg>
    </div></div></div>
  </body>
 </text>
</TEI>
