<?xml version="1.0" encoding="UTF-8"?>
<!DOCTYPE TEI PUBLIC "-//TEI P5 MunchTEI//DTD TEI P5 Unified for Edvard Munch's Texts//EN" "file:/O:/Munchs tekster/Transkripsjoner/MunchTEI.dtd" >
<TEI xmlns="http://www.tei-c.org/ns/1.0" version="5.0" xml:id="No-MM_N0037-00-03r">
<teiHeader>
 <fileDesc>
<titleStmt>
<title>No-MM_N0037-00-03r.jpg</title>
</titleStmt>

<publicationStmt>
<p></p>
</publicationStmt>
<sourceDesc>
<p>4064 x 2704</p>
</sourceDesc>
 </fileDesc>
 <encodingDesc>


 
  <tagsDecl xml:id="imtAnnotationCategories"><rendition xml:id="transcription"><label>Contains the transcribed and TEI P5 encoded text of the objects</label><code rend="rectangle" lang="text/css">color: #ff0000</code></rendition><rendition xml:id="commentary"><label>Kommentarer</label><code rend="rectangle" lang="text/css">color: #00ff00</code></rendition><rendition xml:id="philologicalNotes"><label>Edisjonsfilologiske noter</label><code rend="rectangle" lang="text/css">color: #0000ff</code></rendition><rendition xml:id="textForSearch"><desc>transcriptional</desc><label>Søkbar tekst</label><code rend="rectangle" lang="text/css">color: #000000</code></rendition></tagsDecl><appInfo>
     <application ident="ImageMarkupTool01" version="1.8.1.2" notAfter="2009-03-20T14:54:25">
     <label>
     Image Markup Tool</label><desc>
     Tool for annotating images using TEI</desc><ref type="appURI" target="http://www.tapor.uvic.ca/~mholmes/image_markup/">
     </ref><ptr target="#imtAnnotatedImage"></ptr><ptr target="#imtImageAnnotations"></ptr><ptr target="#imtAnnotationCategories"></ptr></application>
     
     
     </appInfo></encodingDesc>
</teiHeader>
 <facsimile xml:id="imtAnnotatedImage"><surface><graphic url="No-MM_N0037-00-03r.jpg" width="4064px" height="2704px"></graphic><zone xml:id="imtArea_0" rendition="transcription" ulx="348" uly="472" lrx="3844" lry="2536" rend="visible"></zone></surface></facsimile>
 <text>
  <body>
   <div xml:id="imtImageAnnotations"><div corresp="#imtArea_0" type="imtAnnotation"><head>&#x00A0;</head><div>
    <p>Ære være være de elskelige to <del rend="overstrike">Dør</del> fru <persName key="pe1283">Dørnberger</persName>
     <lb/>og datter &#x2013; Men jeg kan ikke <del rend="overstrike">nægt</del> nægte at nævne
     <lb/>at min gode ven <persName key="pe103">Dørnberger</persName> <add place="supralinear">var skyld i sygdommen</add> En vinterdag vi gik <del rend="overwritten"><gap/></del>til
     <lb/><placeName key="pl102">Tønsberg</placeName> fra <placeName key="pl522">Slagen</placeName> efter en <del rend="overstrike">s</del> stormfuld nat hos <persName key="pe1049">Jørgensen</persName> der
     <lb/>af mig fik et <del rend="overstrike">s</del> blåt øie &#x2013; <add place="supralinear">puffet</add> <del rend="overstrike">af at</del> <persName key="pe103">Dørnberger</persName> af kaadhed
     <lb/>og venskab <del rend="overstrike">puffet</del> mig ut i en <del rend="overwritten">s</del>isdam så jeg <del rend="overwritten">k</del>gik
     <lb/>våt og iskald 2 timer &#x2013; Jeg dat da pludseli sammen
     <lb/>da jeg kom til <rs type="family" key="pe102"><rs type="family" key="pe103"><rs type="family" key="pe1283">Dørnbergers</rs></rs></rs> &#x2013; og blev liggende en måned</p>
    <p>At jeg af høflighed <add place="supralinear">mot værtsfolket</add> om natten (kanske osså i ørske) gik
     <lb/>over <del rend="overstrike">af</del> og sked på naboens hus. (<del rend="overstrike"><gap/></del> kjendt forkjølelsens liv)
     <lb/>kan man ikke bebreide mig især da jeg ikke kunde finde
     <lb/><del rend="overstrike">h</del> <rs type="family" key="pe102"><rs type="family" key="pe103"><rs type="family" key="pe1283">Dørnbergers</rs></rs></rs> do &#x2013; Jeg ser at min <unclear reason="writing">hjerte søster</unclear> med
     <lb/>den utrolige energi og eruptive kraft <gap reason="writing"/> k<gap reason="writing"/> har her
     <lb/>fåt mig til at arve <ref type="lemma" target="co180">Holmfamiliens</ref> <del rend="overstrike">bagenfor</del> kunstnerævne &#x2013; Disse var
     <lb/>vist begavede <del rend="overwritten">fo<gap/></del>folk og min tante <del rend="overstrike">ha</del> malte lidt <gap reason="writing"/> malerier og var
     <lb/>hånddygti &#x2013; <del rend="overstrike">Min</del> Min <gap reason="scribble"/> Munchfamliene var jo <gap reason="writing"/> digterens maler</p>
   </div></div></div>
  </body>
 </text>
</TEI>
