<?xml version="1.0" encoding="UTF-8"?>
<!DOCTYPE TEI PUBLIC "-//TEI P5 MunchTEI//DTD TEI P5 Unified for Edvard Munch's Texts//EN" "file:/O:/Munchs tekster/Transkripsjoner/MunchTEI.dtd" >
<TEI xmlns="http://www.tei-c.org/ns/1.0" version="5.0" xml:id="No-MM_N0060-03">
<teiHeader>
 <fileDesc>
<titleStmt>
<title>No-MM_N0060-03.jpg</title>
</titleStmt>

<publicationStmt>
<p></p>
</publicationStmt>
<sourceDesc>
<p>2704 x 4064</p>
</sourceDesc>
 </fileDesc>
 <encodingDesc>


 
  <tagsDecl xml:id="imtAnnotationCategories"><rendition xml:id="transcription"><label>Contains the transcribed and TEI P5 encoded text of the objects</label><code rend="rectangle" lang="text/css">color: #ff0000</code></rendition><rendition xml:id="commentary"><label>Kommentarer</label><code rend="rectangle" lang="text/css">color: #00ff00</code></rendition><rendition xml:id="philologicalNotes"><label>Edisjonsfilologiske noter</label><code rend="rectangle" lang="text/css">color: #0000ff</code></rendition><rendition xml:id="textForSearch"><desc>transcriptional</desc><label>Søkbar tekst</label><code rend="rectangle" lang="text/css">color: #000000</code></rendition></tagsDecl><appInfo>
     <application ident="ImageMarkupTool01" version="1.8.1.3" notAfter="2009-03-24T14:29:27">
     <label>
     Image Markup Tool</label><desc>
     Tool for annotating images using TEI</desc><ref type="appURI" target="http://www.tapor.uvic.ca/~mholmes/image_markup/">
     </ref><ptr target="#imtAnnotatedImage"></ptr><ptr target="#imtImageAnnotations"></ptr><ptr target="#imtAnnotationCategories"></ptr></application>
     
     
     </appInfo></encodingDesc>
</teiHeader>
 <facsimile xml:id="imtAnnotatedImage"><surface><graphic url="No-MM_N0060-03.jpg" width="2704px" height="4064px"></graphic><zone xml:id="imtArea_0" rendition="transcription" ulx="262" uly="163" lrx="2533" lry="3599" rend="visible"></zone></surface></facsimile>
 <text>
  <body>
   <div xml:id="imtImageAnnotations"><div corresp="#imtArea_0" type="imtAnnotation"><head>&#x00A0;</head><div>
    <p rend="noIndent-extraAir">udtryk &#x2013; dette passet 
    <lb/>nok bedre til hans opfatning 
    <lb/>af <placeName key="pl15"><del rend="overwritten">n</del>Norge</placeName></p>
    <p>Ja vi har da kunst &#x2013; <unclear reason="writing">senere</unclear> måtte
    <lb/>jeg tilføie for ikke at <unclear><del rend="overstrike">vække altfor ste</del></unclear> ikke 
    <lb/>han skulde tro jeg skrønte &#x2013; <del rend="overwritten">c</del>til rigmænd 
    <lb/>er sivili<del rend="overwritten">t</del>sationen ikke nået &#x2013; de synes 
    <lb/>det ikke er fint at <del rend="overstrike">hjælpe</del> <del rend="overwritten"><gap/></del>ha bilder eller 
    <lb/>at hjælpe kunsten og lar malerne krepere 
    <lb/>a sult &#x2013;</p>
    <p>Han fik strax et mere forstå<del rend="overwritten">l</del>elsesfuldt 
    <lb/>udtryk</p> 
    <p>Ja men det er det <gap reason="scribble"/> uheld at 
    <lb/>det er bare fattigfolk som har noe 
    <lb/>med kunst og <del rend="overstrike">civilisation</del> <add place="supralinear">smag</add> at gjøre</p>
    <p rend="extraAir"><del rend="overstrike">Den</del> <del rend="overstrike">Sivili</del> Civilisationen er ikke 
    <lb/>nåd <unclear reason="writing">om</unclear> til rigmændene &#x2013; De synes 
    <lb/>ikke <gap reason="blurredInk"/> det er fint at 
    <lb/>ha bilder på væggen &#x2013; eller at 
    <lb/>hjælpe litt på kunsten &#x2013; malerne lar 
    <lb/>de krepere a sult</p>
    <p>Men hos os <del rend="overwritten">er</del>står smagen og kunst<gap reason="writing"></gap>  
    <lb/>i omvendt forhold til pengene &#x2013; <del rend="overstrike">og</del>
    <lb/>til rigmænderne er ikke sivilitationen 
    <lb/>nået</p>
    </div></div></div>
  </body>
 </text>
</TEI>
