<?xml version="1.0" encoding="UTF-8"?>
<!DOCTYPE TEI PUBLIC "-//TEI P5 MunchTEI//DTD TEI P5 Unified for Edvard Munch's Texts//EN" "file:/O:/Munchs tekster/Transkripsjoner/MunchTEI.dtd" >
<TEI xmlns="http://www.tei-c.org/ns/1.0" version="5.0" xml:id="No-MM_N0058-00-01r">
<teiHeader>
 <fileDesc>
<titleStmt>
<title>No-MM_N0058-00-01r.jpg</title>
</titleStmt>

<publicationStmt>
<p></p>
</publicationStmt>
<sourceDesc>
<p>2704 x 4064</p>
</sourceDesc>
 </fileDesc>
 <encodingDesc>


 
  <tagsDecl xml:id="imtAnnotationCategories"><rendition xml:id="transcription"><label>Contains the transcribed and TEI P5 encoded text of the objects</label><code rend="rectangle" lang="text/css">color: #ff0000</code></rendition><rendition xml:id="commentary"><label>Kommentarer</label><code rend="rectangle" lang="text/css">color: #00ff00</code></rendition><rendition xml:id="philologicalNotes"><label>Edisjonsfilologiske noter</label><code rend="rectangle" lang="text/css">color: #0000ff</code></rendition><rendition xml:id="textForSearch"><desc>transcriptional</desc><label>Søkbar tekst</label><code rend="rectangle" lang="text/css">color: #000000</code></rendition></tagsDecl><appInfo>
     <application ident="ImageMarkupTool01" version="1.8.1.3" notAfter="2009-03-24T11:50:53">
     <label>
     Image Markup Tool</label><desc>
     Tool for annotating images using TEI</desc><ref type="appURI" target="http://www.tapor.uvic.ca/~mholmes/image_markup/">
     </ref><ptr target="#imtAnnotatedImage"></ptr><ptr target="#imtImageAnnotations"></ptr><ptr target="#imtAnnotationCategories"></ptr></application>
     
     
     </appInfo></encodingDesc>
</teiHeader>
 <facsimile xml:id="imtAnnotatedImage"><surface><graphic url="No-MM_N0058-00-01r.jpg" width="2704px" height="4064px"></graphic><zone xml:id="imtArea_0" rendition="transcription" ulx="115" uly="592" lrx="2513" lry="2767" rend="visible"></zone></surface></facsimile>
 <text>
  <body>
   <div xml:id="imtImageAnnotations"><div corresp="#imtArea_0" type="imtAnnotation"><head>&#x00A0;</head><div>
    <p>Den vår jeg solgte vår til <orgName key="i84">Galeriet</orgName> jeg tror 
    <lb/>det var <date when="1899">1899</date> reiste jeg til <placeName key="pl90">Italien</placeName> og senere 
    <lb/>tidligsommer over <placeName key="pl16">Paris</placeName> tilbake til <placeName key="pl42">Aasgaardstrand</placeName> 
    <lb/>Da malte jeg Livets dans &#x2013;</p>
    <p>Vinteren reiste jeg til <placeName key="pl81">Gausdal</placeName> forat bli kvit 
    <lb/>en Bronchit jeg havde fåt sidste vår &#x2013;</p>
    <p>Våren <del rend="overstrike">efter</del> derpå (<date when="1900">1900</date>?) reiste jeg på en 
    <lb/>meget mislykket tur <del rend="overstrike">til</del> over <placeName key="pl51">Tyskland</placeName> 
    <lb/>til <placeName key="pl70">Nizza</placeName> og så over <placeName key="pl86">Schweiz</placeName> tilbage til 
    <lb/><placeName key="pl42">Aasgaardstrand</placeName> &#x2013; Det var da jeg blev puttet 
    <lb/>i fængsel i <placeName key="pl88">Mendrezio</placeName> ved den italienske Grændse &#x2013;
    <lb/>Salig ihukommelse de skjønne dage!</p>
    <p>Jeg tror dengang var <persName key="pe239">Karsten</persName> førstegang i 
    <lb/><placeName key="pl42">Aasgaardstrand</placeName> og det er muligt da jeg malte</p>
    </div></div></div>
  </body>
 </text>
</TEI>
