<?xml version="1.0" encoding="UTF-8"?>
<!DOCTYPE TEI PUBLIC "-//TEI P5 MunchTEI//DTD TEI P5 Unified for Edvard Munch's Texts//EN" "file:/O:/Munchs tekster/Transkripsjoner/MunchTEI.dtd" >
<TEI xmlns="http://www.tei-c.org/ns/1.0" version="5.0" xml:id="No-MM_N0052-00-01v">
<teiHeader>
 <fileDesc>
<titleStmt>
<title>No-MM_N0052-00-01v.jpg</title>
</titleStmt>

<publicationStmt>
<p></p>
</publicationStmt>
<sourceDesc>
<p>2704 x 4064</p>
</sourceDesc>
 </fileDesc>
 <encodingDesc>


 
  <tagsDecl xml:id="imtAnnotationCategories"><rendition xml:id="transcription"><label>Contains the transcribed and TEI P5 encoded text of the objects</label><code rend="rectangle" lang="text/css">color: #ff0000</code></rendition><rendition xml:id="commentary"><label>Kommentarer</label><code rend="rectangle" lang="text/css">color: #00ff00</code></rendition><rendition xml:id="philologicalNotes"><label>Edisjonsfilologiske noter</label><code rend="rectangle" lang="text/css">color: #0000ff</code></rendition><rendition xml:id="textForSearch"><desc>transcriptional</desc><label>Søkbar tekst</label><code rend="rectangle" lang="text/css">color: #000000</code></rendition></tagsDecl><appInfo>
     <application ident="ImageMarkupTool01" version="1.8.1.3" notAfter="2009-03-23T17:09:02">
     <label>
     Image Markup Tool</label><desc>
     Tool for annotating images using TEI</desc><ref type="appURI" target="http://www.tapor.uvic.ca/~mholmes/image_markup/">
     </ref><ptr target="#imtAnnotatedImage"></ptr><ptr target="#imtImageAnnotations"></ptr><ptr target="#imtAnnotationCategories"></ptr></application>
     
     
     </appInfo></encodingDesc>
</teiHeader>
 <facsimile xml:id="imtAnnotatedImage"><surface><graphic url="No-MM_N0052-00-01v.jpg" width="2704px" height="4064px"></graphic><zone xml:id="imtArea_0" rendition="transcription" ulx="151" uly="493" lrx="2541" lry="2628" rend="visible"></zone></surface></facsimile>
 <text>
  <body>
   <div xml:id="imtImageAnnotations"><div corresp="#imtArea_0" type="imtAnnotation"><head>&#x00A0;</head><div>
    <p><add place="margin-top">Endvidere skrives i Artikkelen <del rend="overstrike">he</del> noe helt 
    <lb/>snurrigt og <del rend="overstrike">derfor tar jeg det med</del> og kan ikke <del rend="overstrike">nægte at</del> undlade
    <lb/><del rend="overstrike">at</del></add></p> 
    <p>&#x00AB;Die Fresco Spitzsen Reiteren heder <persName key="pe803">Sørensen</persName> &#x2013; 
     <lb/><persName key="pe491">Revold</persName> <persName key="pe755">Per Krohg</persName> og <persName key="pe852">Rolfsen</persName>&#x00BB; Derefter en længere  
    <lb/>omtale &#x2013;</p>
    <p>Endvidere  længer nede &#x2013;</p>
    <p rend="extraAir">&#x00AB;<persName key="pe803">Sørensen</persName> maler lidet Fresco&#x00BB; (Han har blot malt 
    <lb/>et litet fresco billede og liker det  ikke)
     <lb/>&#x00AB;men han overlader dette til de  tre andre &#x2013;&#x00BB;
    <lb/>Alligevel er han Fresco-Spitzen-Reiter &#x2013; 
    <lb/>Han må da blive Ober-Fresco-Spitzen Reiter
    <lb/><persName key="pe606">Werenskiold</persName> må vel da osså regnes som Frescomaler 
    <lb/>og han blir Ober-Ober Fresco-Spitzen Reiter</p>
       <p>Freia dekorationerne <del rend="overstrike"><gap/></del> er helt <gap reason="writing"/></p>
    </div></div></div>
  </body>
 </text>
</TEI>
