<?xml version="1.0" encoding="UTF-8"?>
<!DOCTYPE TEI PUBLIC "-//TEI P5 MunchTEI//DTD TEI P5 Unified for Edvard Munch's Texts//EN" "file:/O:/Munchs tekster/Transkripsjoner/MunchTEI.dtd" >
<TEI xmlns="http://www.tei-c.org/ns/1.0" version="5.0" xml:id="No-MM_N0077-00-01r">
<teiHeader>
 <fileDesc>
<titleStmt>
<title>No-MM_N0077-00-01r.jpg</title>
</titleStmt>

<publicationStmt>
<p></p>
</publicationStmt>
<sourceDesc>
<p>2704 x 4064</p>
</sourceDesc>
 </fileDesc>
 <encodingDesc>


 
  <tagsDecl xml:id="imtAnnotationCategories"><rendition xml:id="transcription"><label>Contains the transcribed and TEI P5 encoded text of the objects</label><code rend="rectangle" lang="text/css">color: #ff0000</code></rendition><rendition xml:id="commentary"><label>Kommentarer</label><code rend="rectangle" lang="text/css">color: #00ff00</code></rendition><rendition xml:id="philologicalNotes"><label>Edisjonsfilologiske noter</label><code rend="rectangle" lang="text/css">color: #0000ff</code></rendition><rendition xml:id="textForSearch"><desc>transcriptional</desc><label>Søkbar tekst</label><code rend="rectangle" lang="text/css">color: #000000</code></rendition></tagsDecl><appInfo>
     <application ident="ImageMarkupTool01" version="1.8.1.7" notAfter="2010-04-26T14:21:39">
     <label>
     Image Markup Tool</label><desc>
     Tool for annotating images using TEI</desc><ref type="appURI" target="http://www.tapor.uvic.ca/~mholmes/image_markup/">
     </ref><ptr target="#imtAnnotatedImage"></ptr><ptr target="#imtImageAnnotations"></ptr><ptr target="#imtAnnotationCategories"></ptr></application>
     
     
     </appInfo></encodingDesc>
</teiHeader>
 <facsimile xml:id="imtAnnotatedImage"><surface><graphic url="No-MM_N0077-00-01r.jpg" width="2704px" height="4064px"></graphic><zone xml:id="imtArea_0" rendition="transcription" ulx="641" uly="1325" lrx="2657" lry="2414" rend="visible"></zone></surface></facsimile>
 <text>
  <body>
   <div xml:id="imtImageAnnotations"><div corresp="#imtArea_0" type="imtAnnotation"><head>&#x00A0;</head>
    <div>
     <p>a <gap reason="writing" hand="EM!"/></p>
     <p>Den melankolske unge mand ved stranden &#x2013;
      <lb/>Madonna <del rend="overstrike" hand="EM2">&#x2013; skrikangst &#x2013; Jalons</del><add place="margin-right" hand="EM2">skrik &#x2013; angst &#x2013; jalusi</add> &#x2013; De tre kvin-
      <lb/>ner (eller kvinnen i tre stadier).</p>
     <p>Især interesserte han sig for &#x2013; kvinnen i tre
      <lb/>stadier. Jeg maatte forklare ham det.
     </p>
     <p>&#x2013; Det er den <del rend="overstrike" hand="EM2">idealistiske</del> <add place="margin-right" hand="EM2">drømmende?</add> kvinne &#x2013; den livs-
      <lb/>lystne kvinne &#x2013; og kvinnen som nonne &#x2013; hun
      <lb/>der staar blek bak trærne. &#x2013;</p>
     <p>&#x2013; Saa moret han sig over mine portrætter &#x2013;
      <lb/>hvor jeg hadde uthævet det karakteristiske &#x2013; saa
      <lb/>det streifet karikaturen. &#x2013;
     </p>
     <p>&#x2013; Noen aar efter skriver <persName key="pe218">Ibsen</persName> <add place="inline" hand="EM2">&#x00AB;</add>Naar den døde
      <lb/>vaagner. &#x2013;<add place="inline" hand="EM2">&#x00BB;</add></p>
     <p>&#x2013; Billedhuggerens værk der ikke blev utført
      <lb/>&#x2013; men forsvandt i utlandet. &#x2013; Jeg fandt igjen
      <lb/>flere motiver der lignet mine billeder i livsfrisen
      <lb/>&#x2013; manden der sitter bøiet mellem <add place="inline" hand="EM2">&#x2013; stenene <gap reason="writing"/> Melancholi</add>
     </p>
    </div></div></div>
  </body>
 </text>
</TEI>
