<?xml version="1.0" encoding="UTF-8"?>
<!DOCTYPE TEI PUBLIC "-//TEI P5 MunchTEI//DTD TEI P5 Unified for Edvard Munch's Texts//EN" "file:/O:/Munchs tekster/Transkripsjoner/MunchTEI.dtd" >
<TEI xmlns="http://www.tei-c.org/ns/1.0" version="5.0" xml:id="No-MM_N0056-00-01r">
<teiHeader>
 <fileDesc>
<titleStmt>
<title>No-MM_N0056-00-01r.jpg</title>
</titleStmt>

<publicationStmt>
<p></p>
</publicationStmt>
<sourceDesc>
<p>2704 x 4064</p>
</sourceDesc>
 </fileDesc>
 <encodingDesc>


 
  <tagsDecl xml:id="imtAnnotationCategories"><rendition xml:id="transcription"><label>Contains the transcribed and TEI P5 encoded text of the objects</label><code rend="rectangle" lang="text/css">color: #ff0000</code></rendition><rendition xml:id="commentary"><label>Kommentarer</label><code rend="rectangle" lang="text/css">color: #00ff00</code></rendition><rendition xml:id="philologicalNotes"><label>Edisjonsfilologiske noter</label><code rend="rectangle" lang="text/css">color: #0000ff</code></rendition><rendition xml:id="textForSearch"><desc>transcriptional</desc><label>Søkbar tekst</label><code rend="rectangle" lang="text/css">color: #000000</code></rendition></tagsDecl><appInfo>
     <application ident="ImageMarkupTool01" version="1.8.1.4" notAfter="2011-05-10T14:42:55">
     <label>
     Image Markup Tool</label><desc>
     Tool for annotating images using TEI</desc><ref type="appURI" target="http://www.tapor.uvic.ca/~mholmes/image_markup/">
     </ref><ptr target="#imtAnnotatedImage"></ptr><ptr target="#imtImageAnnotations"></ptr><ptr target="#imtAnnotationCategories"></ptr></application>
     
     
     </appInfo></encodingDesc>
</teiHeader>
 <facsimile xml:id="imtAnnotatedImage"><surface><graphic url="No-MM_N0056-00-01r.jpg" width="2704px" height="4064px"></graphic><zone xml:id="imtArea_0" rendition="transcription" ulx="219" uly="425" lrx="2625" lry="3610" rend="visible"></zone><zone xml:id="imtArea_1" rendition="transcription" ulx="2465" uly="2596" lrx="2679" lry="3706" rend="visible"></zone><zone xml:id="imtArea_2" rendition="transcription" ulx="2446" uly="450" lrx="2667" lry="2470" rend="visible"></zone></surface></facsimile>
 <text>
  <body>
   <div xml:id="imtImageAnnotations"><div corresp="#imtArea_0" type="imtAnnotation"><head>&#x00A0;</head><div><p><persName key="pe271">Krohg</persName> skrev mot <ref type="lemma" target="co2">Aulabillederne</ref> &#x2013; Historien 
    <lb></lb>kan ikke fortælles af en fisker sa han (Det er 
    <lb></lb>forresten en <del rend="overstrike">sømand</del> gammel sømand der sidder 
    <lb></lb>der og som har været ute i mangt et <del rend="overstrike">eventyr</del> 
    <lb></lb>slag på sjøen. Forresten: Blev ikke evangelierne 
    <lb></lb>fortalt af fiskere? &#x2013; <persName key="pe271">Krohg</persName> fandt at <unclear>fødderne</unclear> 
    <lb></lb>var for store &#x2013; Det er vel <del rend="overstrike">ik</del> næppe noen der 
    <lb></lb>sier det nu &#x2013; Forresten var det gjort med hensigt &#x2013;
    <lb></lb>og fortegningen som <persName key="pe271">Krohg</persName> <del rend="overstrike">sa</del> <del rend="overwritten"><gap/></del>snakket om var
    <lb></lb>gjort med hensigt &#x2013; På grund af det svære 
    <lb></lb>fødder og ben fik Manden sin vælde og høide &#x2013;</p>

    <p>Jeg tror det var <persName key="pe271">Krohg</persName> <del rend="overwritten"><gap/></del>der <del rend="overwritten">sa</del>osså sa at 
    <lb></lb>Alma Mater <del rend="overstrike">h var</del> ikke havde høihed 
    <lb></lb>nok &#x2013; Ligeledes var det underli at hun sad 
    <lb></lb>påklædt mens barna var nøkne &#x2013; Hun havde 
    <lb></lb>osså formange barn &#x2013; <persName key="pe271">Krohg</persName> vilde vist ha 
    <lb></lb>skjønne Helena med mange togaer &#x2013; Så vilde
    <lb></lb>han vist at Alma Mater skulde bade mens 
    <lb></lb>hun diet sit barn &#x2013; Med hensyn til antallet så 
    <lb></lb>var det jo ikke nødvendi at alle barna var hennes
    <lb></lb>Hun kunne ha tat noen til sig &#x2013; Hvis alt skulde være 
    <lb></lb>så græsk og togaerne skulde falde så gjævnt så måtte osså publi-
     <lb></lb>kum gå 
     <lb></lb>med togaer 
     <lb></lb>og ellers være 
     <lb></lb>nøkne</p>

    <p><unclear reason="blurredInk">De</unclear> der sidder nærmest solen og 
    <lb></lb>møter alle <del rend="overstrike">de</del> farverne der kastes 
    <lb></lb><del rend="overwritten"><gap/></del>rundt de omgivende sidefelter kan nok 
    <lb></lb>ofte få et chock &#x2013; Solen <del rend="overstrike">bl</del> stikker ofte &#x2013; 
    <lb></lb>Min gode venn <persName key="pe431">Sinding</persName> og frue sad 
    <lb></lb>der i <gap reason="scribble"></gap> ildlinien <del rend="overwritten"><gap/></del>ved den første koncert eler 
    <lb></lb>det var åbningen &#x2013; for op <del rend="overstrike">og</del> i forfærdelse jeg 
    <lb></lb>greier ikke alle disse farver sa han.
    <lb></lb><del rend="overwritten">S</del>Men <del rend="overstrike">va</del> <persName key="pe853">Wagners</persName> musik gjorde osså 
    <lb></lb>i begyndelsen veldi ondt i folks øren</p></div></div><div corresp="#imtArea_1" type="imtAnnotation"><head>&#x00A0;</head><div><p> 
    <lb></lb>et symbol &#x2013; De er i 
    <lb></lb>et høiere plateau  
    <lb></lb>Selve motiverne sees daglig om sommeren
     <lb/>nedover kysten
    </p></div></div><div corresp="#imtArea_2" type="imtAnnotation"><head>&#x00A0;</head><div>
     <p>Forresten <del rend="overstrike">var</del> <del rend="overstrike">sø</del> <del rend="overstrike">er han</del> sømanden i Historien
      <lb/>og konen i Alma Mater s<del rend="overwritten"><gap/></del>amt de badende rundt solen</p>
    </div></div></div>
  </body>
 </text>
</TEI>
