<?xml version="1.0" encoding="UTF-8"?>
<!DOCTYPE TEI PUBLIC "-//TEI P5 MunchTEI//DTD TEI P5 Unified for Edvard Munch's Texts//EN" "file:/O:/Munchs tekster/Transkripsjoner/MunchTEI.dtd" >
<TEI xmlns="http://www.tei-c.org/ns/1.0" version="5.0" xml:id="No-MM_N0102-04">
<teiHeader>
 <fileDesc>
<titleStmt>
<title>No-MM_N0102-04.jpg</title>
</titleStmt>

<publicationStmt>
<p></p>
</publicationStmt>
<sourceDesc>
<p>2704 x 4064</p>
</sourceDesc>
 </fileDesc>
 <encodingDesc>


 
  <tagsDecl xml:id="imtAnnotationCategories"><rendition xml:id="transcription"><label>Contains the transcribed and TEI P5 encoded text of the objects</label><code rend="rectangle" lang="text/css">color: #ff0000</code></rendition><rendition xml:id="commentary"><label>Kommentarer</label><code rend="rectangle" lang="text/css">color: #00ff00</code></rendition><rendition xml:id="philologicalNotes"><label>Edisjonsfilologiske noter</label><code rend="rectangle" lang="text/css">color: #0000ff</code></rendition><rendition xml:id="textForSearch"><desc>transcriptional</desc><label>Søkbar tekst</label><code rend="rectangle" lang="text/css">color: #000000</code></rendition></tagsDecl><appInfo>
     <application ident="ImageMarkupTool01" version="1.8.1.3" notAfter="2009-04-03T10:19:02">
     <label>
     Image Markup Tool</label><desc>
     Tool for annotating images using TEI</desc><ref type="appURI" target="http://www.tapor.uvic.ca/~mholmes/image_markup/">
     </ref><ptr target="#imtAnnotatedImage"></ptr><ptr target="#imtImageAnnotations"></ptr><ptr target="#imtAnnotationCategories"></ptr></application>
     
     
     </appInfo></encodingDesc>
</teiHeader>
 <facsimile xml:id="imtAnnotatedImage"><surface><graphic url="No-MM_N0102-04.jpg" width="2704px" height="4064px"></graphic><zone xml:id="imtArea_0" rendition="transcription" ulx="545" uly="354" lrx="2700" lry="3499" rend="visible"></zone></surface></facsimile>
 <text>
  <body>
   <div xml:id="imtImageAnnotations"><div corresp="#imtArea_0" type="imtAnnotation"><head>&#x00A0;</head><div>
    <p><del rend="overstrike">De satte sig til <del rend="overwritten"><gap/></del>bors</del> <del rend="overstrike">til bors</del>
    <lb/>sommerhat</p>
    <p>Nei! Hun var for <del rend="overwritten"><gap/></del>vakker
    <lb/>han kunde ikke være sint, når
    <lb/>hun så på ham sån</p>
    <p>Han var gla de var sammen igjen</p>
    <p>XI</p>
    <note resp="editor">Lett diagonal strek over deler av resten av teksten på siden er ikke tolket som overstrykning.</note>
    <p>De skulde spise. <del rend="overstrike">Lysene
    <lb/>var</del> tæn<seg type="interpunctionalSpace"/>Det store bor var
    <lb/>dækket &#x2013; <del rend="overstrike">Lysene</del> Der var sat
    <lb/>tændte lys på boret &#x2013; Gjennem
    <lb/>de åbne vinduer så man
    <lb/><del rend="overstrike">de høie</del> træerne som store masser
     <lb/>mod den blå luft &#x2013;</p>
    <p><del rend="overstrike">Hotel</del> Hotellets gæster satte
    <lb/>sig &#x2013; <del rend="overstrike"><persName key="pe188">Hertzberg</persName> og frue satte
    <lb/>sig</del><seg type="interpunctionalSpace"/> <del rend="overstrike"><ref type="lemma" target="co6">Brandt</ref></del> og <del rend="overwritten">f</del><ref type="lemma" target="co5">Fru Heiberg</ref>
    <lb/>sat sig ved siden af <ref type="lemma" target="co6">Brandt</ref>
    <lb/>ligeoverfor <persName key="pe188">Hertzberg</persName> og frue</p>
    </div></div></div>
  </body>
 </text>
</TEI>
