<?xml version="1.0" encoding="UTF-8"?>
<!DOCTYPE TEI PUBLIC "-//TEI P5 MunchTEI//DTD TEI P5 Unified for Edvard Munch's Texts//EN" "file:/O:/Munchs tekster/Transkripsjoner/MunchTEI.dtd" >
<TEI xmlns="http://www.tei-c.org/ns/1.0" version="5.0" xml:id="No-MM_N0136-00-01r">
<teiHeader>
 <fileDesc>
<titleStmt>
<title>No-MM_N0136-00-01r.jpg</title>
</titleStmt>

<publicationStmt>
<p></p>
</publicationStmt>
<sourceDesc>
<p>2704 x 4064</p>
</sourceDesc>
 </fileDesc>
 <encodingDesc>


 
  <tagsDecl xml:id="imtAnnotationCategories"><rendition xml:id="transcription"><label>Contains the transcribed and TEI P5 encoded text of the objects</label><code rend="rectangle" lang="text/css">color: #ff0000</code></rendition><rendition xml:id="commentary"><label>Kommentarer</label><code rend="rectangle" lang="text/css">color: #00ff00</code></rendition><rendition xml:id="philologicalNotes"><label>Edisjonsfilologiske noter</label><code rend="rectangle" lang="text/css">color: #0000ff</code></rendition><rendition xml:id="textForSearch"><desc>transcriptional</desc><label>Søkbar tekst</label><code rend="rectangle" lang="text/css">color: #000000</code></rendition></tagsDecl><appInfo>
     <application ident="ImageMarkupTool01" version="1.8.1.3" notAfter="2009-04-22T14:43:18">
     <label>
     Image Markup Tool</label><desc>
     Tool for annotating images using TEI</desc><ref type="appURI" target="http://www.tapor.uvic.ca/~mholmes/image_markup/">
     </ref><ptr target="#imtAnnotatedImage"></ptr><ptr target="#imtImageAnnotations"></ptr><ptr target="#imtAnnotationCategories"></ptr></application>
     
     
     </appInfo></encodingDesc>
</teiHeader>
 <facsimile xml:id="imtAnnotatedImage"><surface><graphic url="No-MM_N0136-00-01r.jpg" width="2704px" height="4064px"></graphic><zone xml:id="imtArea_0" rendition="transcription" ulx="342" uly="298" lrx="2501" lry="3706" rend="visible"></zone><zone xml:id="imtArea_1" rendition="transcription" ulx="2311" uly="410" lrx="2665" lry="3845" rend="visible"></zone><zone xml:id="imtArea_2" rendition="transcription" ulx="64" uly="354" lrx="418" lry="3861" rend="visible"></zone></surface></facsimile>
 <text>
  <body>
   <div xml:id="imtImageAnnotations"><div corresp="#imtArea_0" type="imtAnnotation"><head>&#x00A0;</head><div>
    <p>Eventyret om <del rend="overstrike">de 10</del> <add place="supralinear">mine 20</add> villaer
    <lb/>og hvordan man for 400 kan
    <lb/>få sig stort atelier &#x2013; <add place="inBetweenLines">og lidt om <add place="supralinear">da</add> <ref type="lemma" target="co2">aula-
    <lb/>billederne</ref> blev til</add></p>
    <p>Jeg blev i sin tid kastet
    <lb/>ind på stranden ved <placeName key="pl29">Kragerø</placeName>
    <lb/>Jeg så der var godt at være og 
    <lb/>jeg blev der i 2 a 3 år og længer
    <lb/><del rend="overstrike">Jeg bodde på</del> I denne den
    <lb/>hyggeligste af ale norske byer &#x2013; <add place="inBetweenLines">rigti
    <lb/>en havn til sømænd der kommer fra havet</add></p>
    <p>Hvor henrivende er ikke disse
    <lb/><del rend="overstrike">bye</del> byer langs kysten fra <placeName key="pl99">Laurvik</placeName>
    <lb/>til <placeName key="pl35">Trondhjem</placeName> &#x2013; Inde i fjordene
    <lb/>ligger de skinnende som hvide og
    <lb/>røde krystaller &#x2013; <del rend="overstrike">Hv</del> Virkeli en
     <lb/>havn for sjømændene der kommer <add place="margin-right">omtumlet fra havet</add>
    <lb/>hjem efter stormen og slitet på
    <lb/>sjøen &#x2013; Det er noget af <placeName key="pl90">Italiens</placeName>
    <lb/>gulfer &#x2013;</p>	
    <p><del rend="overwritten"><gap/></del>Jeg bodde på <placeName key="pl79">skrubben</placeName> der kikker
    <lb/>utover med sine øine &#x2013; utover til
    <lb/>skjærene der <del rend="overstrike"><gap/></del> lå med hvidt skum</p>
    <p>Jeg fik og en slags bestilling</p>
    
   </div></div><div corresp="#imtArea_1" type="imtAnnotation"><head>&#x00A0;</head><div>
    <p rend="noIndent"><unclear reason="writing">dog</unclear> ligger alle husene der opover bjergsiden som ligeså mange ansikte
    <lb/>speidende ut mot havet &#x2013; I solskin spiller solen i husenes øine &#x2013; <unclear reason="writing">vinduet</unclear> &#x2013; men
    <lb/>i storm spiler øinene sig <unclear reason="writing">op</unclear> i vild <del rend="overstrike"><gap/> <gap/> <gap/></del> rædsel.</p>
    
   </div></div><div corresp="#imtArea_2" type="imtAnnotation"><head>&#x00A0;</head><div>
    <p rend="noIndent"><placeName key="pl20">Oslo</placeName> er nok ikke nogen venli havn for søfolk og veifarende enda den er
    <lb/><placeName key="pl15">Norges</placeName> største søby &#x2013; Vi <del rend="overstrike">har</del> heller aldri set søen eller fjorden &#x2013; Når rådhuset kommer
    <lb/>vil det vel bli lidt</p>
    
   </div></div></div>
  </body>
 </text>
</TEI>
