<?xml version="1.0" encoding="UTF-8"?>
<!DOCTYPE TEI PUBLIC "-//TEI P5 MunchTEI//DTD TEI P5 Unified for Edvard Munch's Texts//EN" "file:/O:/Munchs tekster/Transkripsjoner/MunchTEI.dtd" >
<TEI xmlns="http://www.tei-c.org/ns/1.0" version="5.0" xml:id="No-MM_N0023-02">
<teiHeader>
 <fileDesc>
<titleStmt>
<title>No-MM_N0023-02.jpg</title>
</titleStmt>

<publicationStmt>
<p></p>
</publicationStmt>
<sourceDesc>
<p>2704 x 4064</p>
</sourceDesc>
 </fileDesc>
 <encodingDesc>


 
  <tagsDecl xml:id="imtAnnotationCategories"><rendition xml:id="transcription"><label>Contains the transcribed and TEI P5 encoded text of the objects</label><code rend="rectangle" lang="text/css">color: #ff0000</code></rendition><rendition xml:id="commentary"><label>Kommentarer</label><code rend="rectangle" lang="text/css">color: #00ff00</code></rendition><rendition xml:id="philologicalNotes"><label>Edisjonsfilologiske noter</label><code rend="rectangle" lang="text/css">color: #0000ff</code></rendition><rendition xml:id="textForSearch"><desc>transcriptional</desc><label>Søkbar tekst</label><code rend="rectangle" lang="text/css">color: #000000</code></rendition></tagsDecl><appInfo>
     <application ident="ImageMarkupTool01" version="1.8.1.2" notAfter="2009-03-18T12:54:26">
     <label>
     Image Markup Tool</label><desc>
     Tool for annotating images using TEI</desc><ref type="appURI" target="http://www.tapor.uvic.ca/~mholmes/image_markup/">
     </ref><ptr target="#imtAnnotatedImage"></ptr><ptr target="#imtImageAnnotations"></ptr><ptr target="#imtAnnotationCategories"></ptr></application>
     
     
     </appInfo></encodingDesc>
</teiHeader>
 <facsimile xml:id="imtAnnotatedImage"><surface><graphic url="No-MM_N0023-02.jpg" width="2704px" height="4064px"></graphic><zone xml:id="imtArea_0" rendition="transcription" ulx="284" uly="316" lrx="2448" lry="3620" rend="visible"></zone></surface></facsimile>
 <text>
  <body>
   <div xml:id="imtImageAnnotations"><div corresp="#imtArea_0" type="imtAnnotation"><head>&#x00A0;</head><div>
    <p rend="noIndent">så vide som sække &#x2013; og 
    <lb/>hulbrystede tæringspatienter fra 
     <lb/>alle verdens kanter &#x2013;</p>
    <p>Havet ligger blåt udover &#x2013;
    <lb/><unclear rend="blurredInk">danner</unclear> bare en nuance 
     <lb/><unclear reason="blurredInk">dybere</unclear> end luften &#x2013; e<del rend="overwritten">t</del>n vidunderligt 
    <lb/><del rend="overstrike">lufti</del> <del rend="overwritten"><gap/></del>blå <del rend="overwritten">som naft</del>farve lufti som 
     <lb/>naftha &#x2013; og ind mod stranden 
     <lb/>bryder lange dønninger &#x2013;</p>
    <p>Blændende hvide ligger på den 
    <lb/><del rend="overstrike">hoteller og</del> anden side hoteller
    <lb/>og <unclear><del rend="overstrike">lette</del></unclear> villaer omringet af 
    <lb/>haver i en uendeli række</p>
    <p><unclear reason="writing">T</unclear>orvet er et eneste stort 
     <lb/>blomsterbed &#x2013; <del rend="overstrike">Kurve</del> I svære 
     <lb/>kurve kjøbes de &#x2013; thi 
    <lb/>prins Karneval <add place="supralinear"><placeName key="pl70">Nizzas</placeName> glæde</add> kommer om et 
     <lb/>par dager &#x2013; og hans ankomst 
    <lb/>skal forherliges <del rend="overwritten"><gap/></del>ved den store 
    <lb/>blomsterbatallie.</p>
    </div></div></div>
  </body>
 </text>
</TEI>