<?xml version="1.0" encoding="UTF-8"?>
<!DOCTYPE TEI PUBLIC "-//TEI P5 MunchTEI//DTD TEI P5 Unified for Edvard Munch's Texts//EN" "file:/O:/Munchs tekster/Transkripsjoner/MunchTEI.dtd" >
<TEI xmlns="http://www.tei-c.org/ns/1.0" version="5.0" xml:id="No-MM_N0115-03">
<teiHeader>
 <fileDesc>
<titleStmt>
<title>No-MM_N0115-03.jpg</title>
</titleStmt>

<publicationStmt>
<p></p>
</publicationStmt>
<sourceDesc>
<p>2704 x 4064</p>
</sourceDesc>
 </fileDesc>
 <encodingDesc>


 
  <tagsDecl xml:id="imtAnnotationCategories"><rendition xml:id="transcription"><label>Contains the transcribed and TEI P5 encoded text of the objects</label><code rend="rectangle" lang="text/css">color: #ff0000</code></rendition><rendition xml:id="commentary"><label>Kommentarer</label><code rend="rectangle" lang="text/css">color: #00ff00</code></rendition><rendition xml:id="philologicalNotes"><label>Edisjonsfilologiske noter</label><code rend="rectangle" lang="text/css">color: #0000ff</code></rendition><rendition xml:id="textForSearch"><desc>transcriptional</desc><label>Søkbar tekst</label><code rend="rectangle" lang="text/css">color: #000000</code></rendition></tagsDecl><appInfo>
     <application ident="ImageMarkupTool01" version="1.8.1.3" notAfter="2009-04-14T13:42:13">
     <label>
     Image Markup Tool</label><desc>
     Tool for annotating images using TEI</desc><ref type="appURI" target="http://www.tapor.uvic.ca/~mholmes/image_markup/">
     </ref><ptr target="#imtAnnotatedImage"></ptr><ptr target="#imtImageAnnotations"></ptr><ptr target="#imtAnnotationCategories"></ptr></application>
     
     
     </appInfo></encodingDesc>
</teiHeader>
 <facsimile xml:id="imtAnnotatedImage"><surface><graphic url="No-MM_N0115-03.jpg" width="2704px" height="4064px"></graphic><zone xml:id="imtArea_0" rendition="transcription" ulx="36" uly="358" lrx="2410" lry="3686" rend="visible"></zone></surface></facsimile>
 <text>
  <body>
   <div xml:id="imtImageAnnotations"><div corresp="#imtArea_0" type="imtAnnotation"><head>&#x00A0;</head><div>
    <p><ref type="lemma" target="co12">Svenningsen</ref> kom ind han skulde have
    <lb/>penger for arbeidet i <del rend="overwritten"><gap/></del>formiddags
    <lb/><ref type="lemma" target="co10">Kjølstad</ref> fik pengene ser op så ga
    <lb/>han ham <del rend="overstrike">en</del> <unclear reason="writing">10kr</unclear> <del rend="overstrike">der</del> <ref type="lemma" target="co12">Svenningsen</ref> vendte
    <lb/>sig snuende pengene i hånden det var
    <lb/>nok lidet mente han. <del rend="overstrike"><gap/> langt
    <lb/>ifra</del> så sludder ud med dig
    <lb/>og så gikk <del rend="overwritten"><gap/></del><ref type="lemma" target="co12">Svenningsen</ref> knurrende
    <lb/>ud.</p>
    <p>Han drikker ser du sa <ref type="lemma" target="co10">Kjølstad</ref>
    <lb/>og han må ikke få mange pen
    <lb/>det er en stor slubbert. Sidst løi han
    <lb/>mig lige opi ansigtet <del rend="overstrike">han</del> Jeg
    <lb/>sa til ham du er fuld sa jeg.
    <lb/>Ja han var så fuld han næsten
    <lb/>ikke kunne stå Men ved du
    <lb/>hvad han sa, jeg er ikke fuld så
    <lb/>og så ga jeg ham e<del rend="overwritten">n</del>t drag <del rend="overstrike">og</del> over
    <lb/>ryggen med stokken min &#x2013; og puffene
    <lb/>han <del rend="overstrike"><gap/></del> ud af døren sli<del rend="overwritten">g</del>k skal du ha det</p>
    </div></div></div>
  </body>
 </text>
</TEI>
