<?xml version="1.0" encoding="UTF-8"?>
<!DOCTYPE TEI PUBLIC "-//TEI P5 MunchTEI//DTD TEI P5 Unified for Edvard Munch's Texts//EN" "file:/O:/Munchs tekster/Transkripsjoner/MunchTEI.dtd" >
<TEI xmlns="http://www.tei-c.org/ns/1.0" version="5.0" xml:id="No-MM_N0043-00-01v">
<teiHeader>
 <fileDesc>
<titleStmt>
<title>No-MM_N0043-00-01v.jpg</title>
</titleStmt>

<publicationStmt>
<p></p>
</publicationStmt>
<sourceDesc>
<p>4064 x 2704</p>
</sourceDesc>
 </fileDesc>
 <encodingDesc>


 
  <tagsDecl xml:id="imtAnnotationCategories"><rendition xml:id="transcription"><label>Contains the transcribed and TEI P5 encoded text of the objects</label><code rend="rectangle" lang="text/css">color: #ff0000</code></rendition><rendition xml:id="commentary"><label>Kommentarer</label><code rend="rectangle" lang="text/css">color: #00ff00</code></rendition><rendition xml:id="philologicalNotes"><label>Edisjonsfilologiske noter</label><code rend="rectangle" lang="text/css">color: #0000ff</code></rendition><rendition xml:id="textForSearch"><desc>transcriptional</desc><label>Søkbar tekst</label><code rend="rectangle" lang="text/css">color: #000000</code></rendition></tagsDecl><appInfo>
     <application ident="ImageMarkupTool01" version="1.8.1.3" notAfter="2009-03-23T11:05:08">
     <label>
     Image Markup Tool</label><desc>
     Tool for annotating images using TEI</desc><ref type="appURI" target="http://www.tapor.uvic.ca/~mholmes/image_markup/">
     </ref><ptr target="#imtAnnotatedImage"></ptr><ptr target="#imtImageAnnotations"></ptr><ptr target="#imtAnnotationCategories"></ptr></application>
     
     
     </appInfo></encodingDesc>
</teiHeader>
 <facsimile xml:id="imtAnnotatedImage"><surface><graphic url="No-MM_N0043-00-01v.jpg" width="4064px" height="2704px"></graphic><zone xml:id="imtArea_0" rendition="transcription" ulx="124" uly="224" lrx="3816" lry="2596" rend="visible"></zone><zone xml:id="imtArea_1" rendition="transcription" ulx="3572" uly="204" lrx="3948" lry="2648" rend="visible"></zone><zone xml:id="imtArea_2" rendition="transcription" ulx="1152" uly="1544" lrx="2676" lry="2040" rend="visible"></zone></surface></facsimile>
 <text>
  <body>
   <div xml:id="imtImageAnnotations"><div corresp="#imtArea_0" type="imtAnnotation"><head>&#x00A0;</head><div>
    <fw type="page">IIII</fw>
    <p rend="noIndent">ved hjælp af det lange bølgende hår (Det hænger 
    <lb/>blandt livsfrisen) Det lange hår <del rend="overstrike">bli</del> er en slags telefon <del rend="overstrike">linie</del> streng)
    <lb/><del rend="overstrike">Det var P</del></p>
    <p>Er ikke <del rend="overstrike">kvinnens</del> kvinnens nuværende forenklede 
    <lb/>dragt en følge af <del rend="overwritten"><gap/></del>den tids forenklingsforsøg i kunst 
    <lb/>Og <del rend="overstrike">F</del> ligeledes funktionalismen &#x2013;</p>
    <p>Det er dog en forenklingssag og ideen lå alt 
    <lb/><del rend="overstrike">b</del> dengang færdi blandt annet hos <persName key="pe464">van de Velde</persName>
     <lb/>Finner Du ikke lighed i &#x00AB;Livets dands&#x00BB; med <del rend="overstrike">de sidste</del> 
    <lb/>rythmen og bevægelsen i de sidste 20 års dans<del rend="overwritten">&#x2013;</del>? Overhovedet
    <lb/>i livsfrisen?
    <lb/>Er der ikke berøringspunkter mellem grupperingerne bevægelserne 
    <lb/>og linierne og d<del rend="overwritten"><gap/></del>ragterne 
    <lb/>hos livsfrisen og den senere tids ungdom &#x2013;</p>
    <p>Apropos &#x2013; Jeg må vel snart tænke på en afgjørelse med 
    <lb/><del rend="overstrike">m</del> hensyn til planerne med <del rend="overstrike">liv</del> livsfrisen og de øvrige store 
    <lb/>friser. Jeg er klar over at der blir litet salg at vente og <del rend="overstrike">at</del> 
    <lb/>jeg er forberedt på at måtte indstille mine arbeider &#x2013; Jeg kan vel holde det 
    <lb/>gående et år ennu men så må jeg <del rend="overstrike">som</del> <del rend="overstrike">du</del> rulle alle lerreder sammen</p>
    
   </div></div><div corresp="#imtArea_1" type="imtAnnotation"><head>&#x00A0;</head><div>
    <p>Jeg kan jo ta fotografier og tegninger af mine planer
    <lb/>Jeg har osså havt e<del rend="overwritten">n</del>t luftkastel om e<del rend="overwritten">n</del>t parkanlæg med vægdekorationer
     <lb/>herute &#x2013;</p>
    
   </div></div><div corresp="#imtArea_2" type="imtAnnotation"><head>&#x00A0;</head><div>
   <p/><closer><signed>Din hengivne
    <lb/><persName key="pe627">Edvard Munch</persName></signed></closer>
   </div></div></div>
  </body>
 </text>
</TEI>
