<?xml version="1.0" encoding="UTF-8"?>
<!DOCTYPE TEI PUBLIC "-//TEI P5 MunchTEI//DTD TEI P5 Unified for Edvard Munch's Texts//EN" "file:/O:/Munchs tekster/Transkripsjoner/MunchTEI.dtd" >
<TEI xmlns="http://www.tei-c.org/ns/1.0" version="5.0" xml:id="No-MM_N0120-04">
<teiHeader>
 <fileDesc>
<titleStmt>
<title>No-MM_N0120-04.jpg</title>
</titleStmt>

<publicationStmt>
<p></p>
</publicationStmt>
<sourceDesc>
<p>2704 x 4064</p>
</sourceDesc>
 </fileDesc>
 <encodingDesc>


 
  <tagsDecl xml:id="imtAnnotationCategories"><rendition xml:id="transcription"><label>Contains the transcribed and TEI P5 encoded text of the objects</label><code rend="rectangle" lang="text/css">color: #ff0000</code></rendition><rendition xml:id="commentary"><label>Kommentarer</label><code rend="rectangle" lang="text/css">color: #00ff00</code></rendition><rendition xml:id="philologicalNotes"><label>Edisjonsfilologiske noter</label><code rend="rectangle" lang="text/css">color: #0000ff</code></rendition><rendition xml:id="textForSearch"><desc>transcriptional</desc><label>Søkbar tekst</label><code rend="rectangle" lang="text/css">color: #000000</code></rendition></tagsDecl><appInfo>
     <application ident="ImageMarkupTool01" version="1.8.1.3" notAfter="2009-04-14T15:49:47">
     <label>
     Image Markup Tool</label><desc>
     Tool for annotating images using TEI</desc><ref type="appURI" target="http://www.tapor.uvic.ca/~mholmes/image_markup/">
     </ref><ptr target="#imtAnnotatedImage"></ptr><ptr target="#imtImageAnnotations"></ptr><ptr target="#imtAnnotationCategories"></ptr></application>
     
     
     </appInfo></encodingDesc>
</teiHeader>
 <facsimile xml:id="imtAnnotatedImage"><surface><graphic url="No-MM_N0120-04.jpg" width="2704px" height="4064px"></graphic><zone xml:id="imtArea_0" rendition="transcription" ulx="28" uly="1006" lrx="899" lry="1439" rend="visible"></zone><zone xml:id="imtArea_1" rendition="transcription" ulx="899" uly="807" lrx="2533" lry="3443" rend="visible"></zone></surface></facsimile>
 <text>
  <body>
   <div xml:id="imtImageAnnotations"><div corresp="#imtArea_0" type="imtAnnotation"><head>&#x00A0;</head><div>
    <p>Ansøgning fra
    <lb/>Maler <persName key="pe627">Edvard Munch</persName>
    <lb/>om Statens St<del rend="overwritten"><gap/></del>ipendium</p>
   </div></div>
    <div corresp="#imtArea_1" type="imtAnnotation"><head>&#x00A0;</head><div>
    <opener rend="extraAir"><salute>Til
    <lb/><orgName key="i33">Det Kongelige Norske
    <lb/>Departement for Kirke og
     <lb/>Undervisnings <del rend="overwritten">w</del>væsenet</orgName></salute></opener> 
     <p rend="extraAir">Undertegnede der i Vinter
     <lb/>har arbeidet på <persName key="pe857">Bonnat&#x2019;s</persName> Atilier
    <lb/>i <placeName key="pl16">Paris</placeName> tillader sig herved
    <lb/>ærbødigst a<del rend="overwritten">n</del>t <del rend="overwritten"><gap/></del>ansøge om også
    <lb/>i År at komme i Betragtning
    <lb/>ved Udellingen af Statens Sti-
    <lb/>pendier for Kunstnere</p>
     <closer><salute>Ærbødigst</salute>
    <signed rend="extraAir"><persName key="pe627">Edvard Munch</persName>, Maler</signed>
    <dateline><placeName key="pl16">Paris</placeName> <date when="1890-03-22">22/3 90</date></dateline>
     </closer>
   </div></div></div>
  </body>
 </text>
</TEI>