<?xml version="1.0" encoding="UTF-8"?>
<!DOCTYPE TEI PUBLIC "-//TEI P5 MunchTEI//DTD TEI P5 Unified for Edvard Munch's Texts//EN" "file:/O:/Munchs tekster/Transkripsjoner/MunchTEI.dtd" >
<TEI xmlns="http://www.tei-c.org/ns/1.0" version="5.0" xml:id="No-MM_N0115-02">
<teiHeader>
 <fileDesc>
<titleStmt>
<title>No-MM_N0115-02.jpg</title>
</titleStmt>

<publicationStmt>
<p></p>
</publicationStmt>
<sourceDesc>
<p>2704 x 4064</p>
</sourceDesc>
 </fileDesc>
 <encodingDesc>


 
  <tagsDecl xml:id="imtAnnotationCategories"><rendition xml:id="transcription"><label>Contains the transcribed and TEI P5 encoded text of the objects</label><code rend="rectangle" lang="text/css">color: #ff0000</code></rendition><rendition xml:id="commentary"><label>Kommentarer</label><code rend="rectangle" lang="text/css">color: #00ff00</code></rendition><rendition xml:id="philologicalNotes"><label>Edisjonsfilologiske noter</label><code rend="rectangle" lang="text/css">color: #0000ff</code></rendition><rendition xml:id="textForSearch"><desc>transcriptional</desc><label>Søkbar tekst</label><code rend="rectangle" lang="text/css">color: #000000</code></rendition></tagsDecl><appInfo>
     <application ident="ImageMarkupTool01" version="1.8.1.3" notAfter="2009-04-14T13:41:36">
     <label>
     Image Markup Tool</label><desc>
     Tool for annotating images using TEI</desc><ref type="appURI" target="http://www.tapor.uvic.ca/~mholmes/image_markup/">
     </ref><ptr target="#imtAnnotatedImage"></ptr><ptr target="#imtImageAnnotations"></ptr><ptr target="#imtAnnotationCategories"></ptr></application>
     
     
     </appInfo></encodingDesc>
</teiHeader>
 <facsimile xml:id="imtAnnotatedImage"><surface><graphic url="No-MM_N0115-02.jpg" width="2704px" height="4064px"></graphic><zone xml:id="imtArea_0" rendition="transcription" ulx="282" uly="251" lrx="2592" lry="2728" rend="visible"></zone></surface></facsimile>
 <text>
  <body>
   <div xml:id="imtImageAnnotations"><div corresp="#imtArea_0" type="imtAnnotation"><head>&#x00A0;</head><div>
    <p><del rend="overstrike">Smer</del></p>
    <p>Ja jeg er nu ikke så rar da det	
    <lb/>er <del rend="overstrike">de</del> en sygdom i blodet ser ser
    <lb/>du<seg type="interpunctionalSpace"/>Jeg kan ikke spise noget
    <lb/>det er mærkværdig<seg type="interpunctionalSpace"/>Jeg som
    <lb/>altid spiste så godt</p>
    <p rend="extraAir">Au Au<seg type="interpunctionalSpace"/>Jeg har sånne smærter
    <lb/>i ryggen de <del rend="overstrike">tar mig</del> hadde jeg bare
    <lb/>ikke dem så og så <unclear>smerte</unclear> i benene
    <lb/>det brænder og værker. Han rakte
    <lb/><del rend="overstrike">begge</del> hænderne i været først den ene
    <lb/>og så den anden. Han vilde kjende
    <lb/>om han havde kræfter til at
    <lb/>løfte dem.</p>
    <p>Konfirmation.</p>
    </div></div></div>
  </body>
 </text>
</TEI>
