<?xml version="1.0" encoding="UTF-8"?>
<!DOCTYPE TEI PUBLIC "-//TEI P5 MunchTEI//DTD TEI P5 Unified for Edvard Munch's Texts//EN" "file:/O:/Munchs tekster/Transkripsjoner/MunchTEI.dtd" >
<TEI xmlns="http://www.tei-c.org/ns/1.0" version="5.0" xml:id="No-MM_N0034-01">
<teiHeader>
 <fileDesc>
<titleStmt>
<title>No-MM_N0034-01.jpg</title>
</titleStmt>

<publicationStmt>
<p></p>
</publicationStmt>
<sourceDesc>
<p>2704 x 4064</p>
</sourceDesc>
 </fileDesc>
 <encodingDesc>


 
  <tagsDecl xml:id="imtAnnotationCategories"><rendition xml:id="transcription"><label>Contains the transcribed and TEI P5 encoded text of the objects</label><code rend="rectangle" lang="text/css">color: #ff0000</code></rendition><rendition xml:id="commentary"><label>Kommentarer</label><code rend="rectangle" lang="text/css">color: #00ff00</code></rendition><rendition xml:id="philologicalNotes"><label>Edisjonsfilologiske noter</label><code rend="rectangle" lang="text/css">color: #0000ff</code></rendition><rendition xml:id="textForSearch"><desc>transcriptional</desc><label>Søkbar tekst</label><code rend="rectangle" lang="text/css">color: #000000</code></rendition></tagsDecl><appInfo>
     <application ident="ImageMarkupTool01" version="1.8.1.2" notAfter="2009-03-19T16:24:28">
     <label>
     Image Markup Tool</label><desc>
     Tool for annotating images using TEI</desc><ref type="appURI" target="http://www.tapor.uvic.ca/~mholmes/image_markup/">
     </ref><ptr target="#imtAnnotatedImage"></ptr><ptr target="#imtImageAnnotations"></ptr><ptr target="#imtAnnotationCategories"></ptr></application>
     
     
     </appInfo></encodingDesc>
</teiHeader>
 <facsimile xml:id="imtAnnotatedImage"><surface><graphic url="No-MM_N0034-01.jpg" width="2704px" height="4064px"></graphic><zone xml:id="imtArea_0" rendition="transcription" ulx="196" uly="820" lrx="2472" lry="3732" rend="visible"></zone></surface></facsimile>
 <text>
  <body>
   <div xml:id="imtImageAnnotations"><div corresp="#imtArea_0" type="imtAnnotation"><head>&#x00A0;</head><div>
    <p>Billedserien regner jeg 
    <lb/>for et af de vigtigste om 
    <lb/>ikke det vigtigste af mine 
     <lb/>værker &#x2013;</p>
    <p>Den har aldrig fundet 
     <lb/>forstaaelse i <placeName key="pl15">Norge</placeName> &#x2013;</p>
    <p>Det var i <placeName key="pl51">Tydskland</placeName> den 
    <lb/>fik sin største <del rend="overwritten">f</del>paaskjønnelse 
    <lb/>ligesom det var i <placeName key="pl51">Tydskland</placeName> 
    <lb/>min kunst overhovedet tidligst 
     <lb/>og stærkest forstoes &#x2013;</p>
    <p><del rend="overstrike"><gap/></del> <del rend="overstrike">Den fik en æ</del></p>
    <p><del rend="overstrike">Frisen fik en æresplads</del>
    <lb/>Tilslut i <date when="1902">1902</date> fik den en</p> 
    </div></div></div>
  </body>
 </text>
</TEI>
