<?xml version="1.0" encoding="UTF-8"?>
<!DOCTYPE TEI PUBLIC "-//TEI P5 MunchTEI//DTD TEI P5 Unified for Edvard Munch's Texts//EN" "file:/O:/Munchs tekster/Transkripsjoner/MunchTEI.dtd" >
<TEI xmlns="http://www.tei-c.org/ns/1.0" version="5.0" xml:id="No-MM_N0139-02">
<teiHeader>
 <fileDesc>
<titleStmt>
<title>No-MM_N0139-02.jpg</title>
</titleStmt>

<publicationStmt>
<p></p>
</publicationStmt>
<sourceDesc>
<p>2704 x 4064</p>
</sourceDesc>
 </fileDesc>
 <encodingDesc>


 
  <tagsDecl xml:id="imtAnnotationCategories"><rendition xml:id="transcription"><label>Contains the transcribed and TEI P5 encoded text of the objects</label><code rend="rectangle" lang="text/css">color: #ff0000</code></rendition><rendition xml:id="commentary"><label>Kommentarer</label><code rend="rectangle" lang="text/css">color: #00ff00</code></rendition><rendition xml:id="philologicalNotes"><label>Edisjonsfilologiske noter</label><code rend="rectangle" lang="text/css">color: #0000ff</code></rendition><rendition xml:id="textForSearch"><desc>transcriptional</desc><label>Søkbar tekst</label><code rend="rectangle" lang="text/css">color: #000000</code></rendition></tagsDecl><appInfo>
     <application ident="ImageMarkupTool01" version="1.8.1.3" notAfter="2009-04-23T10:01:35">
     <label>
     Image Markup Tool</label><desc>
     Tool for annotating images using TEI</desc><ref type="appURI" target="http://www.tapor.uvic.ca/~mholmes/image_markup/">
     </ref><ptr target="#imtAnnotatedImage"></ptr><ptr target="#imtImageAnnotations"></ptr><ptr target="#imtAnnotationCategories"></ptr></application>
     
     
     </appInfo></encodingDesc>
</teiHeader>
 <facsimile xml:id="imtAnnotatedImage"><surface><graphic url="No-MM_N0139-02.jpg" width="2704px" height="4064px"></graphic><zone xml:id="imtArea_0" rendition="transcription" ulx="12" uly="334" lrx="2577" lry="3782" rend="visible"></zone></surface></facsimile>
 <text>
  <body>
   <div xml:id="imtImageAnnotations"><div corresp="#imtArea_0" type="imtAnnotation"><head>&#x00A0;</head><div>
    <p rend="noIndent"><del rend="overwritten"><gap/></del>altid holdt i 5000 Kr &#x2013;
    <lb/>&#x2013; men vilde lade det
    <lb/>gå til <orgName key="i114">Kjøbenhavns
    <lb/>Mussæum</orgName> <del rend="overwritten"><gap/></del>for 3500 Kr &#x2013;
    <lb/>(<del rend="overwritten"><gap/></del>Der var ingen Procentafdrag)
    <lb/>&#x2013; Jeg havde vel <del rend="overstrike">osså</del>
    <lb/>ladet gå til Dem for
    <lb/>ennu billigere 3000 K
    <lb/>(<del rend="overwritten"><gap/></del>Det vilde for mig være <del rend="overwritten">3</del>2<del rend="overwritten">7</del>800
    <lb/>med Procentafdrag) men
    <lb/>da <del rend="overwritten">d</del>De bød så lidet
    <lb/>som 1500 Kr og 2000 Kr
    <lb/>opgav jeg Haabet om
    <lb/>at sælge det til Dem &#x2013; Jeg</p>
    </div></div></div>
  </body>
 </text>
</TEI>
