<?xml version="1.0" encoding="UTF-8"?>
<!DOCTYPE TEI PUBLIC "-//TEI P5 MunchTEI//DTD TEI P5 Unified for Edvard Munch's Texts//EN" "file:/O:/Munchs tekster/Transkripsjoner/MunchTEI.dtd" >
<TEI xmlns="http://www.tei-c.org/ns/1.0" version="5.0" xml:id="No-MM_N0111-02">
<teiHeader>
 <fileDesc>
<titleStmt>
<title>No-MM_N0111-02.jpg</title>
</titleStmt>

<publicationStmt>
<p></p>
</publicationStmt>
<sourceDesc>
<p>2704 x 4064</p>
</sourceDesc>
 </fileDesc>
 <encodingDesc>


 
  <tagsDecl xml:id="imtAnnotationCategories"><rendition xml:id="transcription"><label>Contains the transcribed and TEI P5 encoded text of the objects</label><code rend="rectangle" lang="text/css">color: #ff0000</code></rendition><rendition xml:id="commentary"><label>Kommentarer</label><code rend="rectangle" lang="text/css">color: #00ff00</code></rendition><rendition xml:id="philologicalNotes"><label>Edisjonsfilologiske noter</label><code rend="rectangle" lang="text/css">color: #0000ff</code></rendition><rendition xml:id="textForSearch"><desc>transcriptional</desc><label>Søkbar tekst</label><code rend="rectangle" lang="text/css">color: #000000</code></rendition></tagsDecl><appInfo>
     <application ident="ImageMarkupTool01" version="1.8.1.3" notAfter="2009-04-03T15:48:25">
     <label>
     Image Markup Tool</label><desc>
     Tool for annotating images using TEI</desc><ref type="appURI" target="http://www.tapor.uvic.ca/~mholmes/image_markup/">
     </ref><ptr target="#imtAnnotatedImage"></ptr><ptr target="#imtImageAnnotations"></ptr><ptr target="#imtAnnotationCategories"></ptr></application>
     
     
     </appInfo></encodingDesc>
</teiHeader>
 <facsimile xml:id="imtAnnotatedImage"><surface><graphic url="No-MM_N0111-02.jpg" width="2704px" height="4064px"></graphic><zone xml:id="imtArea_0" rendition="transcription" ulx="386" uly="569" lrx="2577" lry="3607" rend="visible"></zone></surface></facsimile>
 <text>
  <body>
   <div xml:id="imtImageAnnotations"><div corresp="#imtArea_0" type="imtAnnotation"><head>&#x00A0;</head><div>
    <p><del rend="overstrike">hun</del></p>
    <p>Den <del rend="overstrike">lyse</del> <gap reason="damage"/> kom mod ham derborte
    <lb/>i lyseblå kjole &#x2013; var <gap reason="damage"/>
    <lb/>Hun smilte lidt til ham da hun tog ham i
    <lb/>hånden &#x2013;</p>
    <p><del rend="overstrike">Han syntes han burde si</del>
    <lb/>Nå hvordan &#x2013; har De det
    <lb/>tak og De &#x2013;
    <lb/>jo tak &#x2013;</p>
    <p><del rend="overwritten">S</del>Hva skulde han si &#x2013; han kunde da
    <lb/>ikke snakke om almindelige ting &#x2013; nu etter
    <lb/>det igår &#x2013; han burde f ex. si at han hadde
    <lb/>længtet &#x2013; men han kunne ikke få det over læberne &#x2013;</p>
    <p>La os gå <del rend="overstrike">skovveien</del> sa hun &#x2013;
    <lb/>De gik stille ved siden a <del rend="overwritten"><gap/></del>hverandre &#x2013;
    <lb/><del rend="overstrike">Var hun</del> Han så på hende &#x2013; jo
    <lb/>hun var pen &#x2013; bare han kunde snakke
    <lb/>med hende si sånne <del rend="overstrike">p</del> vakre ord som andre
    <lb/>der holdt a hinanden &#x2013; <del rend="overstrike">sån som</del> hun vendet det
    <lb/>vist &#x2013; Men han vilde heller ikke
    <lb/>bedrage henne &#x2013; <del rend="overstrike">si at han</del> lade som han
    <lb/>holdt mer a henne end han <del rend="overwritten">j</del>gjorde &#x2013;</p>
    <p><del rend="overstrike"><gap/></del> han <del rend="overstrike">var nødt til at</del> skulde ikke
    <lb/>forlate hende &#x2013; for han hadde jo forført henne
    <lb/>hun vilde vist bli</p>
    </div></div></div>
  </body>
 </text>
</TEI>
