<?xml version="1.0" encoding="UTF-8"?>
<!DOCTYPE TEI PUBLIC "-//TEI P5 MunchTEI//DTD TEI P5 Unified for Edvard Munch's Texts//EN" "file:/O:/Munchs tekster/Transkripsjoner/MunchTEI.dtd" >
<TEI xmlns="http://www.tei-c.org/ns/1.0" version="5.0" xml:id="No-MM_N0031-01">
<teiHeader>
 <fileDesc>
<titleStmt>
<title>No-MM_N0031-01.jpg</title>
</titleStmt>

<publicationStmt>
<p></p>
</publicationStmt>
<sourceDesc>
<p>2704 x 4064</p>
</sourceDesc>
 </fileDesc>
 <encodingDesc>


 
  <tagsDecl xml:id="imtAnnotationCategories"><rendition xml:id="transcription"><label>Contains the transcribed and TEI P5 encoded text of the objects</label><code rend="rectangle" lang="text/css">color: #ff0000</code></rendition><rendition xml:id="commentary"><label>Kommentarer</label><code rend="rectangle" lang="text/css">color: #00ff00</code></rendition><rendition xml:id="philologicalNotes"><label>Edisjonsfilologiske noter</label><code rend="rectangle" lang="text/css">color: #0000ff</code></rendition><rendition xml:id="textForSearch"><desc>transcriptional</desc><label>Søkbar tekst</label><code rend="rectangle" lang="text/css">color: #000000</code></rendition></tagsDecl><appInfo>
     <application ident="ImageMarkupTool01" version="1.8.1.2" notAfter="2009-03-19T10:48:44">
     <label>
     Image Markup Tool</label><desc>
     Tool for annotating images using TEI</desc><ref type="appURI" target="http://www.tapor.uvic.ca/~mholmes/image_markup/">
     </ref><ptr target="#imtAnnotatedImage"></ptr><ptr target="#imtImageAnnotations"></ptr><ptr target="#imtAnnotationCategories"></ptr></application>
     
     
     </appInfo></encodingDesc>
</teiHeader>
 <facsimile xml:id="imtAnnotatedImage"><surface><graphic url="No-MM_N0031-01.jpg" width="2704px" height="4064px"></graphic><zone xml:id="imtArea_0" rendition="transcription" ulx="180" uly="544" lrx="2588" lry="3340" rend="visible"></zone></surface></facsimile>
 <text>
  <body>
   <div xml:id="imtImageAnnotations"><div corresp="#imtArea_0" type="imtAnnotation"><head>&#x00A0;</head><div>
    <p><persName key="pe627">Edvard Munch</persName> udstiller 
    <lb/>om kort Tid e<del rend="overwritten">n</del>t større 
    <lb/>antal ældre og nyere 
     <lb/>Malerier. <add place="margin-right"><del rend="overwritten"><gap/></del>et Forsøg 
      <lb/>på at have dekorert 
      <lb/>Motiver fra det 
      <lb/>moderne Sjæleliv.</add> Den store Fries 
    <lb/>som han har arbeidet på 
    <lb/><gap reason="blurredInk"/> i 14 Aar <add place="supralinear">der behandler Livet</add> og som nu er 
    <lb/>færdig &#x2013; ligeledes en <del rend="overstrike">stor</del> 
    <lb/>en Friese bestilt af <persName key="pe301">Dr. 
    <lb/>Linde</persName> i <placeName key="pl105">Lübeck</placeName> til <add place="supralinear">et</add> <del rend="overstrike">hans 
    <lb/>Vær</del> et Værelse &#x2013;</p>
    <p>Endvidere Portrætter af 
     <lb/><rs type="portrait" key="pe419">Schlittgen</rs> og <rs type="portrait" key="pe471">Graf Kessler</rs>, 
    <lb/><orgName key="i471">det tydske Kunstnerforbunds</orgName> 
    <lb/>Leder</p>
    </div></div></div>
  </body>
 </text>
</TEI>
