<?xml version="1.0" encoding="UTF-8"?>
<!DOCTYPE TEI PUBLIC "-//TEI P5 MunchTEI//DTD TEI P5 Unified for Edvard Munch's Texts//EN" "file:/O:/Munchs tekster/Transkripsjoner/MunchTEI.dtd" >
<TEI xmlns="http://www.tei-c.org/ns/1.0" version="5.0" xml:id="No-MM_N0033-02">
<teiHeader>
 <fileDesc>
<titleStmt>
<title>No-MM_N0033-02.jpg</title>
</titleStmt>

<publicationStmt>
<p></p>
</publicationStmt>
<sourceDesc>
<p>2704 x 4064</p>
</sourceDesc>
 </fileDesc>
 <encodingDesc>


 
  <tagsDecl xml:id="imtAnnotationCategories"><rendition xml:id="transcription"><label>Contains the transcribed and TEI P5 encoded text of the objects</label><code rend="rectangle" lang="text/css">color: #ff0000</code></rendition><rendition xml:id="commentary"><label>Kommentarer</label><code rend="rectangle" lang="text/css">color: #00ff00</code></rendition><rendition xml:id="philologicalNotes"><label>Edisjonsfilologiske noter</label><code rend="rectangle" lang="text/css">color: #0000ff</code></rendition><rendition xml:id="textForSearch"><desc>transcriptional</desc><label>Søkbar tekst</label><code rend="rectangle" lang="text/css">color: #000000</code></rendition></tagsDecl><appInfo>
     <application ident="ImageMarkupTool01" version="1.8.1.4" notAfter="2010-01-27T11:52:42">
     <label>
     Image Markup Tool</label><desc>
     Tool for annotating images using TEI</desc><ref type="appURI" target="http://www.tapor.uvic.ca/~mholmes/image_markup/">
     </ref><ptr target="#imtAnnotatedImage"></ptr><ptr target="#imtImageAnnotations"></ptr><ptr target="#imtAnnotationCategories"></ptr></application>
     
     
     </appInfo></encodingDesc>
</teiHeader>
 <facsimile xml:id="imtAnnotatedImage"><surface><graphic url="No-MM_N0033-02.jpg" width="2704px" height="4064px"></graphic><zone xml:id="imtArea_0" rendition="transcription" ulx="40" uly="346" lrx="2664" lry="3718" rend="visible"></zone></surface></facsimile>
 <text>
  <body>
   <div xml:id="imtImageAnnotations"><div corresp="#imtArea_0" type="imtAnnotation"><head>&#x00A0;</head><div>
    <p><del rend="overwritten">a</del>Alle disse farver &#x2013; <unclear>k<del rend="overwritten"><gap/></del>oulisserne</unclear> med d<del rend="overwritten"><gap/></del> grønne
     <lb/>palmer og blågrå vand &#x2013; de stærke farver i Rumænernes 
     <lb/>drakter &#x2013; i den blågrå dis</p>
    <p>Musikken og farverne fangede mine tanker
    <lb/>De fulgte med de lette skyer og båres af
    <lb/>de bløde toner ind i en verden af glade 
    <lb/>lyse drømme &#x2013;</p>
    <p>Jeg skulde gjøre noget &#x2013; jeg følte det vilde gå
     <lb/>så let &#x2013; det skulde forme sig under mine
     <lb/>hænder som ved et <unclear reason="writing">trylleri</unclear> &#x2013;</p>
    <p>Så skulde de få se &#x2013;</p>
    <p>En stærk nøken arm<seg type="interpunctionalSpace"/>en brun
     <lb/>krafti nakke &#x2013; op til det hvælvede bryst
     <lb/>lægger en ung kvinne sit hoved &#x2013;</p>
    <p>Hun lukker øinene og lytter med <del rend="overwritten"><gap/></del>åben
    <lb/>bævende mund til de ord han hvisker ind
    <lb/>i hennes lange udslåtte hår</p>
    <p>Jeg skulde forme det slik jeg nu så det
    <lb/>inne i den blå dis &#x2013;</p>
    <p>Disse to i det øieblik de ikke er sig selv
    <lb/>men kun et led af de tusinde slægtsled der
    <lb/>knytter slægter til slægter &#x2013;</p>
    <p>Folk skulde forstå det hellige det 
    <lb/>mægtige ved det og de skulde ta af sig
    <lb/>hatten som i en kirke &#x2013;</p>
    <p>Jeg skulde fremstille en række slike billeder</p>
    </div></div></div>
  </body>
 </text>
</TEI>
