<?xml version="1.0" encoding="UTF-8"?>
<!DOCTYPE TEI PUBLIC "-//TEI P5 MunchTEI//DTD TEI P5 Unified for Edvard Munch's Texts//EN" "file:/O:/Munchs tekster/Transkripsjoner/MunchTEI.dtd" >
<TEI xmlns="http://www.tei-c.org/ns/1.0" version="5.0" xml:id="No-MM_N0115-01">
<teiHeader>
 <fileDesc>
<titleStmt>
<title>No-MM_N0115-01.jpg</title>
</titleStmt>

<publicationStmt>
<p></p>
</publicationStmt>
<sourceDesc>
<p>2704 x 4064</p>
</sourceDesc>
 </fileDesc>
 <encodingDesc>


 
  <tagsDecl xml:id="imtAnnotationCategories"><rendition xml:id="transcription"><label>Contains the transcribed and TEI P5 encoded text of the objects</label><code rend="rectangle" lang="text/css">color: #ff0000</code></rendition><rendition xml:id="commentary"><label>Kommentarer</label><code rend="rectangle" lang="text/css">color: #00ff00</code></rendition><rendition xml:id="philologicalNotes"><label>Edisjonsfilologiske noter</label><code rend="rectangle" lang="text/css">color: #0000ff</code></rendition><rendition xml:id="textForSearch"><desc>transcriptional</desc><label>Søkbar tekst</label><code rend="rectangle" lang="text/css">color: #000000</code></rendition></tagsDecl><appInfo>
     <application ident="ImageMarkupTool01" version="1.8.1.3" notAfter="2009-04-14T13:41:00">
     <label>
     Image Markup Tool</label><desc>
     Tool for annotating images using TEI</desc><ref type="appURI" target="http://www.tapor.uvic.ca/~mholmes/image_markup/">
     </ref><ptr target="#imtAnnotatedImage"></ptr><ptr target="#imtImageAnnotations"></ptr><ptr target="#imtAnnotationCategories"></ptr></application>
     
     
     </appInfo></encodingDesc>
</teiHeader>
 <facsimile xml:id="imtAnnotatedImage"><surface><graphic url="No-MM_N0115-01.jpg" width="2704px" height="4064px"></graphic><zone xml:id="imtArea_0" rendition="transcription" ulx="28" uly="262" lrx="2434" lry="3956" rend="visible"></zone></surface></facsimile>
 <text>
  <body>
   <div xml:id="imtImageAnnotations"><div corresp="#imtArea_0" type="imtAnnotation"><head>&#x00A0;</head><div>
    <p rend="extraAir">Gamle <del rend="overstrike"><gap/> skulde dø</del> <ref type="lemma" target="co10">Kjølstaden</ref>
    <lb/>skulde dø.</p>
    <p>Jeg kom ud for at hilse på ham
    <lb/>Han var ikke rigtig lik sig selv
    <lb/><del rend="overstrike">Ansigtet</del> <del rend="overstrike">var tidl As</del> Ansigtet noget
    <lb/>mindre og feberrøde i farven øinene stikkene
    <lb/>og rødsprænkte. Han kjendte mig snart.
    <lb/>Er det dig <ref type="lemma" target="co16">Munken</ref><seg type="interpunctionalSpace"/>ja så da ja så da
    <lb/>Det er dårlig med mig nå <add place="supralinear">ser du</add>sa han
    <lb/>letvindt. Kunne ikke komme ind
    <lb/>til dere <del rend="overstrike">nu</del> i høst <del rend="overstrike"><gap/></del> så får dere
    <lb/>komme til mig. De var morsomt.
    <lb/>Nå <ref type="lemma" target="co11">Marie</ref> la dem få noe da at nyde
    <lb/>de er sultne.</p>
    <figure rend="shortHorizRule"/>
    <p rend="extraAir">Du er kommen forat male mig sier du
    <lb/>Ja jeg er morsk på det <del rend="overwritten"><gap/></del>portrætet
    <lb/>Doctoren sa det var svært til kjæk
    <lb/>fyr det, men jeg er nu ikke så rar
    <lb/>nu da. Ja ja du får ta mig af da.</p>
    <p>Du var jo i <placeName key="pl22">Kjøbenhavn</placeName> i sommer.
    <lb/>Var du på <orgName key="i138">rundetårn</orgName> da? <del rend="overwritten">S</del>Ja
    <lb/>det havde jeg. 
    <lb/><del rend="overstrike">Det var morsomt</del>
    <lb/>deilig udsigt; var der i <date when="1848">48</date></p>
    </div></div></div>
  </body>
 </text>
</TEI>