<?xml version="1.0" encoding="UTF-8"?>
<!DOCTYPE TEI PUBLIC "-//TEI P5 MunchTEI//DTD TEI P5 Unified for Edvard Munch's Texts//EN" "file:/O:/Munchs tekster/Transkripsjoner/MunchTEI.dtd" >
<TEI xmlns="http://www.tei-c.org/ns/1.0" version="5.0" xml:id="No-MM_N0101-03">
<teiHeader>
 <fileDesc>
<titleStmt>
<title>No-MM_N0101-03.jpg</title>
</titleStmt>

<publicationStmt>
<p></p>
</publicationStmt>
<sourceDesc>
<p>2704 x 4064</p>
</sourceDesc>
 </fileDesc>
 <encodingDesc>


 
  <tagsDecl xml:id="imtAnnotationCategories"><rendition xml:id="transcription"><label>Contains the transcribed and TEI P5 encoded text of the objects</label><code rend="rectangle" lang="text/css">color: #ff0000</code></rendition><rendition xml:id="commentary"><label>Kommentarer</label><code rend="rectangle" lang="text/css">color: #00ff00</code></rendition><rendition xml:id="philologicalNotes"><label>Edisjonsfilologiske noter</label><code rend="rectangle" lang="text/css">color: #0000ff</code></rendition><rendition xml:id="textForSearch"><desc>transcriptional</desc><label>Søkbar tekst</label><code rend="rectangle" lang="text/css">color: #000000</code></rendition></tagsDecl><appInfo>
     <application ident="ImageMarkupTool01" version="1.8.1.3" notAfter="2009-03-30T16:55:24">
     <label>
     Image Markup Tool</label><desc>
     Tool for annotating images using TEI</desc><ref type="appURI" target="http://www.tapor.uvic.ca/~mholmes/image_markup/">
     </ref><ptr target="#imtAnnotatedImage"></ptr><ptr target="#imtImageAnnotations"></ptr><ptr target="#imtAnnotationCategories"></ptr></application>
     
     
     </appInfo></encodingDesc>
</teiHeader>
 <facsimile xml:id="imtAnnotatedImage"><surface><graphic url="No-MM_N0101-03.jpg" width="2704px" height="4064px"></graphic><zone xml:id="imtArea_0" rendition="transcription" ulx="72" uly="302" lrx="2382" lry="3750" rend="visible"></zone></surface></facsimile>
 <text>
  <body>
   <div xml:id="imtImageAnnotations"><div corresp="#imtArea_0" type="imtAnnotation"><head>&#x00A0;</head><div>
    <p rend="noIndent">reise bort &#x2013;</p>
    <p><ref type="lemma" target="co6">Brandt</ref> så på ham &#x2013; han følte
    <lb/>han ble <del rend="overstrike">ble</del> lidt bleg &#x2013;
    <lb/>han kommer noen dage for tidlig &#x2013;
    <lb/>Nu kommer det vist &#x2013; han ved
    <lb/>vist alt &#x2013;</p>
    <p>Jaså Jaså sa han høit &#x2013; leende &#x2013;
    <lb/>så kommer han hva så.
    <lb/>Da finder han sin kone<seg type="interpunctionalSpace"/>han hvisker
    <lb/>i øret på <ref type="lemma" target="co6">Brandt</ref> og ler &#x2013;</p>
    <p><del rend="overstrike"><ref type="lemma" target="co6">Brandt</ref></del> <del rend="overstrike">Det var</del> <ref type="lemma" target="co6">Brandt</ref> følte <unclear reason="writing">sig
     <lb/>lettet</unclear></p>
    <p>De stod en stund stille. <ref type="lemma" target="co6">Brandt</ref>
    <lb/>syns <del rend="overwritten"><gap/></del>han opdaget <del rend="overwritten"><gap/></del>et smil hos
    <lb/>noen damer der osså søgte ly
    <lb/>for regnet &#x2013; Så <del rend="overstrike">undret han
    <lb/>så han</del> sammenlignet han sin
    <lb/>og kaptainens dragt &#x2013; undret sig
    <lb/>over at frakkene hadde samme
    <lb/><del rend="overwritten"><gap/></del>farve &#x2013; Så la han mærke til
    <lb/>at kaptainen var endnu gråere
    <lb/>i håret end før &#x2013;</p>
     </div></div></div>
  </body>
 </text>
</TEI>
