<?xml version="1.0" encoding="UTF-8"?>
<!DOCTYPE TEI PUBLIC "-//TEI P5 MunchTEI//DTD TEI P5 Unified for Edvard Munch's Texts//EN" "file:/O:/Munchs tekster/Transkripsjoner/MunchTEI.dtd" >
<TEI xmlns="http://www.tei-c.org/ns/1.0" version="5.0" xml:id="No-MM_N0064-00-01r">
<teiHeader>
 <fileDesc>
<titleStmt>
<title>No-MM_N0064-00-01r.jpg</title>
</titleStmt>

<publicationStmt>
<p></p>
</publicationStmt>
<sourceDesc>
<p>4064 x 2704</p>
</sourceDesc>
 </fileDesc>
 <encodingDesc>


 
  <tagsDecl xml:id="imtAnnotationCategories"><rendition xml:id="transcription"><label>Contains the transcribed and TEI P5 encoded text of the objects</label><code rend="rectangle" lang="text/css">color: #ff0000</code></rendition><rendition xml:id="commentary"><label>Kommentarer</label><code rend="rectangle" lang="text/css">color: #00ff00</code></rendition><rendition xml:id="philologicalNotes"><label>Edisjonsfilologiske noter</label><code rend="rectangle" lang="text/css">color: #0000ff</code></rendition><rendition xml:id="textForSearch"><desc>transcriptional</desc><label>Søkbar tekst</label><code rend="rectangle" lang="text/css">color: #000000</code></rendition></tagsDecl><appInfo>
     <application ident="ImageMarkupTool01" version="1.8.1.3" notAfter="2009-03-25T11:34:00">
     <label>
     Image Markup Tool</label><desc>
     Tool for annotating images using TEI</desc><ref type="appURI" target="http://www.tapor.uvic.ca/~mholmes/image_markup/">
     </ref><ptr target="#imtAnnotatedImage"></ptr><ptr target="#imtImageAnnotations"></ptr><ptr target="#imtAnnotationCategories"></ptr></application>
     
     
     </appInfo></encodingDesc>
</teiHeader>
 <facsimile xml:id="imtAnnotatedImage"><surface><graphic url="No-MM_N0064-00-01r.jpg" width="4064px" height="2704px"></graphic><zone xml:id="imtArea_0" rendition="transcription" ulx="762" uly="280" lrx="3773" lry="1762" rend="visible"></zone></surface></facsimile>
 <text>
  <body>
   <div xml:id="imtImageAnnotations"><div corresp="#imtArea_0" type="imtAnnotation"><head>&#x00A0;</head><div>
    <p>Der er andre mennesker <del rend="overstrike">ud</del> i <placeName key="pl29">Kragerø</placeName> 
    <lb/>og på kysten &#x2013; <del rend="overstrike">Noen sier det</del> Man mærker 
    <lb/>en <del rend="overstrike">lettere</del> liv<del rend="overwritten"><gap/></del>ligere lettere måte at tænke på 
    <lb/>&#x2013; mer fosfor i hjernen &#x2013; Er det af fisken?
    <lb/>Jeg tænker det er at alle <del rend="overstrike">står</del> i umindelige 
    <lb/>tider har stået i forbindelse med <placeName key="pl100">Europa</placeName> 
    <lb/>og verden &#x2013; Der er mer kultur end
    <lb/><add place="inBetweenLines">Alle disse k<del rend="overwritten"><gap/></del>ystbyene er lissom færdige</add> 
    <lb/>&#x2013; <placeName key="pl20">Oslo</placeName> er og blir i lange tider <del rend="overstrike">færdi</del> ufærdi</p>
    </div></div></div>
  </body>
 </text>
</TEI>
