<?xml version="1.0" encoding="UTF-8"?>
<!DOCTYPE TEI PUBLIC "-//TEI P5 MunchTEI//DTD TEI P5 Unified for Edvard Munch's Texts//EN" "file:/O:/Munchs tekster/Transkripsjoner/MunchTEI.dtd" >
<TEI xmlns="http://www.tei-c.org/ns/1.0" version="5.0" xml:id="No-MM_N0039-00-02v">
<teiHeader>
 <fileDesc>
<titleStmt>
<title>No-MM_N0039-00-02v.jpg</title>
</titleStmt>

<publicationStmt>
<p></p>
</publicationStmt>
<sourceDesc>
<p>2704 x 4064</p>
</sourceDesc>
 </fileDesc>
 <encodingDesc>


 
  <tagsDecl xml:id="imtAnnotationCategories"><rendition xml:id="transcription"><label>Contains the transcribed and TEI P5 encoded text of the objects</label><code rend="rectangle" lang="text/css">color: #ff0000</code></rendition><rendition xml:id="commentary"><label>Kommentarer</label><code rend="rectangle" lang="text/css">color: #00ff00</code></rendition><rendition xml:id="philologicalNotes"><label>Edisjonsfilologiske noter</label><code rend="rectangle" lang="text/css">color: #0000ff</code></rendition><rendition xml:id="textForSearch"><desc>transcriptional</desc><label>Søkbar tekst</label><code rend="rectangle" lang="text/css">color: #000000</code></rendition></tagsDecl><appInfo>
     <application ident="ImageMarkupTool01" version="1.8.1.2" notAfter="2009-03-20T16:24:56">
     <label>
     Image Markup Tool</label><desc>
     Tool for annotating images using TEI</desc><ref type="appURI" target="http://www.tapor.uvic.ca/~mholmes/image_markup/">
     </ref><ptr target="#imtAnnotatedImage"></ptr><ptr target="#imtImageAnnotations"></ptr><ptr target="#imtAnnotationCategories"></ptr></application>
     
     
     </appInfo></encodingDesc>
</teiHeader>
 <facsimile xml:id="imtAnnotatedImage"><surface><graphic url="No-MM_N0039-00-02v.jpg" width="2704px" height="4064px"></graphic><zone xml:id="imtArea_0" rendition="transcription" ulx="124" uly="324" lrx="2508" lry="4004" rend="visible"></zone></surface></facsimile>
 <text>
  <body>
   <div xml:id="imtImageAnnotations"><div corresp="#imtArea_0" type="imtAnnotation"><head>&#x00A0;</head><div>
    <p><del rend="overstrike">Erik</del></p>
    <p><persName key="pe841">Glørsen</persName> har male<del rend="overwritten"><gap/></del>t 
    <lb/>et godt billede. Senere har
    <lb/>han forsøgt i <persName key="pe606">Werenskjolds</persName> maner
    <lb/>og tørret mer og mer hen</p> 
    <p>Hans talent er ikke af de 
    <lb/>grønne kvister som en <del rend="overstrike">ben</del>kritiker 
    <lb/>kalder en af de yn<del rend="overwritten"><gap/></del>gste det er <del rend="overstrike">k<gap/></del> 
    <lb/>tørre kvister <del rend="overstrike" hand="EM2">til at kaste i ovnen</del>
    <lb/><add place="inBetweenLines"  hand="EM2">der er til at kastes i ovnen</add></p>
    <p><persName key="pe746">Eilif Petersen</persName> kan takke 
    <lb/>de <del rend="overstrike"><del rend="overwritten"><gap/></del>der</del> <del rend="overstrike">at han ikke er
    <lb/>gået</del> for at han ikke er gået
    <lb/>i vasken de ide<del rend="overwritten"><gap/></del>er der besjæler
    <lb/>de <del rend="overstrike">b</del> malere han refuserer
    <lb/>Men <del rend="overstrike">forskjellen er</del> blot at
    <lb/><del rend="overstrike">han har er i besiddelse
    <lb/>af dygtighed så</del> han 
    <lb/>ka<gap reason="writing"></gap> Han <del rend="overstrike">har</del> er i besiddelse 
    <lb/>af en så stor dygtighed at 
    <lb/><del rend="overwritten"><gap/></del>når han tilsætter den lidt med
    <lb/>en passende brøkdel af de 
    <lb/>impressionismer <del rend="overstrike">og</del> Han 
    <lb/><del rend="overstrike">Kan de</del> <del rend="overwritten">b</del>Bliver det <add place="supralinear">et</add> pass<del rend="overwritten"><gap/></del>elig moderne og 
    <lb/>passe<del rend="overwritten">nde</del>lig publikum.</p>
   </div></div></div>
  </body>
 </text>
</TEI>
