<?xml version="1.0" encoding="UTF-8"?>
<!DOCTYPE TEI PUBLIC "-//TEI P5 MunchTEI//DTD TEI P5 Unified for Edvard Munch's Texts//EN" "file:/O:/Munchs tekster/Transkripsjoner/MunchTEI.dtd" >
<TEI xmlns="http://www.tei-c.org/ns/1.0" version="5.0" xml:id="No-MM_N0046-00-03r">
<teiHeader>
 <fileDesc>
<titleStmt>
<title>No-MM_N0046-00-03r.jpg</title>
</titleStmt>

<publicationStmt>
<p></p>
</publicationStmt>
<sourceDesc>
<p>2704 x 4064</p>
</sourceDesc>
 </fileDesc>
 <encodingDesc>


 
  <tagsDecl xml:id="imtAnnotationCategories"><rendition xml:id="transcription"><label>Contains the transcribed and TEI P5 encoded text of the objects</label><code rend="rectangle" lang="text/css">color: #ff0000</code></rendition><rendition xml:id="commentary"><label>Kommentarer</label><code rend="rectangle" lang="text/css">color: #00ff00</code></rendition><rendition xml:id="philologicalNotes"><label>Edisjonsfilologiske noter</label><code rend="rectangle" lang="text/css">color: #0000ff</code></rendition><rendition xml:id="textForSearch"><desc>transcriptional</desc><label>Søkbar tekst</label><code rend="rectangle" lang="text/css">color: #000000</code></rendition></tagsDecl><appInfo>
     <application ident="ImageMarkupTool01" version="1.8.1.3" notAfter="2009-03-23T13:12:55">
     <label>
     Image Markup Tool</label><desc>
     Tool for annotating images using TEI</desc><ref type="appURI" target="http://www.tapor.uvic.ca/~mholmes/image_markup/">
     </ref><ptr target="#imtAnnotatedImage"></ptr><ptr target="#imtImageAnnotations"></ptr><ptr target="#imtAnnotationCategories"></ptr></application>
     
     
     </appInfo></encodingDesc>
</teiHeader>
 <facsimile xml:id="imtAnnotatedImage"><surface><graphic url="No-MM_N0046-00-03r.jpg" width="2704px" height="4064px"></graphic><zone xml:id="imtArea_0" rendition="transcription" ulx="107" uly="740" lrx="2604" lry="3309" rend="visible"></zone></surface></facsimile>
 <text>
  <body>
   <div xml:id="imtImageAnnotations"><div corresp="#imtArea_0" type="imtAnnotation"><head>&#x00A0;</head><div>
    <p rend="extraAir"><handShift new="EM1"/>Hvordan jeg fandt på at male 
    <lb/>friser og vægmalerier</p>
    <p>I min kunst har jeg forsøgt 
    <lb/>at få forklart mig livet og dets 
    <lb/>mening &#x2013;</p>
    <p>Jeg har osså ment at hjælpe andre 
    <lb/>til at klarlægge sig livet</p>
    <p>Jeg har altid arbeidet bedst med
    <lb/>mine malerier om mig &#x2013;</p>
    <p>Jeg stillet dem sammen og følte
    <lb/>enkelte billeder havde forbindelse med
    <lb/>hverandre i inholdet &#x2013;</p>
    <p>Når de stilledes sammen gik der med
    <lb/>engang en klang igjennem dem og
    <lb/>de blev helt annerledes end enkeltvis
    <lb/>Det blev en symfoni</p>
    <p>Så fandt jeg på male friser</p>
    </div></div></div>
  </body>
 </text>
</TEI>
