<?xml version="1.0" encoding="UTF-8"?>
<!DOCTYPE TEI PUBLIC "-//TEI P5 MunchTEI//DTD TEI P5 Unified for Edvard Munch's Texts//EN" "file:/O:/Munchs tekster/Transkripsjoner/MunchTEI.dtd" >
<TEI xmlns="http://www.tei-c.org/ns/1.0" version="5.0" xml:id="No-MM_N0119-00-01r">
<teiHeader>
 <fileDesc>
<titleStmt>
<title>No-MM_N0119-00-01r.jpg</title>
</titleStmt>

<publicationStmt>
<p></p>
</publicationStmt>
<sourceDesc>
<p>4064 x 2704</p>
</sourceDesc>
 </fileDesc>
 <encodingDesc>


 
  <tagsDecl xml:id="imtAnnotationCategories"><rendition xml:id="transcription"><label>Contains the transcribed and TEI P5 encoded text of the objects</label><code rend="rectangle" lang="text/css">color: #ff0000</code></rendition><rendition xml:id="commentary"><label>Kommentarer</label><code rend="rectangle" lang="text/css">color: #00ff00</code></rendition><rendition xml:id="philologicalNotes"><label>Edisjonsfilologiske noter</label><code rend="rectangle" lang="text/css">color: #0000ff</code></rendition><rendition xml:id="textForSearch"><desc>transcriptional</desc><label>Søkbar tekst</label><code rend="rectangle" lang="text/css">color: #000000</code></rendition></tagsDecl><appInfo>
     <application ident="ImageMarkupTool01" version="1.8.1.3" notAfter="2009-04-20T13:47:25">
     <label>
     Image Markup Tool</label><desc>
     Tool for annotating images using TEI</desc><ref type="appURI" target="http://www.tapor.uvic.ca/~mholmes/image_markup/">
     </ref><ptr target="#imtAnnotatedImage"></ptr><ptr target="#imtImageAnnotations"></ptr><ptr target="#imtAnnotationCategories"></ptr></application>
     
     
     </appInfo></encodingDesc>
</teiHeader>
 <facsimile xml:id="imtAnnotatedImage"><surface><graphic url="No-MM_N0119-00-01r.jpg" width="4064px" height="2704px"></graphic><zone xml:id="imtArea_0" rendition="transcription" ulx="619" uly="241" lrx="3241" lry="2508" rend="visible"></zone><zone xml:id="imtArea_1" rendition="transcription" ulx="3167" uly="240" lrx="3471" lry="2537" rend="visible"></zone></surface></facsimile>
 <text>
  <body>
   <div xml:id="imtImageAnnotations"><div corresp="#imtArea_0" type="imtAnnotation"><head>&#x00A0;</head><div>
    <p><del rend="overstrike">En Tid</del></p>
    <p>År efter sidder jeg med en
    <lb/>Kvinde i en Restauran i <placeName key="pl90">Italien</placeName>
    <lb/>&#x2013; Kvinden stortutet og <del rend="overwritten"><gap/></del>jeg
    <lb/>var syg og ulykkelig &#x2013;</p>
    <p>Pludselig kommer en hvid kat
    <lb/>frem og ser på os &#x2013; <del rend="overstrike">og jeg s</del>
    <lb/>Kattens Blik var <del rend="overstrike">menne</del> et
    <lb/>Menneskes og jeg grøsser og sier
    <lb/>&#x2013; Hvis Du enda havde et
    <lb/>Blik som denne kat så jeg kunde
    <lb/>se Dig i Sjælen for Du har intet Blik</p>
     
   </div></div><div corresp="#imtArea_1" type="imtAnnotation"><head>&#x00A0;</head><div>
    <p rend="noIndent"><del rend="overwritten">og<gap/></del>dog heller jeg så hun var den hvide kat</p>
   </div></div></div>
  </body>
 </text>
</TEI>
