<?xml version="1.0" encoding="UTF-8"?>
<!DOCTYPE TEI PUBLIC "-//TEI P5 MunchTEI//DTD TEI P5 Unified for Edvard Munch's Texts//EN" "file:/O:/Munchs tekster/Transkripsjoner/MunchTEI.dtd" >
<TEI xmlns="http://www.tei-c.org/ns/1.0" version="5.0" xml:id="No-MM_N0133-00-01v">
<teiHeader>
 <fileDesc>
<titleStmt>
<title>No-MM_N0133-00-01v.jpg</title>
</titleStmt>

<publicationStmt>
<p></p>
</publicationStmt>
<sourceDesc>
<p>2704 x 4064</p>
</sourceDesc>
 </fileDesc>
 <encodingDesc>


 
  <tagsDecl xml:id="imtAnnotationCategories"><rendition xml:id="transcription"><label>Contains the transcribed and TEI P5 encoded text of the objects</label><code rend="rectangle" lang="text/css">color: #ff0000</code></rendition><rendition xml:id="commentary"><label>Kommentarer</label><code rend="rectangle" lang="text/css">color: #00ff00</code></rendition><rendition xml:id="philologicalNotes"><label>Edisjonsfilologiske noter</label><code rend="rectangle" lang="text/css">color: #0000ff</code></rendition><rendition xml:id="textForSearch"><desc>transcriptional</desc><label>Søkbar tekst</label><code rend="rectangle" lang="text/css">color: #000000</code></rendition></tagsDecl><appInfo>
     <application ident="ImageMarkupTool01" version="1.8.1.3" notAfter="2009-04-22T10:03:20">
     <label>
     Image Markup Tool</label><desc>
     Tool for annotating images using TEI</desc><ref type="appURI" target="http://www.tapor.uvic.ca/~mholmes/image_markup/">
     </ref><ptr target="#imtAnnotatedImage"></ptr><ptr target="#imtImageAnnotations"></ptr><ptr target="#imtAnnotationCategories"></ptr></application>
     
     
     </appInfo></encodingDesc>
</teiHeader>
 <facsimile xml:id="imtAnnotatedImage"><surface><graphic url="No-MM_N0133-00-01v.jpg" width="2704px" height="4064px"></graphic><zone xml:id="imtArea_0" rendition="transcription" ulx="302" uly="433" lrx="2354" lry="1610" rend="visible"></zone><zone xml:id="imtArea_1" rendition="transcription" ulx="326" uly="1682" lrx="2314" lry="2294" rend="visible"></zone></surface></facsimile>
 <text>
  <body>
   <div xml:id="imtImageAnnotations"><div corresp="#imtArea_0" type="imtAnnotation"><head>&#x00A0;</head><div>
    <p>Min tante arbeidet meget med pensel og
    <lb/>dekorerte møbler og annet &#x2013;</p>
    <p>Hun intresserte sig levende for hva jeg foretog
    <lb/>og for mine tegninger så det var vel meget
    <lb/>hennes skyld at min far bestemte sig for at
    <lb/>jeg skulde bli maler &#x2013;</p>
    <p>Hun var en meget behersket natur der
    <lb/>var en god modvægt mot <del rend="overstrike">vor arv</del> min fars
    <lb/>og vor arvede <del rend="overstrike">ner s</del> nervøse sind</p>
    
   </div></div><div corresp="#imtArea_1" type="imtAnnotation"><head>&#x00A0;</head><div>
    <p><handShift new="EM2"/>For <rs type="portrait" key="pe230">Jensen Hjells portræt</rs> fik jeg <del rend="overstrike">b</del> en middag <del rend="overwritten"><gap/></del>til 2
     <lb/>kroner på <del rend="overwritten">g</del><orgName key="i83">Grand</orgName> da det blev færdi &#x2013;</p>
    <p><persName key="pe594">Thaulow</persName> bød <persName key="pe230">Jensen Hjell</persName> 200 kr. for det
    <lb/><persName key="pe230">Jensen Hjell</persName> der selv var formuende afslog at la mig
    <lb/>få sælge det enda sligt var en kolegial sædvane</p>
    </div></div></div>
  </body>
 </text>
</TEI>
