<?xml version="1.0" encoding="UTF-8"?>
<!DOCTYPE TEI PUBLIC "-//TEI P5 MunchTEI//DTD TEI P5 Unified for Edvard Munch's Texts//EN" "file:/O:/Munchs tekster/Transkripsjoner/MunchTEI.dtd" >
<TEI xmlns="http://www.tei-c.org/ns/1.0" version="5.0" xml:id="No-MM_N0103-02">
<teiHeader>
 <fileDesc>
<titleStmt>
<title>No-MM_N0103-02.jpg</title>
</titleStmt>

<publicationStmt>
<p></p>
</publicationStmt>
<sourceDesc>
<p>2704 x 4064</p>
</sourceDesc>
 </fileDesc>
 <encodingDesc>


 
  <tagsDecl xml:id="imtAnnotationCategories"><rendition xml:id="transcription"><label>Contains the transcribed and TEI P5 encoded text of the objects</label><code rend="rectangle" lang="text/css">color: #ff0000</code></rendition><rendition xml:id="commentary"><label>Kommentarer</label><code rend="rectangle" lang="text/css">color: #00ff00</code></rendition><rendition xml:id="philologicalNotes"><label>Edisjonsfilologiske noter</label><code rend="rectangle" lang="text/css">color: #0000ff</code></rendition><rendition xml:id="textForSearch"><desc>transcriptional</desc><label>Søkbar tekst</label><code rend="rectangle" lang="text/css">color: #000000</code></rendition></tagsDecl><appInfo>
     <application ident="ImageMarkupTool01" version="1.8.1.3" notAfter="2009-04-03T11:03:58">
     <label>
     Image Markup Tool</label><desc>
     Tool for annotating images using TEI</desc><ref type="appURI" target="http://www.tapor.uvic.ca/~mholmes/image_markup/">
     </ref><ptr target="#imtAnnotatedImage"></ptr><ptr target="#imtImageAnnotations"></ptr><ptr target="#imtAnnotationCategories"></ptr></application>
     
     
     </appInfo></encodingDesc>
</teiHeader>
 <facsimile xml:id="imtAnnotatedImage"><surface><graphic url="No-MM_N0103-02.jpg" width="2704px" height="4064px"></graphic><zone xml:id="imtArea_0" rendition="transcription" ulx="394" uly="1272" lrx="2442" lry="3797" rend="visible"></zone></surface></facsimile>
 <text>
  <body>
   <div xml:id="imtImageAnnotations"><div corresp="#imtArea_0" type="imtAnnotation"><head>&#x00A0;</head><div>
    <p rend="extraAir">Han</p>
    <p rend="extraAir"><del rend="overstrike">Hvor vakkert</del></p>
    <p><del rend="overstrike">Når hun bøiede sig over
    <lb/>pianoet</del></p>
    <p>Han fulgte med øinene
    <lb/><del rend="overstrike">den</del> den bløde bøining af hendes
    <lb/>ryg og hals &#x2013; <del rend="overstrike">De</del> <del rend="overstrike">runde</del></p>
    <p>&#x2013; Når hun løftede hodet
    <lb/><del rend="overstrike">la der sig en <gap/></del> <del rend="overwritten"><gap/></del>dannedes en
    <lb/>hudfold i nakken &#x2013;</p>
    <p>Håret var strøget op i en knude
    <lb/>&#x2013; <del rend="overwritten"><gap/></del>Det <del rend="overstrike">var noget af det noget</del>
    <lb/>var det nøgne legemes</p>
    </div></div></div>
  </body>
 </text>
</TEI>
