<?xml version="1.0" encoding="UTF-8"?>
<!DOCTYPE TEI PUBLIC "-//TEI P5 MunchTEI//DTD TEI P5 Unified for Edvard Munch's Texts//EN" "file:/O:/Munchs tekster/Transkripsjoner/MunchTEI.dtd" >
<TEI xmlns="http://www.tei-c.org/ns/1.0" version="5.0" xml:id="No-MM_N0068-01">
<teiHeader>
 <fileDesc>
<titleStmt>
<title>No-MM_N0068-01.jpg</title>
</titleStmt>

<publicationStmt>
<p></p>
</publicationStmt>
<sourceDesc>
<p>2550 x 3509</p>
</sourceDesc>
 </fileDesc>
 <encodingDesc>


 
  <tagsDecl xml:id="imtAnnotationCategories"><rendition xml:id="transcription"><label>Contains the transcribed and TEI P5 encoded text of the objects</label><code rend="rectangle" lang="text/css">color: #ff0000</code></rendition><rendition xml:id="commentary"><label>Kommentarer</label><code rend="rectangle" lang="text/css">color: #00ff00</code></rendition><rendition xml:id="philologicalNotes"><label>Edisjonsfilologiske noter</label><code rend="rectangle" lang="text/css">color: #0000ff</code></rendition><rendition xml:id="textForSearch"><desc>transcriptional</desc><label>Søkbar tekst</label><code rend="rectangle" lang="text/css">color: #000000</code></rendition></tagsDecl><appInfo>
     <application ident="ImageMarkupTool01" version="1.8.1.4" notAfter="2011-11-16T11:48:27">
     <label>
     Image Markup Tool</label><desc>
     Tool for annotating images using TEI</desc><ref type="appURI" target="http://www.tapor.uvic.ca/~mholmes/image_markup/">
     </ref><ptr target="#imtAnnotatedImage"></ptr><ptr target="#imtImageAnnotations"></ptr><ptr target="#imtAnnotationCategories"></ptr></application>
     
     
     </appInfo></encodingDesc>
</teiHeader>
 <facsimile xml:id="imtAnnotatedImage"><surface><graphic url="No-MM_N0068-01.jpg" width="2550px" height="3509px"></graphic><zone xml:id="imtArea_0" rendition="transcription" ulx="353" uly="398" lrx="2398" lry="3505" rend="visible"></zone></surface></facsimile>
 <text>
  <body>
   <div xml:id="imtImageAnnotations"><div corresp="#imtArea_0" type="imtAnnotation"><head>&#x00A0;</head><div>
    <p>Jeg har hva jeg aldrig før har gjort imødegaaet 
    <lb/>kritikken &#x2013; dennegang &#x2013; fordi det gjælder et ungdoms-
    <lb/>arbeid der har optat så mange år af mit liv &#x2013;</p>
    <p>Det er det arbeide der har mødt mest haan og modstand 
    <lb/>og &#x2013; blit mishandlet &#x2013; har havt minst paaskjønnelse</p>
    <p>Jeg gjør det fordi jeg ikke ønsker det skal lykkes at 
    <lb/>få dette værk &#x00AB;abgebrannt&#x00BB; hverken om 10 år eller 100 
    <lb/>år &#x2013; selv om det har lidt skibsbrud</p>
    <p>Jeg ønsker ikke at det skal gå som opstandelsens 
    <lb/>værk til <ref type="lemma" target="co229">Rubek</ref> det frøs etsteds.</p>
    <p>&#x2013; Men jeg mener ikke at hr. <persName key="">Ødegaard</persName> skal kritisere den 
    <lb/>færdige frise &#x2013; men jeg mener at han burde efter at han 
    <lb/>læste mit brev forsøgt at gå ind i intentionerne for en 
    <lb/>fries og påpeket den muligheten det har &#x2013;</p>
    <p>Jeg mener intentionerne og mulighetene ligger så åpent 
    <lb/>i dagen at de omtrent kan bevises &#x2013;</p>
    <p rend="extraAir">Jeg har ikke</p>
    <p rend="extraAir"><add place="inline">(Dessuten &#x2013; finder han billederne udmærkede og frisen 
    <lb/>slet kunde han ha skrevet 3 spalter om billederne og 
    <lb/>3 linier om Frisen &#x2013; og ikke omvendt.)</add></p>
    <p>Billederne intereserte <persName key="pe218">Ibsen</persName> meget på min udstilling 
    <lb/>hos <orgName key="i92">Blomquist</orgName> <date when="1895">1895</date> &#x2013; Jeg  måtte vise han hvert billede &#x2013;</p>
    <p>Han interesserete sig meget for den unge mand som sidder 
    <lb/>melancholsk på en strand &#x2013; og for de tre kvinder som jeg 
    <lb/>kaldte Nonnen &#x2013; <del rend="overstrike">Livsglæden</del> skjøgen og kvinde med 
    <lb/>blomster &#x2013;</p>
    <p>Den tredelte kvinde</p> 
    <p><del rend="overstrike">Interesserte det Ibsen især</del> I <ref type="lemma" target="co243">de døde vaagner</ref> 
    <lb/>forekommer den samme tredeling</p>
    <p>I en scene der <persName key="pe218">Ibsens</persName> nonne (sygepleiersken) står i den 
     <lb/>åbne dør <ref type="lemma" target="co44">Irene</ref> står i trappen og <ref type="lemma" target="co17">Maja</ref> sidder på hans fang</p>
    <p>Med hensyn til <persName key="pe1217">Hauge</persName> &#x2013; Vi protesterer ikke mot kritikk &#x2013; Men <persName key="pe1217">Hauge</persName> kritiserer ikke det bestaar 
    <lb/>af haansord ukvæmsord og latter ligeoverfor de malere der
    <lb/>ikke dyrker hans diletantisk impotente opfatning af natur-
    <lb/>maleriet &#x2013;</p>    
   </div></div></div>
  </body>
 </text>
</TEI>