<?xml version="1.0" encoding="UTF-8"?>
<!DOCTYPE TEI PUBLIC "-//TEI P5 MunchTEI//DTD TEI P5 Unified for Edvard Munch's Texts//EN" "file:/O:/Munchs tekster/Transkripsjoner/MunchTEI.dtd" >
<TEI xmlns="http://www.tei-c.org/ns/1.0" version="5.0" xml:id="No-MM_N0024-03">
<teiHeader>
 <fileDesc>
<titleStmt>
<title>No-MM_N0024-03.jpg</title>
</titleStmt>

<publicationStmt>
<p></p>
</publicationStmt>
<sourceDesc>
<p>2704 x 4064</p>
</sourceDesc>
 </fileDesc>
 <encodingDesc>


 
  <tagsDecl xml:id="imtAnnotationCategories"><rendition xml:id="transcription"><label>Contains the transcribed and TEI P5 encoded text of the objects</label><code rend="rectangle" lang="text/css">color: #ff0000</code></rendition><rendition xml:id="commentary"><label>Kommentarer</label><code rend="rectangle" lang="text/css">color: #00ff00</code></rendition><rendition xml:id="philologicalNotes"><label>Edisjonsfilologiske noter</label><code rend="rectangle" lang="text/css">color: #0000ff</code></rendition><rendition xml:id="textForSearch"><desc>transcriptional</desc><label>Søkbar tekst</label><code rend="rectangle" lang="text/css">color: #000000</code></rendition></tagsDecl><appInfo>
     <application ident="ImageMarkupTool01" version="1.8.1.2" notAfter="2009-03-18T13:22:34">
     <label>
     Image Markup Tool</label><desc>
     Tool for annotating images using TEI</desc><ref type="appURI" target="http://www.tapor.uvic.ca/~mholmes/image_markup/">
     </ref><ptr target="#imtAnnotatedImage"></ptr><ptr target="#imtImageAnnotations"></ptr><ptr target="#imtAnnotationCategories"></ptr></application>
     
     
     </appInfo></encodingDesc>
</teiHeader>
 <facsimile xml:id="imtAnnotatedImage"><surface><graphic url="No-MM_N0024-03.jpg" width="2704px" height="4064px"></graphic><zone xml:id="imtArea_0" rendition="transcription" ulx="228" uly="360" lrx="2476" lry="3816" rend="visible"></zone></surface></facsimile>
 <text>
  <body>
   <div xml:id="imtImageAnnotations"><div corresp="#imtArea_0" type="imtAnnotation"><head>&#x00A0;</head><div>
    <p rend="noIndent"><del rend="overstrike">j</del> mørke gangene, overskygget af 
    <lb/>palmer og kak<del rend="overwritten">u</del>tusser &#x2013; Jeg var 
    <lb/>næsten glad &#x2013; for jeg nu var jeg 
    <lb/>da helbredet &#x2013; Jeg skulde begynde på 
    <lb/>mi<del rend="overwritten"><gap/></del>t arbeide igjen &#x2013; <del rend="overstrike">hvor det var
    <lb/>rart</del> &#x2013; <del rend="overstrike">jeg ved at hver</del> <gap reason="scribble"/> jeg mødte 
    <lb/>uafladeli disse vagterne &#x2013; <del rend="overstrike">i ha</del>
    <lb/>&#x2013; <del rend="overstrike">disse som</del> disse som passet på 
    <lb/>at ingen <del rend="overstrike">skjød sig</del> dræbte sig 
    <lb/>i haven &#x2013; eller som sørget for at 
    <lb/>ta kadaverne væk så snart som 
    <lb/>mulig &#x2013; forat ikke</p>
    <p><del rend="overstrike"><del rend="overwritten"><gap/></del>Så fra traf jeg pludseli min
    <lb/>ven &#x2013; jeg fik låne noen penger
    <lb/>af ham &#x2013;</del></p>
    <p>Så gik jeg nu igjen i <del rend="overstrike">huset</del>
    <lb/>salen forat træffe min ven 
    <lb/>&#x2013; han sto ved boret &#x2013; hed og nervøs &#x2013; 
    <lb/>&#x2013; Jeg er gal &#x2013; aldeles gal &#x2013; jeg kan 
    <lb/>ikke for &#x2013; det han hevet penger 
    <lb/><unclear reason="writing">for fra</unclear> tabte og tabte</p>
    <p>Jeg fik låne &#x2013; noen franc af ham 
    <lb/>&#x2013; jeg <unclear reason="writing">hevet</unclear> på &#x2013; og atter vandt jeg &#x2013; 
    <lb/>Nu hadde jeg den følelse <unclear reason="writing">af at jeg og</unclear></p>
    </div></div></div>
  </body>
 </text>
</TEI>
