<?xml version="1.0" encoding="UTF-8"?>
<!DOCTYPE TEI PUBLIC "-//TEI P5 MunchTEI//DTD TEI P5 Unified for Edvard Munch's Texts//EN" "file:/O:/Munchs tekster/Transkripsjoner/MunchTEI.dtd" >
<TEI xmlns="http://www.tei-c.org/ns/1.0" version="5.0" xml:id="No-MM_N0089-00-01r">
<teiHeader>
 <fileDesc>
<titleStmt>
<title>No-MM_N0089-00-01r.jpg</title>
</titleStmt>

<publicationStmt>
<p></p>
</publicationStmt>
<sourceDesc>
<p>2704 x 4064</p>
</sourceDesc>
 </fileDesc>
 <encodingDesc>


 
  <tagsDecl xml:id="imtAnnotationCategories"><rendition xml:id="transcription"><label>Contains the transcribed and TEI P5 encoded text of the objects</label><code rend="rectangle" lang="text/css">color: #ff0000</code></rendition><rendition xml:id="commentary"><label>Kommentarer</label><code rend="rectangle" lang="text/css">color: #00ff00</code></rendition><rendition xml:id="philologicalNotes"><label>Edisjonsfilologiske noter</label><code rend="rectangle" lang="text/css">color: #0000ff</code></rendition><rendition xml:id="textForSearch"><desc>transcriptional</desc><label>Søkbar tekst</label><code rend="rectangle" lang="text/css">color: #000000</code></rendition></tagsDecl><appInfo>
     <application ident="ImageMarkupTool01" version="1.8.1.3" notAfter="2009-03-27T14:05:08">
     <label>
     Image Markup Tool</label><desc>
     Tool for annotating images using TEI</desc><ref type="appURI" target="http://www.tapor.uvic.ca/~mholmes/image_markup/">
     </ref><ptr target="#imtAnnotatedImage"></ptr><ptr target="#imtImageAnnotations"></ptr><ptr target="#imtAnnotationCategories"></ptr></application>
     
     
     </appInfo></encodingDesc>
</teiHeader>
 <facsimile xml:id="imtAnnotatedImage"><surface><graphic url="No-MM_N0089-00-01r.jpg" width="2704px" height="4064px"></graphic><zone xml:id="imtArea_0" rendition="transcription" ulx="151" uly="1022" lrx="2521" lry="3440" rend="visible"></zone></surface></facsimile>
 <text>
  <body>
   <div xml:id="imtImageAnnotations"><div corresp="#imtArea_0" type="imtAnnotation"><head>&#x00A0;</head><div>
    <p>Jeg forstår ikke hvorledes 
    <lb/><orgName key="i20">Kunst og kultur</orgName> har fåt tag i 
    <lb/>fotografiet til arbeiderbilledet (såkaldt 
    <lb/>raadhusdekoration) Jeg har altid nægtet 
    <lb/>at reproducere de billeder der er under 
    <lb/>arbeide &#x2013; Dette er jo osså selvsagt.
    <lb/>Det kan jo benyttes af andre og et 
    <lb/>påbegyndt billede er ikke morsomt at 
    <lb/>ha reproduceret &#x2013;</p>
    <p>Nu har jeg da endeli fåt mine 
    <lb/>fotografier <del rend="overwritten"><gap/></del>bragt ut til mig.</p>
    <p>En slig revue af fagbilleder 
    <lb/>(eller sportsbilleder som de kaldes i <placeName key="pl171">England</placeName>) 
    <lb/>er jeg ikke så ganske sikker på er 
    <lb/>kunstnerisk &#x2013; Der kommer alt muligt</p>
    </div></div></div>
  </body>
 </text>
</TEI>
