<?xml version="1.0" encoding="UTF-8"?>
<!DOCTYPE TEI PUBLIC "-//TEI P5 MunchTEI//DTD TEI P5 Unified for Edvard Munch's Texts//EN" "file:/O:/Munchs tekster/Transkripsjoner/MunchTEI.dtd" >
<TEI xmlns="http://www.tei-c.org/ns/1.0" version="5.0" xml:id="No-MM_N0112-01">
<teiHeader>
 <fileDesc>
<titleStmt>
<title>No-MM_N0112-01.jpg</title>
</titleStmt>

<publicationStmt>
<p></p>
</publicationStmt>
<sourceDesc>
<p>2704 x 4064</p>
</sourceDesc>
 </fileDesc>
 <encodingDesc>


 
  <tagsDecl xml:id="imtAnnotationCategories"><rendition xml:id="transcription"><label>Contains the transcribed and TEI P5 encoded text of the objects</label><code rend="rectangle" lang="text/css">color: #ff0000</code></rendition><rendition xml:id="commentary"><label>Kommentarer</label><code rend="rectangle" lang="text/css">color: #00ff00</code></rendition><rendition xml:id="philologicalNotes"><label>Edisjonsfilologiske noter</label><code rend="rectangle" lang="text/css">color: #0000ff</code></rendition><rendition xml:id="textForSearch"><desc>transcriptional</desc><label>Søkbar tekst</label><code rend="rectangle" lang="text/css">color: #000000</code></rendition></tagsDecl><appInfo>
     <application ident="ImageMarkupTool01" version="1.8.1.3" notAfter="2009-04-14T09:57:53">
     <label>
     Image Markup Tool</label><desc>
     Tool for annotating images using TEI</desc><ref type="appURI" target="http://www.tapor.uvic.ca/~mholmes/image_markup/">
     </ref><ptr target="#imtAnnotatedImage"></ptr><ptr target="#imtImageAnnotations"></ptr><ptr target="#imtAnnotationCategories"></ptr></application>
     
     
     </appInfo></encodingDesc>
</teiHeader>
 <facsimile xml:id="imtAnnotatedImage"><surface><graphic url="No-MM_N0112-01.jpg" width="2704px" height="4064px"></graphic><zone xml:id="imtArea_0" rendition="transcription" ulx="199" uly="732" lrx="2394" lry="3671" rend="visible"></zone></surface></facsimile>
 <text>
  <body>
   <div xml:id="imtImageAnnotations"><div corresp="#imtArea_0" type="imtAnnotation"><head>&#x00A0;</head><div>
    <p>Der var gået 8 dage siden han tog farvel
    <lb/>med hende <del rend="overstrike">under</del> i skoven <del rend="overwritten"><gap/></del>ved grønlien</p> 
    <p>Intet hadde han hørt<seg type="interpunctionalSpace"/>intet set til hende
    <lb/>De første dagene da han var optat med at hilse
    <lb/>på sine venner var gået nogenlunde &#x2013; men så var
    <lb/>der kommen en fortærende længsel <del rend="overstrike">s</del> som ikke gav
    <lb/>ham ro dag eller nat &#x2013; det var</p>
   <figure rend="shortHorizRule"/>
    <p>Det var gået 8 dage siden han tok farvel med hende
    <lb/>i skoven ved grønlien &#x2013;</p>
    <p>Intet hadde han hørt ell<del rend="overwritten"><gap/></del>er set til hende.
    <lb/>De første dagene <del rend="overstrike">var</del> gik enda an<seg type="interpunctionalSpace"/>han var optat
    <lb/>med at hilse på sine venner &#x2013; og han moret sig ved
    <lb/>se på damerne &#x2013; han sto ved gatehjørnene og så
    <lb/>på dem <del rend="overstrike">overlegent</del> dristiere end før &#x2013; smilte og
    <lb/>fik smil &#x2013;</p>
    <p><ref type="lemma" target="co6">Brandt</ref> har fåt noe i øinene sier så <del rend="overstrike"><ref type="lemma" target="co6">Brandt</ref></del>
    <lb/><persName key="pe271">Krohg</persName> en dag på <orgName key="i83">Grand</orgName> &#x2013; til en af sine venner &#x2013; han
    <lb/><del rend="overwritten"><gap/></del>har nok fåt fruntimmer &#x2013;</p>
    <p>(Så var længselen kommet <add place="supralinear">me engang</add> fortæ<del rend="overwritten"><gap/></del>rende &#x2013; <del rend="overstrike">den</del>
    <lb/>en længsel der ikke ga ham fred et øieblik &#x2013; dag eller nat)</p>
    <p>Han var oppe hos <persName key="pe746">Petersen</persName> &#x2013; <del rend="overstrike">som altid kom samtalen
    <lb/>in på hende &#x2013; og så viste</del> Han så i hans
    <lb/>album &#x2013; han så hendes port<del rend="overwritten"><gap/></del>ræt &#x2013;</p>
    <p><del rend="overstrike">Album</del> Hun var i helfigur &#x2013; enkel &#x2013; med et
    <lb/>alvorligt udtryk &#x2013; <add place="supralinear">næsten lidt trist</add> Det var hende derute i
    <lb/>skoven &#x2013; sån som han holdt a hende høiest</p>
    <p>Og en sær &#x2013; <del rend="overstrike">fornæmmelse af inderli medlidenhed med hen<gap reason="damage"/></del></p>
    </div></div></div>
  </body>
 </text>
</TEI>
