<?xml version="1.0" encoding="UTF-8"?>
<!DOCTYPE TEI PUBLIC "-//TEI P5 MunchTEI//DTD TEI P5 Unified for Edvard Munch's Texts//EN" "file:/O:/Munchs tekster/Transkripsjoner/MunchTEI.dtd" >
<TEI xmlns="http://www.tei-c.org/ns/1.0" version="5.0" xml:id="No-MM_N0122-00-01r">
<teiHeader>
 <fileDesc>
<titleStmt>
<title>No-MM_N0122-00-01r.jpg</title>
</titleStmt>

<publicationStmt>
<p></p>
</publicationStmt>
<sourceDesc>
<p>2704 x 4064</p>
</sourceDesc>
 </fileDesc>
 <encodingDesc>


 
  <tagsDecl xml:id="imtAnnotationCategories"><rendition xml:id="transcription"><label>Contains the transcribed and TEI P5 encoded text of the objects</label><code rend="rectangle" lang="text/css">color: #ff0000</code></rendition><rendition xml:id="commentary"><label>Kommentarer</label><code rend="rectangle" lang="text/css">color: #00ff00</code></rendition><rendition xml:id="philologicalNotes"><label>Edisjonsfilologiske noter</label><code rend="rectangle" lang="text/css">color: #0000ff</code></rendition><rendition xml:id="textForSearch"><desc>transcriptional</desc><label>Søkbar tekst</label><code rend="rectangle" lang="text/css">color: #000000</code></rendition></tagsDecl><appInfo>
     <application ident="ImageMarkupTool01" version="1.8.1.3" notAfter="2009-04-15T14:10:34">
     <label>
     Image Markup Tool</label><desc>
     Tool for annotating images using TEI</desc><ref type="appURI" target="http://www.tapor.uvic.ca/~mholmes/image_markup/">
     </ref><ptr target="#imtAnnotatedImage"></ptr><ptr target="#imtImageAnnotations"></ptr><ptr target="#imtAnnotationCategories"></ptr></application>
     
     
     </appInfo></encodingDesc>
</teiHeader>
 <facsimile xml:id="imtAnnotatedImage"><surface><graphic url="No-MM_N0122-00-01r.jpg" width="2704px" height="4064px"></graphic><zone xml:id="imtArea_0" rendition="transcription" ulx="143" uly="362" lrx="2636" lry="3523" rend="visible"></zone></surface></facsimile>
 <text>
  <body>
   <div xml:id="imtImageAnnotations"><div corresp="#imtArea_0" type="imtAnnotation"><head>&#x00A0;</head><div>
    <p rend="extraAir"><hi rend="underlined"><ref type="note">*</ref> Lad legemet dø men red sjælen</hi></p>
    <p>Det første skrik (Nu i <orgName key="i142">Thielska galleriet</orgName>)
    <lb/>Kys (ved vinduet <del rend="overwritten"><gap/></del>Zypresse utenfor <del rend="overwritten">t</del>og tilhørende <persName key="pe356">Mustad</persName>)</p>
    <p>Det første <del rend="overstrike">Melan</del> &#x00AB;ved Stranden&#x00BB; (En man<del rend="overwritten"><gap/></del>d i melancholi
    <lb/>ved stranden eller den gule baaten) <del rend="overwritten"><gap/></del>Alle tilhørende
    <lb/>livsfrisen var malt <del rend="overstrike"><date when="1900">1900</date></del> <date when="1891">1891</date> i <placeName key="pl70">Nizza</placeName>
    <lb/>Kys og wampyr <add place="supralinear">og <del rend="overwritten">k</del>mand og kvinne ved stranden</add> er utført i tegninger og
    <lb/>maleri (Kys) i forskjellige udkast fra <date when="1884">1884</date>
    <lb/>Aske ligeledes i tegning fra <date when="1884">1884</date>.
    <lb/>Det <del rend="overstrike">fulgte</del> blev udført samtidig <del rend="overwritten"><gap/></del>med
    <lb/><del rend="overstrike">en</del> delvis impresioniske delvis <del rend="overwritten"><gap/></del>psychologiske
    <lb/>(Psych<del rend="overwritten"><gap/></del>oanalytitiske) optegnelser &#x2013; <add place="inBetweenLines">tænkt at
    <lb/>ilustreres med lithografier i et stort værk</add></p>
    <p>Jeg begynte som impresionist men under
    <lb/>de heftige sjæls og livsbrytninger i Bohemtiden
    <lb/><del rend="overstrike">kom</del> <del rend="overstrike">blev</del> <del rend="overwritten">var</del>gav impressionismen mig ikke
    <lb/>udtryk nok <del rend="overwritten"><gap/></del>Jeg måtte søge udtryk for
    <lb/>hva bevæget mit sind &#x2013;
    <lb/>Dertil bidrog omgang med <persName key="pe236">Hans Jæger</persName> &#x2013;
    <lb/>(male sit eget liv)</p>
    <p>Det første brud med impresionismen var
    <lb/>det syge barn &#x2013; Jeg søgte udtrykket (expresionisme)
    <lb/>Da det gav mig vanskeligheder <del rend="overstrike">med</del> <del rend="overstrike">min</del>
    <lb/>at forene det med min impresionisme &#x2013; blev det
    <lb/>ufærdigt efter circa 20 omarbeidelser &#x2013; (Derfor kunde
    <lb/>jeg senere så ofte <del rend="overstrike">gjengive det</del> gjentage det da jeg derved
    <lb/><del rend="overstrike">kunde</del> mente at kunde få frem hva jeg ville ha<del rend="overwritten">t</del>vt</p>
    </div></div></div>
  </body>
 </text>
</TEI>