<?xml version="1.0" encoding="UTF-8"?>
<!DOCTYPE TEI PUBLIC "-//TEI P5 MunchTEI//DTD TEI P5 Unified for Edvard Munch's Texts//EN" "file:/O:/Munchs tekster/Transkripsjoner/MunchTEI.dtd" >
<TEI xmlns="http://www.tei-c.org/ns/1.0" version="5.0" xml:id="No-MM_N0143-00-01r">
<teiHeader>
 <fileDesc>
<titleStmt>
<title>No-MM_N0143-00-01r.jpg</title>
</titleStmt>

<publicationStmt>
<p></p>
</publicationStmt>
<sourceDesc>
<p>2704 x 4064</p>
</sourceDesc>
 </fileDesc>
 <encodingDesc>


 
  <tagsDecl xml:id="imtAnnotationCategories"><rendition xml:id="transcription"><label>Contains the transcribed and TEI P5 encoded text of the objects</label><code rend="rectangle" lang="text/css">color: #ff0000</code></rendition><rendition xml:id="commentary"><label>Kommentarer</label><code rend="rectangle" lang="text/css">color: #00ff00</code></rendition><rendition xml:id="philologicalNotes"><label>Edisjonsfilologiske noter</label><code rend="rectangle" lang="text/css">color: #0000ff</code></rendition><rendition xml:id="textForSearch"><desc>transcriptional</desc><label>Søkbar tekst</label><code rend="rectangle" lang="text/css">color: #000000</code></rendition></tagsDecl><appInfo>
     <application ident="ImageMarkupTool01" version="1.8.1.3" notAfter="2009-04-23T13:52:08">
     <label>
     Image Markup Tool</label><desc>
     Tool for annotating images using TEI</desc><ref type="appURI" target="http://www.tapor.uvic.ca/~mholmes/image_markup/">
     </ref><ptr target="#imtAnnotatedImage"></ptr><ptr target="#imtImageAnnotations"></ptr><ptr target="#imtAnnotationCategories"></ptr></application>
     
     
     </appInfo></encodingDesc>
</teiHeader>
 <facsimile xml:id="imtAnnotatedImage"><surface><graphic url="No-MM_N0143-00-01r.jpg" width="2704px" height="4064px"></graphic><zone xml:id="imtArea_0" rendition="transcription" ulx="318" uly="684" lrx="2441" lry="3909" rend="visible"></zone></surface></facsimile>
 <text>
  <body>
   <div xml:id="imtImageAnnotations"><div corresp="#imtArea_0" type="imtAnnotation"><head>&#x00A0;</head><div>
    <p>Det er mig umuligt &#x2013; og med årene
    <lb/>blir det enda værre &#x2013; at tilfredsstille de indviklede
    <lb/>krav der stilles til mig af skattenævnden.
    <lb/>Selv ikke med de bedste advokaters hjælp &#x2013;</p>
    <p>Jeg har efterhånden fåt et meget indviklet
    <lb/>og kostbart apparat til min kunstneriske
    <lb/>virksomhet der jo indbefatter store dekorative
    <lb/>arbeider (som livsfrisen og den engang planlagte
    <lb/>raadhusdekoration &#x2013; ligeledes fortsatte arbeider
     <lb/>på <ref type="lemma" target="co2">Aula billederne</ref>) som grafiske arbeider
    <lb/>hvortil jeg har to store presser &#x2013;</p>
    <p>Nu blir det nok nødvendigt for mig
    <lb/>at indskrænke mig meget, hvis de
    <lb/>samme krav stilles mig &#x2013;</p>
    <p>Nu vil følgende indtræde: &#x2013; Med dette
    <lb/>store apparat kan jeg ganske anderledes
    <lb/>arbeide og osså sælge &#x2013; Hvis jeg nedlægger
    <lb/>atelierer <del rend="overstrike">og</del> og blot skaffer mig et mindre
    <lb/>rum, vil <del rend="overstrike">de</del> arbeidet og salget blive meget
    <lb/>vanskeli &#x2013; De over tyve år jeg har havt dette
    <lb/>apparat har jo vist at jeg arbeidet meget
    <lb/>og solgt meget &#x2013; Jeg har vel kanske gjennemsnitlig
    <lb/>betalt 14,000 kr i skat pr år &#x2013; Det er de senere år
    <lb/>vært mindre salg &#x2013; Det kommer af at jeg praktisk
    <lb/>talt helt har sluttet <del rend="overstrike">ar</del> at arbeide og dette har
    <lb/>sine grunde i megen forstyrrelse af al art fra
    <lb/>folk mest i <placeName key="pl1">Vestre Aker</placeName> og jeg vil si det vanskelige arbeide
    <lb/>med skatteligningen har osså gjort adskilligt</p>
    </div></div></div>
  </body>
 </text>
</TEI>
