<?xml version="1.0" encoding="UTF-8"?>
<!DOCTYPE TEI PUBLIC "-//TEI P5 MunchTEI//DTD TEI P5 Unified for Edvard Munch's Texts//EN" "file:/O:/Munchs tekster/Transkripsjoner/MunchTEI.dtd" >
<TEI xmlns="http://www.tei-c.org/ns/1.0" version="5.0" xml:id="No-MM_N0024-04">
<teiHeader>
 <fileDesc>
<titleStmt>
<title>No-MM_N0024-04.jpg</title>
</titleStmt>

<publicationStmt>
<p></p>
</publicationStmt>
<sourceDesc>
<p>2704 x 4064</p>
</sourceDesc>
 </fileDesc>
 <encodingDesc>


 
  <tagsDecl xml:id="imtAnnotationCategories"><rendition xml:id="transcription"><label>Contains the transcribed and TEI P5 encoded text of the objects</label><code rend="rectangle" lang="text/css">color: #ff0000</code></rendition><rendition xml:id="commentary"><label>Kommentarer</label><code rend="rectangle" lang="text/css">color: #00ff00</code></rendition><rendition xml:id="philologicalNotes"><label>Edisjonsfilologiske noter</label><code rend="rectangle" lang="text/css">color: #0000ff</code></rendition><rendition xml:id="textForSearch"><desc>transcriptional</desc><label>Søkbar tekst</label><code rend="rectangle" lang="text/css">color: #000000</code></rendition></tagsDecl><appInfo>
     <application ident="ImageMarkupTool01" version="1.8.1.2" notAfter="2009-03-18T13:23:47">
     <label>
     Image Markup Tool</label><desc>
     Tool for annotating images using TEI</desc><ref type="appURI" target="http://www.tapor.uvic.ca/~mholmes/image_markup/">
     </ref><ptr target="#imtAnnotatedImage"></ptr><ptr target="#imtImageAnnotations"></ptr><ptr target="#imtAnnotationCategories"></ptr></application>
     
     
     </appInfo></encodingDesc>
</teiHeader>
 <facsimile xml:id="imtAnnotatedImage"><surface><graphic url="No-MM_N0024-04.jpg" width="2704px" height="4064px"></graphic><zone xml:id="imtArea_0" rendition="transcription" ulx="140" uly="360" lrx="2420" lry="3920" rend="visible"></zone><zone xml:id="imtArea_1" rendition="transcription" ulx="2304" uly="244" lrx="2560" lry="3872" rend="visible"></zone></surface></facsimile>
 <text>
  <body>
   <div xml:id="imtImageAnnotations"><div corresp="#imtArea_0" type="imtAnnotation"><head>&#x00A0;</head><div>
    <p rend="noIndent">skjæbnen var venner &#x2013; <del rend="overstrike">jeg den f<gap/>
    <lb/>behagelig følelse af penger</del> 
    <lb/>skuftedes til mig &#x2013; men bunken 
    <lb/>ble større og større &#x2013; <add place="inBetweenLines" hand="EM2"><del rend="overstrike">Jeg</del> I buxel<del rend="overwritten">u</del>ommen 
    <lb/>i vestelommen &#x2013; allesteds ligger <del rend="overstrike">p</del>
    <lb/>guld og sølv</add>
     <lb/><del rend="overstrike">Kom la os gå &#x2013; <gap reason="writing"/> <gap reason="writing"/> <gap reason="writing"/>
    <lb/>han hadde tabt hele tiden</del></p>
    <p rend="extraAir"><del rend="overstrike">Nei Nei jeg bl</del></p>
    <p><del rend="overstrike">Jeg</del> Er det inb<del rend="overwritten">l</del>ildning eller 
    <lb/>virkelighed &#x2013; alle mennesker 
    <lb/>taler om rouge og <del rend="overwritten"><gap/></del>noir &#x2013; om 
    <lb/><placeName key="pl108">Monte Carlo</placeName> &#x2013; <del rend="overstrike">Jeg holder ingen</del>
    <lb/>Da jeg <del rend="overstrike">ho</del> engang holdt af en 
    <lb/>kvinde syntes jeg alle lignet 
    <lb/>hende &#x2013; syntes jeg alle <del rend="overwritten">s</del>talte om 
    <lb/>hende &#x2013; I <del rend="overwritten"><gap/></del>kupeen &#x2013; <del rend="overstrike"><gap/></del>
    <lb/>i sidekupeerne hører jeg blot 
    <lb/>snak om rouge &#x2013; noir &#x2013; 30 <unclear rend="writing">karath</unclear>
    <lb/>&#x2013; gange &#x2013; perdre &#x2013; rouletten &#x2013;</p>
    <p>Jeg <del rend="overstrike">hører</del> drømmer om <del rend="overwritten"><gap/></del>det om natten 
    <lb/>&#x2013; hører jeg noen snakke på gangen 
    <lb/>er det <placeName key="pl108">Monte Carlo</placeName> &#x2013; rouge &#x2013; noir</p>
    <p>Jeg brænder i kinderne &#x2013; jeg ser 
    <lb/>hvor mine øine er betændte &#x2013; 
    <lb/><add place="supralinear">Når jeg</add> <del rend="overwritten">A</del>aligevel &#x2013; det er en rus &#x2013; det er 
    <lb/><del rend="overstrike">godt</del> godt at glemme &#x2013; alt som nager</p>
    
   </div></div><div corresp="#imtArea_1" type="imtAnnotation"><head>&#x00A0;</head><div>
    <p>Når jeg vågner <del rend="overstrike"><gap/></del> i svedebad om morgenen &#x2013; før <del rend="overstrike">det</del> striben <del rend="overstrike"><gap/></del> ved 
    <lb/>vinduet er <del rend="overstrike">bleven</del> begyndt at lysne hører jeg snak om penger i <placeName key="pl108">Monte Carlo</placeName></p>
    
   </div></div></div>
  </body>
 </text>
</TEI>
