<?xml version="1.0" encoding="UTF-8"?>
<!DOCTYPE TEI PUBLIC "-//TEI P5 MunchTEI//DTD TEI P5 Unified for Edvard Munch's Texts//EN" "file:/O:/Munchs tekster/Transkripsjoner/MunchTEI.dtd" >
<TEI xmlns="http://www.tei-c.org/ns/1.0" version="5.0" xml:id="No-MM_N0051-00-02r">
<teiHeader>
 <fileDesc>
<titleStmt>
<title>No-MM_N0051-00-02r.jpg</title>
</titleStmt>

<publicationStmt>
<p></p>
</publicationStmt>
<sourceDesc>
<p>2704 x 4064</p>
</sourceDesc>
 </fileDesc>
 <encodingDesc>


 
  <tagsDecl xml:id="imtAnnotationCategories"><rendition xml:id="transcription"><label>Contains the transcribed and TEI P5 encoded text of the objects</label><code rend="rectangle" lang="text/css">color: #ff0000</code></rendition><rendition xml:id="commentary"><label>Kommentarer</label><code rend="rectangle" lang="text/css">color: #00ff00</code></rendition><rendition xml:id="philologicalNotes"><label>Edisjonsfilologiske noter</label><code rend="rectangle" lang="text/css">color: #0000ff</code></rendition><rendition xml:id="textForSearch"><desc>transcriptional</desc><label>Søkbar tekst</label><code rend="rectangle" lang="text/css">color: #000000</code></rendition></tagsDecl><appInfo>
     <application ident="ImageMarkupTool01" version="1.8.1.3" notAfter="2009-03-23T15:03:33">
     <label>
     Image Markup Tool</label><desc>
     Tool for annotating images using TEI</desc><ref type="appURI" target="http://www.tapor.uvic.ca/~mholmes/image_markup/">
     </ref><ptr target="#imtAnnotatedImage"></ptr><ptr target="#imtImageAnnotations"></ptr><ptr target="#imtAnnotationCategories"></ptr></application>
     
     
     </appInfo></encodingDesc>
</teiHeader>
 <facsimile xml:id="imtAnnotatedImage"><surface><graphic url="No-MM_N0051-00-02r.jpg" width="2704px" height="4064px"></graphic><zone xml:id="imtArea_0" rendition="transcription" ulx="80" uly="469" lrx="2629" lry="3734" rend="visible"></zone></surface></facsimile>
 <text>
  <body>
   <div xml:id="imtImageAnnotations"><div corresp="#imtArea_0" type="imtAnnotation"><head>&#x00A0;</head><div>
    <p>Jeg skal citere <del rend="overstrike">de</del> n<del rend="overwritten"><gap/></del>ogle udtalelser i den 
    <lb/>lange artikkel <del rend="overwritten"><gap/></del>&#x2013;</p>
    <p>Efter nogle få ord med ros og klander <del rend="overstrike">så
    <lb/>kommer</del> om mine <ref type="lemma" target="co2">Aula billeder</ref> kommer 
    <lb/>følgende mærkelige <del rend="overstrike"><gap/></del> påstand der er 
    <lb/>egnet til bevise min olietekniks svaghed:
    <lb/><add place="inBetweenLines">og er egnet til at skade mig</add></p>
    <p>&#x00AB;Efter hårde kamper blev <ref type="lemma" target="co2">Aulabillederne</ref> 
    <lb/>i <date when="1916">1916</date> <add place="supralinear">antat</add>. For noen år siden 
    <lb/>måtte billederne tas ned forat 
     <lb/>restaureres&#x00BB;</p>
    <p>Dette har intet med sandheten at gjøre
    <lb/><del rend="overstrike">gjøre og er</del> Intet fresco maleri vil 
    <lb/>holde sig bedre end disse billeder &#x2013;
    <lb/>De er malte på <orgName key="i316">Block Bryssel</orgName> kjæmpelærred 
    <lb/>og som efter krigen ikke mer er at 
    <lb/>få. Det er malt med <orgName key="i289">Windsor og Newtons</orgName> 
    <lb/>ypperlige <del rend="overstrike">malin</del> farver for staffeli maleri 
    <lb/>og billederne er isolerede og sikrede for ødeleggelse.</p>
    <p>Billederne blev tat ned forat renses
     <lb/>f<del rend="overwritten">ra</del>or sot fra centralovnen og ferniseret samt 
    <lb/>spændt på rammer &#x2013; Det er hva <del rend="overstrike">hva</del> man 
    <lb/>gjør med ethvert oliemaleri &#x2013;</p>
    <p>Det skal altså bevise min letfærdige <del rend="overstrike"><gap/></del> sludskede 
    <lb/>teknik og oliemaleriets uheldie anvendelse i dekorativ kunst</p>
    </div></div></div>
  </body>
 </text>
</TEI>
