<?xml version="1.0" encoding="UTF-8"?>
<!DOCTYPE TEI PUBLIC "-//TEI P5 MunchTEI//DTD TEI P5 Unified for Edvard Munch's Texts//EN" "file:/O:/Munchs tekster/Transkripsjoner/MunchTEI.dtd" >
<TEI xmlns="http://www.tei-c.org/ns/1.0" version="5.0" xml:id="No-MM_N0120-03">
<teiHeader>
 <fileDesc>
<titleStmt>
<title>No-MM_N0120-03.jpg</title>
</titleStmt>

<publicationStmt>
<p></p>
</publicationStmt>
<sourceDesc>
<p>2704 x 4064</p>
</sourceDesc>
 </fileDesc>
 <encodingDesc>


 
  <tagsDecl xml:id="imtAnnotationCategories"><rendition xml:id="transcription"><label>Contains the transcribed and TEI P5 encoded text of the objects</label><code rend="rectangle" lang="text/css">color: #ff0000</code></rendition><rendition xml:id="commentary"><label>Kommentarer</label><code rend="rectangle" lang="text/css">color: #00ff00</code></rendition><rendition xml:id="philologicalNotes"><label>Edisjonsfilologiske noter</label><code rend="rectangle" lang="text/css">color: #0000ff</code></rendition><rendition xml:id="textForSearch"><desc>transcriptional</desc><label>Søkbar tekst</label><code rend="rectangle" lang="text/css">color: #000000</code></rendition></tagsDecl><appInfo>
     <application ident="ImageMarkupTool01" version="1.8.1.3" notAfter="2009-04-14T15:48:48">
     <label>
     Image Markup Tool</label><desc>
     Tool for annotating images using TEI</desc><ref type="appURI" target="http://www.tapor.uvic.ca/~mholmes/image_markup/">
     </ref><ptr target="#imtAnnotatedImage"></ptr><ptr target="#imtImageAnnotations"></ptr><ptr target="#imtAnnotationCategories"></ptr></application>
     
     
     </appInfo></encodingDesc>
</teiHeader>
 <facsimile xml:id="imtAnnotatedImage"><surface><graphic url="No-MM_N0120-03.jpg" width="2704px" height="4064px"></graphic><zone xml:id="imtArea_0" rendition="transcription" ulx="119" uly="433" lrx="2517" lry="3531" rend="visible"></zone></surface></facsimile>
 <text>
  <body>
   <div xml:id="imtImageAnnotations"><div corresp="#imtArea_0" type="imtAnnotation"><head>&#x00A0;</head><div>
    <p>Det var regnveir &#x2013; <ref type="lemma" target="co6">Brandt</ref> drev op og ned i nærheden
    <lb/>af veiåbningen hvor hun skulde komme &#x2013; De <add place="supralinear">hadde</add> vært
    <lb/>sammen i skoven <del rend="overstrike">hun hadde</del> plukket blomster og sop
    <lb/>hun hadde drad ham med ind i tykningerne <del rend="overwritten"><gap/></del>a de
    <lb/>mest ufremkommelige steder over gjærer og moradser &#x2013;</p>
    <p><gap reason="scribble"/>Hvor morsom hun hadde vært som hun for mellem
    <lb/>stammerne &#x2013; i sin lette lyseblå kjole og det blåstribede
    <lb/>trico<del rend="overwritten">l</del>tliv &#x2013; Aa når <del rend="overstrike">hendes d<gap/></del> bare bebehatten
    <lb/>stak op over <del rend="overwritten"><gap/></del>buskene det lyste i det røde for
    <lb/><del rend="overstrike"><ref type="lemma" target="co6">Brandt</ref></del> De ser ud som en Eva derinde i tykningen
    <lb/>eller som en skovnympfe &#x2013; hadde han sagt til hende
    <lb/>Og han erindret hun hadde sagt hun likte
    <lb/>ham så godt at de passet så godt sammen de
    <lb/>to &#x2013; de lignet hinanden &#x2013; <add place="inline">Halvgale beggeto hadde hun sagt</add></p>
    <p><del rend="overwritten">D</del><ref type="lemma" target="co6">Brandt</ref> smilte ved sig selv &#x2013; det var tydelig
    <lb/>hun likte ham godt &#x2013; Å nu skulde han være
    <lb/>sammen med hende i eftermiddag spise til
    <lb/>aften &#x2013; Det lignet formelig noen franske romaner
    <lb/>han hadde læst &#x2013;</p>
    <p>(<del rend="overstrike">En fru</del> Den smukke Grevinde kjeder sig på
    <lb/>landet men træffer den unge <note>kodes?</note>Gustav &#x2013; Hun
    <lb/>lægger tydelig for dagen hvor hun liker ham &#x2013;
    <lb/>Hun ber ham besøge sig de sidder en eftermiddag
    <lb/>sammen<seg type="interpunctionalSpace"/>Der blir en pause, hun sukker og ser på ham
    <lb/>Han sier han elsker hende &#x2013; Hun rødmer &#x2013; men
    <lb/>trækker sin hånd tilbage som han har tat så
    <lb/>kaster hun sig til hans bryst og bedækker hans 
    <lb/>ansigt med hede kys.)</p>
   </div></div></div>
  </body>
 </text>
</TEI>
