<?xml version="1.0" encoding="UTF-8"?>
<!DOCTYPE TEI PUBLIC "-//TEI P5 MunchTEI//DTD TEI P5 Unified for Edvard Munch's Texts//EN" "file:/O:/Munchs tekster/Transkripsjoner/MunchTEI.dtd" >
<TEI xmlns="http://www.tei-c.org/ns/1.0" version="5.0" xml:id="No-MM_N0045-01">
<teiHeader>
 <fileDesc>
<titleStmt>
<title>No-MM_N0045-01.jpg</title>
</titleStmt>

<publicationStmt>
<p></p>
</publicationStmt>
<sourceDesc>
<p>2704 x 4064</p>
</sourceDesc>
 </fileDesc>
 <encodingDesc>


 
  <tagsDecl xml:id="imtAnnotationCategories"><rendition xml:id="transcription"><label>Contains the transcribed and TEI P5 encoded text of the objects</label><code rend="rectangle" lang="text/css">color: #ff0000</code></rendition><rendition xml:id="commentary"><label>Kommentarer</label><code rend="rectangle" lang="text/css">color: #00ff00</code></rendition><rendition xml:id="philologicalNotes"><label>Edisjonsfilologiske noter</label><code rend="rectangle" lang="text/css">color: #0000ff</code></rendition><rendition xml:id="textForSearch"><desc>transcriptional</desc><label>Søkbar tekst</label><code rend="rectangle" lang="text/css">color: #000000</code></rendition></tagsDecl><appInfo>
     <application ident="ImageMarkupTool01" version="1.8.1.3" notAfter="2009-03-23T12:54:24">
     <label>
     Image Markup Tool</label><desc>
     Tool for annotating images using TEI</desc><ref type="appURI" target="http://www.tapor.uvic.ca/~mholmes/image_markup/">
     </ref><ptr target="#imtAnnotatedImage"></ptr><ptr target="#imtImageAnnotations"></ptr><ptr target="#imtAnnotationCategories"></ptr></application>
     
     
     </appInfo></encodingDesc>
</teiHeader>
 <facsimile xml:id="imtAnnotatedImage"><surface><graphic url="No-MM_N0045-01.jpg" width="2704px" height="4064px"></graphic><zone xml:id="imtArea_0" rendition="transcription" ulx="91" uly="612" lrx="2517" lry="3610" rend="visible"></zone></surface></facsimile>
 <text>
  <body>
   <div xml:id="imtImageAnnotations"><div corresp="#imtArea_0" type="imtAnnotation"><head>&#x00A0;</head><div>
    <p><del rend="overwritten">D</del>Nei i sygt barn og vår 
    <lb/>kunde der ikke være tale om annen 
    <lb/>påvirkning end det der af sig selv vælder 
    <lb/>frem fra mit hjem &#x2013; Disse bilder 
    <lb/>var min barndom og mit hjem.</p>
    <p>Den der virkeli kjendte <del rend="overstrike">m</del> forholdene 
    <lb/>i mit hjem &#x2013; vilde forstå at  
    <lb/>påvirkning utenfra kunde der ikke 
    <lb/>være tale om annet end det der 
    <lb/>kunde ha betydning som fødselshjælp  
    <lb/>man kunde liså godt si at jordmoren 
    <lb/><del rend="overstrike">var</del> havde påvirket barnet &#x2013;</p>
    <p>De<del rend="overwritten">r</del>t var i &#x00AB;pudetiden&#x00BB; sykeseng tiden 
    <lb/>sengetiden og <del rend="overstrike">p</del> dynetiden &#x2013; ja vel</p>
    <p>Men jeg påstår at det næppe 
    <lb/>var en <del rend="overstrike">m</del> af disse malere der således 
    <lb/>havde gjennemlevet til sidste smertensdrik 
    <lb/>sit motiv som jeg i det syge barn. <add place="inBetweenLines">For det 
    <lb/>var ikke bare mig der sad der det var alle i <del rend="overstrike">vort hjem</del> <add place="supralinear">mine <del rend="overstrike"><gap/></del></add> <add place="infralinear">kjære</add></add></p>
    <p><persName key="pe271">Krohg</persName> var altid den der sad 
    <lb/>på en trone og <del rend="overstrike">var</del> medlidende 
    <lb/>så på sine modeller &#x2013;</p>
    <p>Hans kunst var ikke gjennemlevet
    <lb/>men nok følt</p>
    </div></div></div>
  </body>
 </text>
</TEI>