<?xml version="1.0" encoding="UTF-8"?>
<!DOCTYPE TEI PUBLIC "-//TEI P5 MunchTEI//DTD TEI P5 Unified for Edvard Munch's Texts//EN" "file:/O:/Munchs tekster/Transkripsjoner/MunchTEI.dtd" >
<TEI xmlns="http://www.tei-c.org/ns/1.0" version="5.0" xml:id="No-MM_N0123-03">
<teiHeader>
 <fileDesc>
<titleStmt>
<title>No-MM_N0123-03.jpg</title>
</titleStmt>

<publicationStmt>
<p></p>
</publicationStmt>
<sourceDesc>
<p>2704 x 4064</p>
</sourceDesc>
 </fileDesc>
 <encodingDesc>


 
  <tagsDecl xml:id="imtAnnotationCategories"><rendition xml:id="transcription"><label>Contains the transcribed and TEI P5 encoded text of the objects</label><code rend="rectangle" lang="text/css">color: #ff0000</code></rendition><rendition xml:id="commentary"><label>Kommentarer</label><code rend="rectangle" lang="text/css">color: #00ff00</code></rendition><rendition xml:id="philologicalNotes"><label>Edisjonsfilologiske noter</label><code rend="rectangle" lang="text/css">color: #0000ff</code></rendition><rendition xml:id="textForSearch"><desc>transcriptional</desc><label>Søkbar tekst</label><code rend="rectangle" lang="text/css">color: #000000</code></rendition></tagsDecl><appInfo>
     <application ident="ImageMarkupTool01" version="1.8.1.3" notAfter="2009-04-15T14:48:28">
     <label>
     Image Markup Tool</label><desc>
     Tool for annotating images using TEI</desc><ref type="appURI" target="http://www.tapor.uvic.ca/~mholmes/image_markup/">
     </ref><ptr target="#imtAnnotatedImage"></ptr><ptr target="#imtImageAnnotations"></ptr><ptr target="#imtAnnotationCategories"></ptr></application>
     
     
     </appInfo></encodingDesc>
</teiHeader>
 <facsimile xml:id="imtAnnotatedImage"><surface><graphic url="No-MM_N0123-03.jpg" width="2704px" height="4064px"></graphic><zone xml:id="imtArea_0" rendition="transcription" ulx="179" uly="302" lrx="2473" lry="2815" rend="visible"></zone></surface></facsimile>
 <text>
  <body>
   <div xml:id="imtImageAnnotations"><div corresp="#imtArea_0" type="imtAnnotation"><head>&#x00A0;</head><div>
    <p rend="noIndent">wish I shall send <del rend="overwritten"><gap/></del>you a
    <lb/>copy of <del rend="overwritten">the</del>it &#x2013; when I is returned
    <lb/>to <placeName key="pl15">Norw<del rend="overwritten"><gap/></del>ay</placeName> &#x2013;</p>
    <p>I should be very much
    <lb/>obliged to you if you
    <lb/>would recommand me to
    <lb/>any of your friends &#x2013; <del rend="overstrike">and
    <lb/>if you could</del></p>
    <p><del rend="overstrike">The norvegiens</del> The norwegiens
    <lb/>are poor &#x2013; <del rend="overstrike">a they</del> <del rend="overstrike">cannot
    <lb/>have not</del> <del rend="overstrike">money</del>
    <lb/><del rend="overstrike">The peintres in Norway</del>
    <lb/>and never purchais
    <lb/>the pictures &#x2013;</p>
    </div></div></div>
  </body>
 </text>
</TEI>
