<?xml version="1.0" encoding="UTF-8"?>
<!DOCTYPE TEI PUBLIC "-//TEI P5 MunchTEI//DTD TEI P5 Unified for Edvard Munch's Texts//EN" "file:/O:/Munchs tekster/Transkripsjoner/MunchTEI.dtd" >
<TEI xmlns="http://www.tei-c.org/ns/1.0" version="5.0" xml:id="No-MM_N0112-02">
<teiHeader>
 <fileDesc>
<titleStmt>
<title>No-MM_N0112-02.jpg</title>
</titleStmt>

<publicationStmt>
<p></p>
</publicationStmt>
<sourceDesc>
<p>2704 x 4064</p>
</sourceDesc>
 </fileDesc>
 <encodingDesc>


 
  <tagsDecl xml:id="imtAnnotationCategories"><rendition xml:id="transcription"><label>Contains the transcribed and TEI P5 encoded text of the objects</label><code rend="rectangle" lang="text/css">color: #ff0000</code></rendition><rendition xml:id="commentary"><label>Kommentarer</label><code rend="rectangle" lang="text/css">color: #00ff00</code></rendition><rendition xml:id="philologicalNotes"><label>Edisjonsfilologiske noter</label><code rend="rectangle" lang="text/css">color: #0000ff</code></rendition><rendition xml:id="textForSearch"><desc>transcriptional</desc><label>Søkbar tekst</label><code rend="rectangle" lang="text/css">color: #000000</code></rendition></tagsDecl><appInfo>
     <application ident="ImageMarkupTool01" version="1.8.1.3" notAfter="2009-04-14T09:58:24">
     <label>
     Image Markup Tool</label><desc>
     Tool for annotating images using TEI</desc><ref type="appURI" target="http://www.tapor.uvic.ca/~mholmes/image_markup/">
     </ref><ptr target="#imtAnnotatedImage"></ptr><ptr target="#imtImageAnnotations"></ptr><ptr target="#imtAnnotationCategories"></ptr></application>
     
     
     </appInfo></encodingDesc>
</teiHeader>
 <facsimile xml:id="imtAnnotatedImage"><surface><graphic url="No-MM_N0112-02.jpg" width="2704px" height="4064px"></graphic><zone xml:id="imtArea_0" rendition="transcription" ulx="258" uly="370" lrx="2656" lry="3587" rend="visible"></zone></surface></facsimile>
 <text>
  <body>
   <div xml:id="imtImageAnnotations"><div corresp="#imtArea_0" type="imtAnnotation"><head>&#x00A0;</head><div>
    <p rend="noIndent"><del rend="overstrike">sån som når man vil gråte &#x2013; og samtidig
    <lb/>en uendeli jubel</del> &#x2013;</p>
    <p><del rend="overstrike">Hun holdt at ham og han holdt</del> a
    <lb/><del rend="overstrike">hende &#x2013; de to &#x2013; eiet hinanden</del>
    <lb/>En sær fornæmmelse grep ham &#x2013;
    <lb/>en følelse af uendeli medlidenhed &#x2013; <del rend="overstrike">og uendeli
    <lb/>glæde</del> &#x2013; og samtid <del rend="overstrike">en</del> <del rend="overstrike">jubel</del> en uendeli
    <lb/>jubel</p>
    <p><del rend="overstrike">De<del rend="overwritten">t</del>nne skjønne fornemme kvinde</del></p>
    <p>Hun så <del rend="overstrike">fin</del> ulykkeli &#x2013; men så
    <lb/>fin så fornem &#x2013; hun eiet ham og
    <lb/>han hende &#x2013;</p>
    <p>Hun er deili de sa <del rend="overwritten"><gap/></del><persName key="pe746">Petersen</persName> &#x2013; raffineret &#x2013;
    <lb/><unclear><del rend="overwritten"><gap/></del>bråvak</unclear> &#x2013;</p>
    <p>Men <ref type="lemma" target="co6">Brandt</ref> sad og så på portrættet underli
    <lb/>rørt &#x2013; en <del rend="overstrike">grådblandet jubel</del> smerteblandet <del rend="overstrike">jubel</del> fryd
    <lb/>bragte ham til at skjælve</p>
    <p>Og længselen kom &#x2013; fortærende &#x2013; en
    <lb/>længsel der ikke gav ham et øieblik ro hverken
    <lb/>dag eller nat &#x2013;</p>
    <p>Som e<del rend="overwritten">t</del>n pidsket hund drev den ham
    <lb/>ud <del rend="overstrike">af</del> a sengen tidli om morgenen &#x2013; fra et sted
    <lb/>til det andet &#x2013; rådløs hjælpeløs &#x2013;
    <lb/>Hva skulde han gjøre &#x2013;</p>
    <p>Dagen <del rend="overwritten"><gap/></del>bestod a timelange minutter &#x2013;
    <lb/>Han <del rend="overwritten"><gap/></del>forbandet sig selv der havde forladt hende
    <lb/>dernede &#x2013; Det var ham nu uforstålig &#x2013;</p>
    <p>Endeli fik han <del rend="overstrike">ende</del> set <add place="supralinear">et glimt a</add> hende komme
    <lb/>fra dambåden &#x2013; <del rend="overstrike">hun var</del> <del rend="overstrike">sen</del></p>
    <p>Han for hjem &#x2013; <del rend="overstrike">at</del> det var ham nok at ha set</p>
    </div></div></div>
  </body>
 </text>
</TEI>
