<?xml version="1.0" encoding="UTF-8"?>
<!DOCTYPE TEI PUBLIC "-//TEI P5 MunchTEI//DTD TEI P5 Unified for Edvard Munch's Texts//EN" "file:/O:/Munchs tekster/Transkripsjoner/MunchTEI.dtd" >
<TEI xmlns="http://www.tei-c.org/ns/1.0" version="5.0" xml:id="No-MM_N0034-02">
<teiHeader>
 <fileDesc>
<titleStmt>
<title>No-MM_N0034-02.jpg</title>
</titleStmt>

<publicationStmt>
<p></p>
</publicationStmt>
<sourceDesc>
<p>2704 x 4064</p>
</sourceDesc>
 </fileDesc>
 <encodingDesc>


 
  <tagsDecl xml:id="imtAnnotationCategories"><rendition xml:id="transcription"><label>Contains the transcribed and TEI P5 encoded text of the objects</label><code rend="rectangle" lang="text/css">color: #ff0000</code></rendition><rendition xml:id="commentary"><label>Kommentarer</label><code rend="rectangle" lang="text/css">color: #00ff00</code></rendition><rendition xml:id="philologicalNotes"><label>Edisjonsfilologiske noter</label><code rend="rectangle" lang="text/css">color: #0000ff</code></rendition><rendition xml:id="textForSearch"><desc>transcriptional</desc><label>Søkbar tekst</label><code rend="rectangle" lang="text/css">color: #000000</code></rendition></tagsDecl><appInfo>
     <application ident="ImageMarkupTool01" version="1.8.1.2" notAfter="2009-03-19T16:25:00">
     <label>
     Image Markup Tool</label><desc>
     Tool for annotating images using TEI</desc><ref type="appURI" target="http://www.tapor.uvic.ca/~mholmes/image_markup/">
     </ref><ptr target="#imtAnnotatedImage"></ptr><ptr target="#imtImageAnnotations"></ptr><ptr target="#imtAnnotationCategories"></ptr></application>
     
     
     </appInfo></encodingDesc>
</teiHeader>
 <facsimile xml:id="imtAnnotatedImage"><surface><graphic url="No-MM_N0034-02.jpg" width="2704px" height="4064px"></graphic><zone xml:id="imtArea_0" rendition="transcription" ulx="204" uly="456" lrx="2536" lry="3392" rend="visible"></zone></surface></facsimile>
 <text>
  <body>
   <div xml:id="imtImageAnnotations"><div corresp="#imtArea_0" type="imtAnnotation"><head>&#x00A0;</head><div>
    <p rend="noIndent">æresplads &#x2013;  <del rend="overstrike"><gap/></del> i <orgName key="i5">Sesecionen i 
    <lb/>Berlin</orgName> hvor den blev indrammet 
    <lb/>i en bred fris der gik rundt 
    <lb/>de fire vægge &#x2013;</p>
    <p><del rend="overwritten">D</del>Men osså i <placeName key="pl16">Paris</placeName> fik 
    <lb/>frisen megen påskjønnelse 
    <lb/>&#x2013; Den fik <del rend="overstrike">ærespladsen <gap/></del> <date when="1897">1897</date> 
    <lb/><del rend="overstrike">hovedpladsen</del> ærespladsen 
     <lb/>i <del rend="overstrike">den</del> <orgName key="i122">L&#x2019;independants</orgName> <del rend="overstrike"><gap/></del> 
    <lb/>hovedsal inderst inde</p>
    <p>Og det var den der 
    <lb/><del rend="overstrike">bedst af</del> af al min 
     <lb/>kunst forstoes bedst af 
    <lb/>de franske</p>
    </div></div></div>
  </body>
 </text>
</TEI>