<?xml version="1.0" encoding="UTF-8"?>
<!DOCTYPE TEI PUBLIC "-//TEI P5 MunchTEI//DTD TEI P5 Unified for Edvard Munch's Texts//EN" "file:/O:/Munchs tekster/Transkripsjoner/MunchTEI.dtd" >
<TEI xmlns="http://www.tei-c.org/ns/1.0" version="5.0" xml:id="No-MM_N0048-01-01r">
<teiHeader>
 <fileDesc>
<titleStmt>
<title>No-MM_N0048-01-01r.jpg</title>
</titleStmt>

<publicationStmt>
<p></p>
</publicationStmt>
<sourceDesc>
<p>2704 x 4064</p>
</sourceDesc>
 </fileDesc>
 <encodingDesc>


 
  <tagsDecl xml:id="imtAnnotationCategories"><rendition xml:id="transcription"><label>Contains the transcribed and TEI P5 encoded text of the objects</label><code rend="rectangle" lang="text/css">color: #ff0000</code></rendition><rendition xml:id="commentary"><label>Kommentarer</label><code rend="rectangle" lang="text/css">color: #00ff00</code></rendition><rendition xml:id="philologicalNotes"><label>Edisjonsfilologiske noter</label><code rend="rectangle" lang="text/css">color: #0000ff</code></rendition><rendition xml:id="textForSearch"><desc>transcriptional</desc><label>Søkbar tekst</label><code rend="rectangle" lang="text/css">color: #000000</code></rendition></tagsDecl><appInfo>
     <application ident="ImageMarkupTool01" version="1.8.1.3" notAfter="2009-03-23T13:31:44">
     <label>
     Image Markup Tool</label><desc>
     Tool for annotating images using TEI</desc><ref type="appURI" target="http://www.tapor.uvic.ca/~mholmes/image_markup/">
     </ref><ptr target="#imtAnnotatedImage"></ptr><ptr target="#imtImageAnnotations"></ptr><ptr target="#imtAnnotationCategories"></ptr></application>
     
     
     </appInfo></encodingDesc>
</teiHeader>
 <facsimile xml:id="imtAnnotatedImage"><surface><graphic url="No-MM_N0048-01-01r.jpg" width="2704px" height="4064px"></graphic><zone xml:id="imtArea_0" rendition="transcription" ulx="251" uly="553" lrx="2649" lry="3615" rend="visible"></zone></surface></facsimile>
 <text>
  <body>
   <div xml:id="imtImageAnnotations"><div corresp="#imtArea_0" type="imtAnnotation"><head>&#x00A0;</head><div>
    <p rend="noIndent">Der tales altid om &#x00AB;Historien&#x00BB; som blind</p>
    <p>Jeg har ikke holdt såmeget på 
    <lb/>dette. Da jeg malte den vidunderlige 
    <lb/>model <persName key="pe894">Børre</persName> denne der inspirerte mig til 
    <lb/>værket &#x2013; så jeg hvordan den gamle verdens-
    <lb/>omreiste skipper sendte lyn fra sine <del rend="overstrike"><gap/></del> 
    <lb/>øine når noget fordums steg frem for 
    <lb/>hans indre blik &#x2013; Når vi i samtalen 
    <lb/>kom ind på hans liv og sømandsliv &#x2013;</p>
    <p>Det var &#x00AB;svarte lyn&#x00BB; der som af en 
    <lb/>lyskaster kastedes tilbage i tiden &#x2013;</p>
    <p>Under arbeidet kom af sig selv 
    <lb/>momenter der uddybet og beriget 
    <lb/>motivet &#x2013; <del rend="overwritten"><gap/></del>Den lille <gap reason="scribble"/> stærkt røde 
    <lb/>lue han brugte blev for mig til en blodig 
    <lb/>krone eller hjelm &#x2013; De forskjellige farvede 
     <lb/>st<del rend="overwritten"><gap/></del>ore lapper blev noget af <del rend="overstrike">hv</del> &#x00AB;tidens 
     <lb/>lapper&#x00BB; &#x2013; Det var undergang og kampe deri &#x2013; 
    <lb/>Den store røde lap på knæet blev til 
    <lb/>et blodigt lagen &#x2013; Et blodigt slag &#x2013;
    <lb/>Og det fik en samvirkning i lapperne</p>
    </div></div></div>
  </body>
 </text>
</TEI>
