<?xml version="1.0" encoding="UTF-8"?>
<!DOCTYPE TEI PUBLIC "-//TEI P5 MunchTEI//DTD TEI P5 Unified for Edvard Munch's Texts//EN" "file:/O:/Munchs tekster/Transkripsjoner/MunchTEI.dtd" >
<TEI xmlns="http://www.tei-c.org/ns/1.0" version="5.0" xml:id="No-MM_N0139-03">
<teiHeader>
 <fileDesc>
<titleStmt>
<title>No-MM_N0139-03.jpg</title>
</titleStmt>

<publicationStmt>
<p></p>
</publicationStmt>
<sourceDesc>
<p>2704 x 4064</p>
</sourceDesc>
 </fileDesc>
 <encodingDesc>


 
  <tagsDecl xml:id="imtAnnotationCategories"><rendition xml:id="transcription"><label>Contains the transcribed and TEI P5 encoded text of the objects</label><code rend="rectangle" lang="text/css">color: #ff0000</code></rendition><rendition xml:id="commentary"><label>Kommentarer</label><code rend="rectangle" lang="text/css">color: #00ff00</code></rendition><rendition xml:id="philologicalNotes"><label>Edisjonsfilologiske noter</label><code rend="rectangle" lang="text/css">color: #0000ff</code></rendition><rendition xml:id="textForSearch"><desc>transcriptional</desc><label>Søkbar tekst</label><code rend="rectangle" lang="text/css">color: #000000</code></rendition></tagsDecl><appInfo>
     <application ident="ImageMarkupTool01" version="1.8.1.3" notAfter="2009-04-23T10:02:03">
     <label>
     Image Markup Tool</label><desc>
     Tool for annotating images using TEI</desc><ref type="appURI" target="http://www.tapor.uvic.ca/~mholmes/image_markup/">
     </ref><ptr target="#imtAnnotatedImage"></ptr><ptr target="#imtImageAnnotations"></ptr><ptr target="#imtAnnotationCategories"></ptr></application>
     
     
     </appInfo></encodingDesc>
</teiHeader>
 <facsimile xml:id="imtAnnotatedImage"><surface><graphic url="No-MM_N0139-03.jpg" width="2704px" height="4064px"></graphic><zone xml:id="imtArea_0" rendition="transcription" ulx="167" uly="310" lrx="2589" lry="3626" rend="visible"></zone></surface></facsimile>
 <text>
  <body>
   <div xml:id="imtImageAnnotations"><div corresp="#imtArea_0" type="imtAnnotation"><head>&#x00A0;</head><div>
    <p rend="noIndent">ser gjerne mine Billeder
    <lb/>hos <persName key="pe329">Hr Meyer</persName> der
    <lb/>så fortjenestfuldt samler
    <lb/>på Norsk Kunst &#x2013;</p>
    <p>Ellers har jeg den
    <lb/>hele Tid til private
    <lb/>i <placeName key="pl51">Tydskland</placeName> holdt Prisen
    <lb/>5000 Kr &#x2013; <persName key="pe329"><del rend="overwritten">D</del>Hr Meyer</persName>
    <lb/>har jo for kort Tid
    <lb/>siden fået Billeder af
    <lb/>mig for en enorm
    <lb/>billig Sum &#x2013; Jeg kan
    <lb/><del rend="overstrike">til</del> på den annen Side
    <lb/>spørge <persName key="pe329">Hr Meyer</persName> hvorfor</p>
    </div></div></div>
  </body>
 </text>
</TEI>
