<?xml version="1.0" encoding="UTF-8"?>
<!DOCTYPE TEI PUBLIC "-//TEI P5 MunchTEI//DTD TEI P5 Unified for Edvard Munch's Texts//EN" "file:/O:/Munchs tekster/Transkripsjoner/MunchTEI.dtd" >
<TEI xmlns="http://www.tei-c.org/ns/1.0" version="5.0" xml:id="No-MM_N0001-04">
<teiHeader>
 <fileDesc>
<titleStmt>
<title>No-MM_N0001-04.jpg</title>
</titleStmt>

<publicationStmt>
<p></p>
</publicationStmt>
<sourceDesc>
<p>2704 x 4064</p>
</sourceDesc>
 </fileDesc>
 <encodingDesc>


 
  <tagsDecl xml:id="imtAnnotationCategories"><rendition xml:id="transcription"><label>Contains the transcribed and TEI P5 encoded text of the objects</label><code rend="rectangle" lang="text/css">color: #ff0000</code></rendition><rendition xml:id="commentary"><label>Kommentarer</label><code rend="rectangle" lang="text/css">color: #00ff00</code></rendition><rendition xml:id="philologicalNotes"><label>Edisjonsfilologiske noter</label><code rend="rectangle" lang="text/css">color: #0000ff</code></rendition><rendition xml:id="textForSearch"><desc>transcriptional</desc><label>Søkbar tekst</label><code rend="rectangle" lang="text/css">color: #000000</code></rendition></tagsDecl><appInfo>
     <application ident="ImageMarkupTool01" version="1.8.1.2" notAfter="2009-03-12T16:37:40">
     <label>
     Image Markup Tool</label><desc>
     Tool for annotating images using TEI</desc><ref type="appURI" target="http://www.tapor.uvic.ca/~mholmes/image_markup/">
     </ref><ptr target="#imtAnnotatedImage"></ptr><ptr target="#imtImageAnnotations"></ptr><ptr target="#imtAnnotationCategories"></ptr></application>
     
     
     </appInfo></encodingDesc>
</teiHeader>
 <facsimile xml:id="imtAnnotatedImage"><surface><graphic url="No-MM_N0001-04.jpg" width="2704px" height="4064px"></graphic><zone xml:id="imtArea_0" rendition="transcription" ulx="164" uly="136" lrx="2576" lry="3808" rend="visible"></zone></surface></facsimile>
 <text>
  <body>
   <div xml:id="imtImageAnnotations"><div corresp="#imtArea_0" type="imtAnnotation"><head>&#x00A0;</head><div>
    <p rend="noIndent">Jeg venter til næste gang en suite 
     <lb/>kommer &#x2013; sætter &#x2013; og taber &#x2013;</p> 
    <p>Det var mærkelig &#x2013;</p>
    <p>Jeg bestemmer mig til ikke at spille 
     <lb/>en stun &#x2013; bare noterer og studerer &#x2013;</p> 
    <p>Hvor det var besynderli &#x2013; nu går det
     <lb/>jævnt afvexlende &#x2013; rødt engang &#x2013; sort 
     <lb/>engang &#x2013; stadig væk &#x2013; En mand tværs 
     <lb/>over for mig har lagt &#x2013; mærke dertil &#x2013; <del rend="overstrike">og vinder</del>
     <lb/>lægger afvexlende på og vinder &#x2013;</p>
    <p><del rend="overstrike">Jeg</del> Det <del rend="overstrike">beg</del> varte så længe ingen s<del rend="overwritten"><gap/></del>uite 
     <lb/>kom &#x2013; Jeg hadde ikke spist <del rend="overwritten"><gap/></del> det 
    <lb/><del rend="overstrike">var alt</del> Spisetiden var alt passeret med 
     <lb/><del rend="overstrike">f</del> flere timer &#x2013;</p>
    <p><del rend="overwritten">Han</del>Nu var spillet slig at <del rend="overwritten">rødt</del>sort altid 
     <lb/>kom med mindre suiter &#x2013; <del rend="overwritten">sort</del>rødt kom blot
     <lb/>en gang af og til &#x2013; Sort <del rend="overwritten"><gap/></del>hadde kommet 
     <lb/>ud &#x2013; 15 gange &#x2013; medens rødt kun var
     <lb/>kommet <del rend="overwritten"><gap/></del>7 gange &#x2013; Nu ventet man på 
     <lb/>en s<del rend="overwritten"><gap/></del>uite af rødt &#x2013;</p>
    <p>Sort kommer ut. <del rend="overwritten">4</del>6 gange endnu
     <lb/><add place="inBetweenLines" hand="EM2"><del rend="overstrike">En mængde sætter</del></add></p>
    <p>Jeg sætter <del rend="overstrike">det 2</del> <del rend="overstrike">det</del> 20 på rødt &#x2013;
     <lb/><add place="inBetweenLines" hand="EM2">Efter al sandsynlighed må jo nu rødt komme</add>
     <lb/><del rend="overstrike">nu</del> &#x2013; <del rend="overwritten"><gap/></del>Mange har sat større <del rend="overstrike">på</del> summer 
     <lb/>på samme farve &#x2013; <del rend="overstrike">eller <gap/>mod <gap/></del> tusind fr <gap reason="writing"/> 
     <lb/>Noir &#x2013;</p>
    <p>Jeg sætter det dobbelte &#x2013;
    <lb/>Sort er kommet <del rend="overstrike">f</del> 2<del rend="overwritten">6</del>4 gang medens rødt blot 7 gan
     <lb/>rødt er besad med penger &#x2013; tårner af guldstykker
     <lb/>&#x2013; <del rend="overstrike">Man er stille</del> &#x2013; <del rend="overstrike">strækker hals forat</del></p>
    </div></div></div>
  </body>
 </text>
</TEI>
