<?xml version="1.0" encoding="UTF-8"?>
<!DOCTYPE TEI PUBLIC "-//TEI P5 MunchTEI//DTD TEI P5 Unified for Edvard Munch's Texts//EN" "file:/O:/Munchs tekster/Transkripsjoner/MunchTEI.dtd" >
<TEI xmlns="http://www.tei-c.org/ns/1.0" version="5.0" xml:id="No-MM_N0030-00-01v">
<teiHeader>
 <fileDesc>
<titleStmt>
<title>No-MM_N0030-00-01v.jpg</title>
</titleStmt>

<publicationStmt>
<p></p>
</publicationStmt>
<sourceDesc>
<p>2704 x 4064</p>
</sourceDesc>
 </fileDesc>
 <encodingDesc>


 
  <tagsDecl xml:id="imtAnnotationCategories"><rendition xml:id="transcription"><label>Contains the transcribed and TEI P5 encoded text of the objects</label><code rend="rectangle" lang="text/css">color: #ff0000</code></rendition><rendition xml:id="commentary"><label>Kommentarer</label><code rend="rectangle" lang="text/css">color: #00ff00</code></rendition><rendition xml:id="philologicalNotes"><label>Edisjonsfilologiske noter</label><code rend="rectangle" lang="text/css">color: #0000ff</code></rendition><rendition xml:id="textForSearch"><desc>transcriptional</desc><label>Søkbar tekst</label><code rend="rectangle" lang="text/css">color: #000000</code></rendition></tagsDecl><appInfo>
     <application ident="ImageMarkupTool01" version="1.8.1.2" notAfter="2009-03-19T10:06:01">
     <label>
     Image Markup Tool</label><desc>
     Tool for annotating images using TEI</desc><ref type="appURI" target="http://www.tapor.uvic.ca/~mholmes/image_markup/">
     </ref><ptr target="#imtAnnotatedImage"></ptr><ptr target="#imtImageAnnotations"></ptr><ptr target="#imtAnnotationCategories"></ptr></application>
     
     
     </appInfo></encodingDesc>
</teiHeader>
 <facsimile xml:id="imtAnnotatedImage"><surface><graphic url="No-MM_N0030-00-01v.jpg" width="2704px" height="4064px"></graphic><zone xml:id="imtArea_0" rendition="transcription" ulx="308" uly="232" lrx="2580" lry="2004" rend="visible"></zone></surface></facsimile>
 <text>
  <body>
   <div xml:id="imtImageAnnotations"><div corresp="#imtArea_0" type="imtAnnotation"><head>&#x00A0;</head><div>
    <p rend="extraAir"><add place="margin-top">Jalousi &#x2013; en stor øde Strand &#x2013;</add></p>
    <p>Kvindens Hår har snoet sig 
    <lb/>om ham og filtret sig om hans 
    <lb/>Hjerte No 4 <add place="inBetweenLines">Manden er af den Kamp <gap reason="writing"/>
    <lb/>sindsoprevet</add></p>
    <p rend="extraAir">No 4<seg type="interpunctionalSpace"/>Syg stemning i <del rend="overstrike">N</del> naturen 
    <lb/>er for ham e<del rend="overwritten">n</del>t stort <del rend="overwritten">s</del>Skrig &#x2013; der 
    <lb/><del rend="overwritten"><gap/></del>blodrøde Skyer som dryppende Blod
    <lb/>(No <del rend="overwritten">3</del>6 og 7)</p>
    <p>No 
    <lb/>(Pigen med hændene) <unclear reason="writing">Brunst</unclear></p>
   </div></div></div>
  </body>
 </text>
</TEI>