<?xml version="1.0" encoding="UTF-8"?>
<!DOCTYPE TEI PUBLIC "-//TEI P5 MunchTEI//DTD TEI P5 Unified for Edvard Munch's Texts//EN" "file:/O:/Munchs tekster/Transkripsjoner/MunchTEI.dtd" >
<TEI xmlns="http://www.tei-c.org/ns/1.0" version="5.0" xml:id="No-MM_N0098-02">
<teiHeader>
 <fileDesc>
<titleStmt>
<title>No-MM_N0098-02.jpg</title>
</titleStmt>

<publicationStmt>
<p></p>
</publicationStmt>
<sourceDesc>
<p>2704 x 4064</p>
</sourceDesc>
 </fileDesc>
 <encodingDesc>


 
  <tagsDecl xml:id="imtAnnotationCategories"><rendition xml:id="transcription"><label>Contains the transcribed and TEI P5 encoded text of the objects</label><code rend="rectangle" lang="text/css">color: #ff0000</code></rendition><rendition xml:id="commentary"><label>Kommentarer</label><code rend="rectangle" lang="text/css">color: #00ff00</code></rendition><rendition xml:id="philologicalNotes"><label>Edisjonsfilologiske noter</label><code rend="rectangle" lang="text/css">color: #0000ff</code></rendition><rendition xml:id="textForSearch"><desc>transcriptional</desc><label>Søkbar tekst</label><code rend="rectangle" lang="text/css">color: #000000</code></rendition></tagsDecl><appInfo>
     <application ident="ImageMarkupTool01" version="1.8.1.3" notAfter="2009-03-30T13:34:40">
     <label>
     Image Markup Tool</label><desc>
     Tool for annotating images using TEI</desc><ref type="appURI" target="http://www.tapor.uvic.ca/~mholmes/image_markup/">
     </ref><ptr target="#imtAnnotatedImage"></ptr><ptr target="#imtImageAnnotations"></ptr><ptr target="#imtAnnotationCategories"></ptr></application>
     
     
     </appInfo></encodingDesc>
</teiHeader>
 <facsimile xml:id="imtAnnotatedImage"><surface><graphic url="No-MM_N0098-02.jpg" width="2704px" height="4064px"></graphic><zone xml:id="imtArea_0" rendition="transcription" ulx="338" uly="187" lrx="2648" lry="2251" rend="visible"></zone></surface></facsimile>
 <text>
  <body>
   <div xml:id="imtImageAnnotations"><div corresp="#imtArea_0" type="imtAnnotation"><head>&#x00A0;</head><div>
    <p rend="noIndent">deres hænder <del rend="overstrike">be</del> <del rend="overstrike">mødtes</del> berørte 
    <lb/>hinanden idet de skulde tage den
    <lb/><del rend="overstrike"><gap/>Fandt hun en v<del rend="overwritten"><gap/></del>akker blomst
    <lb/>Hend</del> <del rend="overstrike">Hendes kinder</del></p>
    <p>Hun fik røde roser <del rend="overwritten"><gap/></del>kindene 
    <lb/>og så så ung <del rend="overstrike">ud</del> og strålende 
    <lb/>Han <del rend="overstrike">glemte</del> <del rend="overstrike">fuldstæ</del> havde rent 
    <lb/>glemt <del rend="overstrike">at hun var gif</del> <del rend="overstrike">hun var 
    <lb/>for ham som en skolepig</del> der
    <lb/><del rend="overstrike">gjør</del> at hun det var en gift dame 
    <lb/>han ind<del rend="overwritten"><gap/></del>bildte sig</p>
    <p><del rend="overstrike">Da de var kommen frem til 
    <lb/>gården sa de adjø. Men han f<gap/> 
    <lb/>Men han måtte ikke gå hjem</del></p>
    <p>Han</p>    
   </div></div></div>
  </body>
 </text>
</TEI>
