<?xml version="1.0" encoding="UTF-8"?>
<!DOCTYPE TEI PUBLIC "-//TEI P5 MunchTEI//DTD TEI P5 Unified for Edvard Munch's Texts//EN" "file:/O:/Munchs tekster/Transkripsjoner/MunchTEI.dtd" >
<TEI xmlns="http://www.tei-c.org/ns/1.0" version="5.0" xml:id="No-MM_N0100-02">
<teiHeader>
 <fileDesc>
<titleStmt>
<title>No-MM_N0100-02.jpg</title>
</titleStmt>

<publicationStmt>
<p></p>
</publicationStmt>
<sourceDesc>
<p>2704 x 4064</p>
</sourceDesc>
 </fileDesc>
 <encodingDesc>


 
  <tagsDecl xml:id="imtAnnotationCategories"><rendition xml:id="transcription"><label>Contains the transcribed and TEI P5 encoded text of the objects</label><code rend="rectangle" lang="text/css">color: #ff0000</code></rendition><rendition xml:id="commentary"><label>Kommentarer</label><code rend="rectangle" lang="text/css">color: #00ff00</code></rendition><rendition xml:id="philologicalNotes"><label>Edisjonsfilologiske noter</label><code rend="rectangle" lang="text/css">color: #0000ff</code></rendition><rendition xml:id="textForSearch"><desc>transcriptional</desc><label>Søkbar tekst</label><code rend="rectangle" lang="text/css">color: #000000</code></rendition></tagsDecl><appInfo>
     <application ident="ImageMarkupTool01" version="1.8.1.3" notAfter="2009-03-30T16:08:58">
     <label>
     Image Markup Tool</label><desc>
     Tool for annotating images using TEI</desc><ref type="appURI" target="http://www.tapor.uvic.ca/~mholmes/image_markup/">
     </ref><ptr target="#imtAnnotatedImage"></ptr><ptr target="#imtImageAnnotations"></ptr><ptr target="#imtAnnotationCategories"></ptr></application>
     
     
     </appInfo></encodingDesc>
</teiHeader>
 <facsimile xml:id="imtAnnotatedImage"><surface><graphic url="No-MM_N0100-02.jpg" width="2704px" height="4064px"></graphic><zone xml:id="imtArea_0" rendition="transcription" ulx="103" uly="410" lrx="2445" lry="3897" rend="visible"></zone></surface></facsimile>
 <text>
  <body>
   <div xml:id="imtImageAnnotations"><div corresp="#imtArea_0" type="imtAnnotation"><head>&#x00A0;</head><div>
    <p rend="noIndent"><del rend="overstrike">Som han</del></p>
    <p>Haffrue &#x2013; sa hun og smilte 
    <lb/><del rend="overstrike">eller fruen fra</del> hun la vægten 
    <lb/>på frue &#x2013;</p>
    <p><del rend="overstrike">Han</del> Det var sandt<seg type="interpunctionalSpace"/>hun var gift &#x2013;
    <lb/><del rend="overstrike">ha</del> han hadde aldrig faldt på 
    <lb/>at tænke på manden 
    <lb/><del rend="overstrike">han</del> De gik stille sammen en 
    <lb/>stund &#x2013;</p>
    <p>Jeg er igrunden <del rend="overstrike">fo</del> svært 
    <lb/>godt stillet sa hun &#x2013; jeg er <add place="margin-right">hun gjættet <lb/>hvad hans 
     <lb/>tanker</add> 
    <lb/>gift <del rend="overstrike"><gap/></del> og &#x2013; og så har jeg ingen 
    <lb/>børn &#x2013; <del rend="overwritten"><gap/></del>jeg kan <del rend="overwritten"><gap/></del>gjøre hvad jeg vil &#x2013;</p> 
    <p><del rend="overstrike">Ja men</del></p> 
    <p>Ja men deres mand &#x2013; <del rend="overstrike">lar</del> 
    <lb/>får de lov at gjøre hvad de
    <lb/>vil af ham &#x2013;</p>
    <p>Jo da &#x2013; alt hvad jeg vil &#x2013;
    <lb/>han er så forfærdelig snil &#x2013;
    <lb/>Jeg er så ofte slem mod ham
    <lb/>&#x2013; jeg er så lei for <del rend="overstrike">dette</del> det &#x2013; men 
    <lb/>jeg kan ikke annet &#x2013;</p>
    </div></div></div>
  </body>
 </text>
</TEI>
