<?xml version="1.0" encoding="UTF-8"?>
<!DOCTYPE TEI PUBLIC "-//TEI P5 MunchTEI//DTD TEI P5 Unified for Edvard Munch's Texts//EN" "file:/O:/Munchs tekster/Transkripsjoner/MunchTEI.dtd" >
<TEI xmlns="http://www.tei-c.org/ns/1.0" version="5.0" xml:id="No-MM_N0063-00-01r">
<teiHeader>
 <fileDesc>
<titleStmt>
<title>No-MM_N0063-00-01r.jpg</title>
</titleStmt>

<publicationStmt>
<p></p>
</publicationStmt>
<sourceDesc>
<p>2704 x 4064</p>
</sourceDesc>
 </fileDesc>
 <encodingDesc>


 
  <tagsDecl xml:id="imtAnnotationCategories"><rendition xml:id="transcription"><label>Contains the transcribed and TEI P5 encoded text of the objects</label><code rend="rectangle" lang="text/css">color: #ff0000</code></rendition><rendition xml:id="commentary"><label>Kommentarer</label><code rend="rectangle" lang="text/css">color: #00ff00</code></rendition><rendition xml:id="philologicalNotes"><label>Edisjonsfilologiske noter</label><code rend="rectangle" lang="text/css">color: #0000ff</code></rendition><rendition xml:id="textForSearch"><desc>transcriptional</desc><label>Søkbar tekst</label><code rend="rectangle" lang="text/css">color: #000000</code></rendition></tagsDecl><appInfo>
     <application ident="ImageMarkupTool01" version="1.8.1.3" notAfter="2009-03-25T10:34:14">
     <label>
     Image Markup Tool</label><desc>
     Tool for annotating images using TEI</desc><ref type="appURI" target="http://www.tapor.uvic.ca/~mholmes/image_markup/">
     </ref><ptr target="#imtAnnotatedImage"></ptr><ptr target="#imtImageAnnotations"></ptr><ptr target="#imtAnnotationCategories"></ptr></application>
     
     
     </appInfo></encodingDesc>
</teiHeader>
 <facsimile xml:id="imtAnnotatedImage"><surface><graphic url="No-MM_N0063-00-01r.jpg" width="2704px" height="4064px"></graphic><zone xml:id="imtArea_0" rendition="transcription" ulx="119" uly="203" lrx="2628" lry="3456" rend="visible"></zone></surface></facsimile>
 <text>
  <body>
   <div xml:id="imtImageAnnotations"><div corresp="#imtArea_0" type="imtAnnotation"><head>&#x00A0;</head><div>
    <p rend="extraAir"><date from="1889" to="1929">1889&#x2013;1929</date> små udrag af min 
     <lb/><add place="infralinear">dagbok</add> <del rend="overstrike">Af mine Optegnelser</del></p> 
    <div>
     <dateline><seg type="typographicalSpace"/><placeName key="pl155">St. Cloud</placeName> <date when="1889">1889</date></dateline>
    <p>Der skal ikke længere males interieurer 
    <lb/>og folk som læser og kvinner som strikker</p>
    <p>Det skal være levende mennesker der 
    <lb/>puster og føler og lider og elsker &#x2013;</p>
    <p>Jeg skal male en række slike bilder</p>
    <p>Folk skal forstå det hellige ved det 
    <lb/>og de skal ta hatten af som i en kirke</p></div>
    <div>
     <dateline><seg type="typographicalSpace"/><date from="1889" to="1890">1889&#x2013;1890</date></dateline>
    <p>Jeg maler ikke det jeg ser men det 
    <lb/><del rend="overwritten">s</del>jeg så &#x2013;</p></div>
    <div>
     <dateline><seg type="typographicalSpace"/><placeName key="pl20">Christiania</placeName> <date from="1903" to="1904">1903&#x2013;1904</date></dateline>
    <p>Kunst er det modsatte af natur &#x2013;
    <lb/>Jeg maler ikke efter naturen jeg tar 
    <lb/>fra dens rike fat &#x2013;</p></div>
    <div>
     <dateline><seg type="typographicalSpace"/><del rend="overstrike">As</del> <add place="infralinear"><placeName key="pl42">Aasgaardstrand</placeName></add> <del rend="overstrike"><placeName key="pl17">Berlin</placeName></del> <add place="supralinear">Omtrent</add> <date when="1903">190<del rend="overstrike"><gap/></del>3</date></dateline>
    <p>Kunst er krystalisation.</p></div>
    <div>
     <dateline><seg type="typographicalSpace"/><del rend="overwritten">Ber<gap/></del><placeName key="pl42">Aasgaardstrand</placeName> <add place="supralinear">Omtrent</add> <date when="1904">1904</date></dateline>
    <p>Fotografiapparatet kan ikke konkurere med 
    <lb/>maleriet sålænge det ikke kan brukes i 
    <lb/>himmel eller helvete</p></div>    
   </div></div></div>
  </body>
 </text>
</TEI>