<?xml version="1.0" encoding="UTF-8"?>
<!DOCTYPE TEI PUBLIC "-//TEI P5 MunchTEI//DTD TEI P5 Unified for Edvard Munch's Texts//EN" "file:/O:/Munchs tekster/Transkripsjoner/MunchTEI.dtd" >
<TEI xmlns="http://www.tei-c.org/ns/1.0" version="5.0" xml:id="No-MM_N0100-01">
<teiHeader>
 <fileDesc>
<titleStmt>
<title>No-MM_N0100-01.jpg</title>
</titleStmt>

<publicationStmt>
<p></p>
</publicationStmt>
<sourceDesc>
<p>2704 x 4064</p>
</sourceDesc>
 </fileDesc>
 <encodingDesc>


 
  <tagsDecl xml:id="imtAnnotationCategories"><rendition xml:id="transcription"><label>Contains the transcribed and TEI P5 encoded text of the objects</label><code rend="rectangle" lang="text/css">color: #ff0000</code></rendition><rendition xml:id="commentary"><label>Kommentarer</label><code rend="rectangle" lang="text/css">color: #00ff00</code></rendition><rendition xml:id="philologicalNotes"><label>Edisjonsfilologiske noter</label><code rend="rectangle" lang="text/css">color: #0000ff</code></rendition><rendition xml:id="textForSearch"><desc>transcriptional</desc><label>Søkbar tekst</label><code rend="rectangle" lang="text/css">color: #000000</code></rendition></tagsDecl><appInfo>
     <application ident="ImageMarkupTool01" version="1.8.1.3" notAfter="2009-03-30T16:08:32">
     <label>
     Image Markup Tool</label><desc>
     Tool for annotating images using TEI</desc><ref type="appURI" target="http://www.tapor.uvic.ca/~mholmes/image_markup/">
     </ref><ptr target="#imtAnnotatedImage"></ptr><ptr target="#imtImageAnnotations"></ptr><ptr target="#imtAnnotationCategories"></ptr></application>
     
     
     </appInfo></encodingDesc>
</teiHeader>
 <facsimile xml:id="imtAnnotatedImage"><surface><graphic url="No-MM_N0100-01.jpg" width="2704px" height="4064px"></graphic><zone xml:id="imtArea_0" rendition="transcription" ulx="211" uly="346" lrx="2378" lry="3607" rend="visible"></zone></surface></facsimile>
 <text>
  <body>
   <div xml:id="imtImageAnnotations"><div corresp="#imtArea_0" type="imtAnnotation"><head>&#x00A0;</head><div>
    <p rend="noIndent"><del rend="overstrike">Så gik</del></p>
    <p><del rend="overstrike">De traf de andre &#x2013; de ha</del></p>
    <p><del rend="overstrike">Så gik de</del></p> 
    <p><del rend="overstrike">Han så på den</del></p> 
    <p><del rend="overstrike">Hvor pigeagtig</del></p>
    <p>Hvor ung og pigeagtig hun
    <lb/>så ud som <del rend="overstrike">gik</del> <del rend="overwritten"><gap/></del>hun gik der og slang 
    <lb/><del rend="overstrike">talte</del> <del rend="overstrike">om</del> &#x2013; det var så rart 
    <lb/>at hun var frue &#x2013;</p>
    <p>De skvadt lidt &#x2013; der sad 
    <lb/><persName key="pe188">Hertzberg</persName> ved veikanten &#x2013; de
    <lb/><del rend="overwritten">d</del>De to andre damer gik længre 
    <lb/>borte.</p>
    <p>Hvad gjør de der</p>
    <p>Jeg vilde høre hvad dere 
    <lb/>snakket om sa han og smilte fedt 
    <lb/>og skalkagtig.</p>
    <p>De ser ud som en liden småpige 
     <lb/>idag <ref type="lemma" target="co5">fru <del rend="overstrike">he</del> Heiberg</ref> &#x2013;</p>
    <p>Så gik de atter i følge op til 
    <lb/>huset &#x2013;</p>
    </div></div></div>
  </body>
 </text>
</TEI>
