<?xml version="1.0" encoding="UTF-8"?>
<!DOCTYPE TEI PUBLIC "-//TEI P5 MunchTEI//DTD TEI P5 Unified for Edvard Munch's Texts//EN" "file:/O:/Munchs tekster/Transkripsjoner/MunchTEI.dtd" >
<TEI xmlns="http://www.tei-c.org/ns/1.0" version="5.0" xml:id="No-MM_N0102-02">
<teiHeader>
 <fileDesc>
<titleStmt>
<title>No-MM_N0102-02.jpg</title>
</titleStmt>

<publicationStmt>
<p></p>
</publicationStmt>
<sourceDesc>
<p>2704 x 4064</p>
</sourceDesc>
 </fileDesc>
 <encodingDesc>


 
  <tagsDecl xml:id="imtAnnotationCategories"><rendition xml:id="transcription"><label>Contains the transcribed and TEI P5 encoded text of the objects</label><code rend="rectangle" lang="text/css">color: #ff0000</code></rendition><rendition xml:id="commentary"><label>Kommentarer</label><code rend="rectangle" lang="text/css">color: #00ff00</code></rendition><rendition xml:id="philologicalNotes"><label>Edisjonsfilologiske noter</label><code rend="rectangle" lang="text/css">color: #0000ff</code></rendition><rendition xml:id="textForSearch"><desc>transcriptional</desc><label>Søkbar tekst</label><code rend="rectangle" lang="text/css">color: #000000</code></rendition></tagsDecl><appInfo>
     <application ident="ImageMarkupTool01" version="1.8.1.3" notAfter="2009-04-03T10:17:49">
     <label>
     Image Markup Tool</label><desc>
     Tool for annotating images using TEI</desc><ref type="appURI" target="http://www.tapor.uvic.ca/~mholmes/image_markup/">
     </ref><ptr target="#imtAnnotatedImage"></ptr><ptr target="#imtImageAnnotations"></ptr><ptr target="#imtAnnotationCategories"></ptr></application>
     
     
     </appInfo></encodingDesc>
</teiHeader>
 <facsimile xml:id="imtAnnotatedImage"><surface><graphic url="No-MM_N0102-02.jpg" width="2704px" height="4064px"></graphic><zone xml:id="imtArea_0" rendition="transcription" ulx="565" uly="382" lrx="2577" lry="3722" rend="visible"></zone></surface></facsimile>
 <text>
  <body>
   <div xml:id="imtImageAnnotations"><div corresp="#imtArea_0" type="imtAnnotation"><head>&#x00A0;</head><div>
    <p rend="noIndent">snart på gulvet snart
    <lb/>på <del rend="overstrike">b</del> en stol forat se
    <lb/>forskjelligt lys
    <lb/>svært <del rend="overwritten">p</del>bra parafin å male
    <lb/>me &#x2013; forresten tror jeg terpentin
    <lb/>er bedre &#x2013; begge dele <del rend="overwritten"><gap/></del>er godt
    <lb/>&#x2013; man kan bruge begge dele &#x2013;</p>
    <p><del rend="overstrike">Har</del> <del rend="overwritten">D</del>Er de i følle me
    <lb/><ref type="lemma" target="co5">fru Heiberg</ref> spurte han
    <lb/>efter en stund &#x2013;</p>
    <p>Nei</p>
    <p><gap reason="scribble"/> For hun <del rend="overstrike">kommer</del> skulde
    <lb/>komme netop nu &#x2013; vi
    <lb/>har henne snart</p>
    <p><ref type="lemma" target="co6">Brandt</ref> ga sig til <del rend="overstrike">han</del> at
    <lb/>betragte et billede han
    <lb/>var blit hed</p>
    <p>Det skal jeg skrabe ud &#x2013; så
    <lb/>blir det så deili at male på</p>
    </div></div></div>
  </body>
 </text>
</TEI>
