<?xml version="1.0" encoding="UTF-8"?>
<!DOCTYPE TEI PUBLIC "-//TEI P5 MunchTEI//DTD TEI P5 Unified for Edvard Munch's Texts//EN" "file:/O:/Munchs tekster/Transkripsjoner/MunchTEI.dtd" >
<TEI xmlns="http://www.tei-c.org/ns/1.0" version="5.0" xml:id="No-MM_N0070-00-01r">
<teiHeader>
 <fileDesc>
<titleStmt>
<title>No-MM_N0070-00-01r.jpg</title>
</titleStmt>

<publicationStmt>
<p></p>
</publicationStmt>
<sourceDesc>
<p>2704 x 4064</p>
</sourceDesc>
 </fileDesc>
 <encodingDesc>


 
  <tagsDecl xml:id="imtAnnotationCategories"><rendition xml:id="transcription"><label>Contains the transcribed and TEI P5 encoded text of the objects</label><code rend="rectangle" lang="text/css">color: #ff0000</code></rendition><rendition xml:id="commentary"><label>Kommentarer</label><code rend="rectangle" lang="text/css">color: #00ff00</code></rendition><rendition xml:id="philologicalNotes"><label>Edisjonsfilologiske noter</label><code rend="rectangle" lang="text/css">color: #0000ff</code></rendition><rendition xml:id="textForSearch"><desc>transcriptional</desc><label>Søkbar tekst</label><code rend="rectangle" lang="text/css">color: #000000</code></rendition></tagsDecl><appInfo>
     <application ident="ImageMarkupTool01" version="1.8.1.3" notAfter="2009-03-25T16:23:09">
     <label>
     Image Markup Tool</label><desc>
     Tool for annotating images using TEI</desc><ref type="appURI" target="http://www.tapor.uvic.ca/~mholmes/image_markup/">
     </ref><ptr target="#imtAnnotatedImage"></ptr><ptr target="#imtImageAnnotations"></ptr><ptr target="#imtAnnotationCategories"></ptr></application>
     
     
     </appInfo></encodingDesc>
</teiHeader>
 <facsimile xml:id="imtAnnotatedImage"><surface><graphic url="No-MM_N0070-00-01r.jpg" width="2704px" height="4064px"></graphic><zone xml:id="imtArea_0" rendition="transcription" ulx="290" uly="318" lrx="2493" lry="3996" rend="visible"></zone></surface></facsimile>
 <text>
  <body>
   <div xml:id="imtImageAnnotations"><div corresp="#imtArea_0" type="imtAnnotation"><head>&#x00A0;</head><div>
    <p rend="noIndent">Da jeg så først det syge barn 
    <lb/>&#x2013; det bleke hode med det stærkt 
    <lb/>røde hår mot den hvide pude &#x2013; 
    <lb/>&#x2013; gav det mig et indtryk som 
    <lb/>under arbeidet forsvandt &#x2013;</p>
    <p>&#x2013; Jeg fik et <del rend="overstrike">annet in</del> godt 
    <lb/>men annet billede frem på 
    <lb/>lærredet &#x2013; Billedet malte jeg 
    <lb/>da mangfoldi gange om i 
    <lb/>løbet af et år &#x2013; kradset det ut 
    <lb/>&#x2013; lod det flyde ud i <del rend="overstrike">d</del> 
    <lb/>malermidlet &#x2013; og forsøgte atter 
    <lb/>og atter at få det første intryk &#x2013; 
    <lb/>&#x2013; den gjennemsigtige &#x2013; bleke hud
    <lb/>&#x2013; mot lærredet &#x2013; den skjælvende 
    <lb/>mund &#x2013; de skjælvende hænder &#x2013;
    <lb/>&#x2013; Jeg <del rend="overstrike">s</del> holdt så endeli op,
    <lb/>udtrættet &#x2013; <del rend="overstrike"><gap/></del>Jeg havde opnået
    <lb/>&#x2013; meget af det første intryk &#x2013;
    <lb/>&#x2013; den skjælvende mun &#x2013; den 
    <lb/>gjennemsigtige hud &#x2013; de trætte 
    <lb/>øine &#x2013; Men billedet <del rend="overstrike">var udtrættet
    <lb/>ellers</del> var ikke færdi i farven &#x2013; 
    <lb/>den var blit grå &#x2013; Billedet var 
    <lb/>da tungt som <del rend="overwritten"><gap/></del>bly &#x2013;</p>
    </div></div></div>
  </body>
 </text>
</TEI>
