<?xml version="1.0" encoding="UTF-8"?>
<!DOCTYPE TEI PUBLIC "-//TEI P5 MunchTEI//DTD TEI P5 Unified for Edvard Munch's Texts//EN" "file:/O:/Munchs tekster/Transkripsjoner/MunchTEI.dtd" >
<TEI xmlns="http://www.tei-c.org/ns/1.0" version="5.0" xml:id="No-MM_N0050-00-01r">
<teiHeader>
 <fileDesc>
<titleStmt>
<title>No-MM_N0050-00-01r.jpg</title>
</titleStmt>

<publicationStmt>
<p></p>
</publicationStmt>
<sourceDesc>
<p>2704 x 4064</p>
</sourceDesc>
 </fileDesc>
 <encodingDesc>


 
  <tagsDecl xml:id="imtAnnotationCategories"><rendition xml:id="transcription"><label>Contains the transcribed and TEI P5 encoded text of the objects</label><code rend="rectangle" lang="text/css">color: #ff0000</code></rendition><rendition xml:id="commentary"><label>Kommentarer</label><code rend="rectangle" lang="text/css">color: #00ff00</code></rendition><rendition xml:id="philologicalNotes"><label>Edisjonsfilologiske noter</label><code rend="rectangle" lang="text/css">color: #0000ff</code></rendition><rendition xml:id="textForSearch"><desc>transcriptional</desc><label>Søkbar tekst</label><code rend="rectangle" lang="text/css">color: #000000</code></rendition></tagsDecl><appInfo>
     <application ident="ImageMarkupTool01" version="1.8.1.3" notAfter="2009-03-23T14:52:15">
     <label>
     Image Markup Tool</label><desc>
     Tool for annotating images using TEI</desc><ref type="appURI" target="http://www.tapor.uvic.ca/~mholmes/image_markup/">
     </ref><ptr target="#imtAnnotatedImage"></ptr><ptr target="#imtImageAnnotations"></ptr><ptr target="#imtAnnotationCategories"></ptr></application>
     
     
     </appInfo></encodingDesc>
</teiHeader>
 <facsimile xml:id="imtAnnotatedImage"><surface><graphic url="No-MM_N0050-00-01r.jpg" width="2704px" height="4064px"></graphic><zone xml:id="imtArea_0" rendition="transcription" ulx="207" uly="481" lrx="2684" lry="3519" rend="visible"></zone></surface></facsimile>
 <text>
  <body>
   <div xml:id="imtImageAnnotations"><div corresp="#imtArea_0" type="imtAnnotation"><head>&#x00A0;</head><div>
    <p rend="extraAir"><del rend="overstrike">Hi</del> Historier og skrøner fra idag</p>
    <p>Jeg skulde ikke befattet mig 
    <lb/>med <persName key="pe614">Nygaard-Nilsens</persName> bok<seg type="interpunctionalSpace"/>Norsk monumental
    <lb/>maleri hvis den ikke var et led i en målbevist 
    <lb/>kampagne forat fremtvinge den opfatning 
    <lb/>her i lannet at frescoen er den eneste rette 
     <lb/><del rend="overstrike">monumentale</del> monumentale væg dekoration &#x2013;
    <lb/>og hvis den ikke <del rend="overstrike">her</del> her og i utlannet 
    <lb/>er brugt til kildeskrift for en del høist 
    <lb/><del rend="overstrike">mærkelige</del> <add place="supralinear">misvisende</add> og latterlige avisartikkeler fra <placeName key="pl20">Oslo</placeName></p>
    <p>Han gjør <del rend="overstrike">her</del> i sin bok attentat 
    <lb/>på mine <del rend="overstrike">Au</del> <ref type="lemma" target="co2">Aulabilder</ref> og bruger 
     <lb/>høist uvederheftige midler &#x2013;</p>
    <p>Sligt kan han bruge i sine 
    <lb/>antikvarstudier hvor han ikke kan 
    <lb/>kontroleres så let.</p>
    <p>Han sier: Jeg havde lovet at male 
     <lb/>dem i fresco Desværre blev det olie &#x2013;
    <lb/>(<persName key="pe850">Grecos</persName>, <persName key="pe849">Tintorettos</persName> <persName key="pe848">Titians</persName> malerteknik)</p>
    <p>Det er usandt at jeg har lovet dette.
    <lb/><del rend="overstrike">Det vilde</del> Jeg fandt det helt galt for 
    <lb/>mig at gå over til en annen teknik 
    <lb/>her hvor det ingen grunne var hertil.</p> 
    <p>Han sier at de er malt med den lette</p>
    </div></div></div>
  </body>
 </text>
</TEI>