<?xml version="1.0" encoding="UTF-8"?>
<!DOCTYPE TEI PUBLIC "-//TEI P5 MunchTEI//DTD TEI P5 Unified for Edvard Munch's Texts//EN" "file:/O:/Munchs tekster/Transkripsjoner/MunchTEI.dtd" >
<TEI xmlns="http://www.tei-c.org/ns/1.0" version="5.0" xml:id="No-MM_N0123-02">
<teiHeader>
 <fileDesc>
<titleStmt>
<title>No-MM_N0123-02.jpg</title>
</titleStmt>

<publicationStmt>
<p></p>
</publicationStmt>
<sourceDesc>
<p>2704 x 4064</p>
</sourceDesc>
 </fileDesc>
 <encodingDesc>


 
  <tagsDecl xml:id="imtAnnotationCategories"><rendition xml:id="transcription"><label>Contains the transcribed and TEI P5 encoded text of the objects</label><code rend="rectangle" lang="text/css">color: #ff0000</code></rendition><rendition xml:id="commentary"><label>Kommentarer</label><code rend="rectangle" lang="text/css">color: #00ff00</code></rendition><rendition xml:id="philologicalNotes"><label>Edisjonsfilologiske noter</label><code rend="rectangle" lang="text/css">color: #0000ff</code></rendition><rendition xml:id="textForSearch"><desc>transcriptional</desc><label>Søkbar tekst</label><code rend="rectangle" lang="text/css">color: #000000</code></rendition></tagsDecl><appInfo>
     <application ident="ImageMarkupTool01" version="1.8.1.4" notAfter="2010-04-27T13:17:26">
     <label>
     Image Markup Tool</label><desc>
     Tool for annotating images using TEI</desc><ref type="appURI" target="http://www.tapor.uvic.ca/~mholmes/image_markup/">
     </ref><ptr target="#imtAnnotatedImage"></ptr><ptr target="#imtImageAnnotations"></ptr><ptr target="#imtAnnotationCategories"></ptr></application>
     
     
     </appInfo></encodingDesc>
</teiHeader>
 <facsimile xml:id="imtAnnotatedImage"><surface><graphic url="No-MM_N0123-02.jpg" width="2704px" height="4064px"></graphic><zone xml:id="imtArea_0" rendition="transcription" ulx="219" uly="322" lrx="2545" lry="3917" rend="visible"></zone></surface></facsimile>
 <text>
  <body>
   <div xml:id="imtImageAnnotations"><div corresp="#imtArea_0" type="imtAnnotation"><head>&#x00A0;</head><div>
    <p rend="emptyPartOfPage">If <del rend="overstrike">you should wish ano<del rend="overwritten"><gap/></del>ther</del>
     <lb/>I should be very obliged
     <lb/>to you if you w<del rend="overwritten">a</del>ouldt
     <lb/>recommend me to your
     <lb/>friends &#x2013;</p>
    <p><del rend="overstrike">It was not customed
     <lb/><gap/></del> Being not custome
     <lb/>in <placeName key="pl15">Norw<del rend="overwritten">y</del>ay</placeName> to print the
     <lb/>name of the purchaser i
     <lb/>the cataloge &#x2013; <add place="supralinear">have</add> I published
     <lb/>your name as <del rend="overstrike">owner</del> purchaser
     <lb/>of une C<del rend="overwritten">f</del>onfession in the
     <lb/>newspaper &#x2013; and if you</p>
   </div></div></div>
  </body>
 </text>
</TEI>
