<?xml version="1.0" encoding="UTF-8"?>
<!DOCTYPE TEI PUBLIC "-//TEI P5 MunchTEI//DTD TEI P5 Unified for Edvard Munch's Texts//EN" "file:/O:/Munchs tekster/Transkripsjoner/MunchTEI.dtd" >
<TEI xmlns="http://www.tei-c.org/ns/1.0" version="5.0" xml:id="No-MM_N0099-04">
<teiHeader>
 <fileDesc>
<titleStmt>
<title>No-MM_N0099-04.jpg</title>
</titleStmt>

<publicationStmt>
<p></p>
</publicationStmt>
<sourceDesc>
<p>2704 x 4064</p>
</sourceDesc>
 </fileDesc>
 <encodingDesc>


 
  <tagsDecl xml:id="imtAnnotationCategories"><rendition xml:id="transcription"><label>Contains the transcribed and TEI P5 encoded text of the objects</label><code rend="rectangle" lang="text/css">color: #ff0000</code></rendition><rendition xml:id="commentary"><label>Kommentarer</label><code rend="rectangle" lang="text/css">color: #00ff00</code></rendition><rendition xml:id="philologicalNotes"><label>Edisjonsfilologiske noter</label><code rend="rectangle" lang="text/css">color: #0000ff</code></rendition><rendition xml:id="textForSearch"><desc>transcriptional</desc><label>Søkbar tekst</label><code rend="rectangle" lang="text/css">color: #000000</code></rendition></tagsDecl><appInfo>
     <application ident="ImageMarkupTool01" version="1.8.1.3" notAfter="2009-03-30T14:36:37">
     <label>
     Image Markup Tool</label><desc>
     Tool for annotating images using TEI</desc><ref type="appURI" target="http://www.tapor.uvic.ca/~mholmes/image_markup/">
     </ref><ptr target="#imtAnnotatedImage"></ptr><ptr target="#imtImageAnnotations"></ptr><ptr target="#imtAnnotationCategories"></ptr></application>
     
     
     </appInfo></encodingDesc>
</teiHeader>
 <facsimile xml:id="imtAnnotatedImage"><surface><graphic url="No-MM_N0099-04.jpg" width="2704px" height="4064px"></graphic><zone xml:id="imtArea_0" rendition="transcription" ulx="306" uly="262" lrx="2581" lry="3932" rend="visible"></zone></surface></facsimile>
 <text>
  <body>
   <div xml:id="imtImageAnnotations"><div corresp="#imtArea_0" type="imtAnnotation"><head>&#x00A0;</head><div>
    <p rend="noIndent">da de var på veien igjen
     <lb/><del rend="overstrike"><unclear reason="blurredInk">&#x2013; var</unclear> alting vandet og luften 
    <lb/>så lyst så lyst lyse violet</del>.
    <lb/>var <del rend="overstrike">vandet så</del> alting så 
     <lb/>lyst.</p>
    <p><del rend="overstrike">Se hvor det</del></p>
    <p>Se der er det ikke for 
    <lb/>deilig  hun pegte udover vandet 
    <lb/><del rend="overstrike">ha</del> &#x2013; han vendte sig ikke så 
    <lb/>bare på hende &#x2013; Hvor <del rend="overstrike">han</del> det 
    <lb/>var deiligt hode hendes i det 
    <lb/>milde bløde skjær fra horisonten &#x2013;
    <lb/>så lyst mod skoven.</p> 
    <p rend="extraAir"><del rend="overstrike">D</del> Det var små <del rend="overstrike">blink ind i</del> blink 
    <lb/>i øinene. Håret hadde hun 
    <lb/>løst op &#x2013;</p>
    <p>Hun så på ham &#x2013; så hans
    <lb/>beundring &#x2013; og så smilte hun
    <lb/>igjen med det rare <del rend="overstrike">syg</del> lidt syge
    <lb/>smilet til den ene siden</p>
    <p><del rend="overwritten"><gap/></del>Han følte igjen denne kildrende
    <lb/>varmen om <del rend="overstrike">Hj</del>hjertet &#x2013;</p>
    <p>De ligner en havfrue &#x2013; <del rend="overstrike">sier</del> 
    <lb/>sa han.</p>
    <p>Han talte med en anden stemme
    <lb/>den <del rend="overwritten">dirrede</del>skalv og rak ikke til</p>
    </div></div></div>
  </body>
 </text>
</TEI>
