<?xml version="1.0" encoding="UTF-8"?>
<!DOCTYPE TEI PUBLIC "-//TEI P5 MunchTEI//DTD TEI P5 Unified for Edvard Munch's Texts//EN" "file:/O:/Munchs tekster/Transkripsjoner/MunchTEI.dtd" >
<TEI xmlns="http://www.tei-c.org/ns/1.0" version="5.0" xml:id="No-MM_N0021-04">
<teiHeader>
 <fileDesc>
<titleStmt>
<title>No-MM_N0021-04.jpg</title>
</titleStmt>

<publicationStmt>
<p></p>
</publicationStmt>
<sourceDesc>
<p>2704 x 4064</p>
</sourceDesc>
 </fileDesc>
 <encodingDesc>


 
  <tagsDecl xml:id="imtAnnotationCategories"><rendition xml:id="transcription"><label>Contains the transcribed and TEI P5 encoded text of the objects</label><code rend="rectangle" lang="text/css">color: #ff0000</code></rendition><rendition xml:id="commentary"><label>Kommentarer</label><code rend="rectangle" lang="text/css">color: #00ff00</code></rendition><rendition xml:id="philologicalNotes"><label>Edisjonsfilologiske noter</label><code rend="rectangle" lang="text/css">color: #0000ff</code></rendition><rendition xml:id="textForSearch"><desc>transcriptional</desc><label>Søkbar tekst</label><code rend="rectangle" lang="text/css">color: #000000</code></rendition></tagsDecl><appInfo>
     <application ident="ImageMarkupTool01" version="1.8.1.2" notAfter="2009-03-17T16:09:57">
     <label>
     Image Markup Tool</label><desc>
     Tool for annotating images using TEI</desc><ref type="appURI" target="http://www.tapor.uvic.ca/~mholmes/image_markup/">
     </ref><ptr target="#imtAnnotatedImage"></ptr><ptr target="#imtImageAnnotations"></ptr><ptr target="#imtAnnotationCategories"></ptr></application>
     
     
     </appInfo></encodingDesc>
</teiHeader>
 <facsimile xml:id="imtAnnotatedImage"><surface><graphic url="No-MM_N0021-04.jpg" width="2704px" height="4064px"></graphic><zone xml:id="imtArea_0" rendition="transcription" ulx="120" uly="196" lrx="2664" lry="3968" rend="visible"></zone></surface></facsimile>
 <text>
  <body>
   <div xml:id="imtImageAnnotations"><div corresp="#imtArea_0" type="imtAnnotation"><head>&#x00A0;</head><div>
    <p><del rend="overwritten">S</del>Den ligger blændende vibrerende 
    <lb/>i Middagssolen med havet
    <lb/>på <del rend="overwritten">ene</del>den ene side og en uendelig 
    <lb/>række af <del rend="overstrike">huse</del> svære hoteller 
    <lb/>og små <unclear reason="writing">Pillaer</unclear> på den anden 
     <lb/><del rend="overstrike">side</del> &#x2013; Det v<del rend="overwritten"><gap/></del>rimler af Spadserende 
     <lb/>&#x2013; det lyser af de røde og 
    <lb/>hvide Parasoller og brogede 
    <lb/>Vaartoiletter</p>
    <p>Her går blege misser, stilige 
    <lb/>Pariserinder med sine bitte 
    <lb/>små Skjødehunde, Lapser 
    <lb/>fra Boulevardene med Benklæder 
    <lb/>så <del rend="overstrike">hvid</del> vide som sække og 
    <lb/>hulbrystede Tæringspatienter 
     <lb/>indtullet i Sjawler &#x2013;</p>
    <p>Havet ligger blåt udover 
     <lb/>&#x2013; bare en Nuance dybere end 
    <lb/>luften <del rend="overstrike">og</del> en vidunderli blå 
    <lb/>farve lufti som Naftha 
    <lb/>og ud mod Stranden drar sig 
    <lb/>dovent lange dønninger og bryder 
    <lb/>med svære drøn</p>
    <p><del rend="overstrike">Der kjender In <del rend="overwritten"><gap/></del>du indånder den
    <lb/>frisk <unclear>s</unclear>.</del></p>
   </div></div></div>
  </body>
 </text>
</TEI>
