<?xml version="1.0" encoding="UTF-8"?>
<!DOCTYPE TEI PUBLIC "-//TEI P5 MunchTEI//DTD TEI P5 Unified for Edvard Munch's Texts//EN" "file:/O:/Munchs tekster/Transkripsjoner/MunchTEI.dtd" >
<TEI xmlns="http://www.tei-c.org/ns/1.0" version="5.0" xml:id="No-MM_N0035-00-01v">
<teiHeader>
 <fileDesc>
<titleStmt>
<title>No-MM_N0035-00-01v.jpg</title>
</titleStmt>

<publicationStmt>
<p></p>
</publicationStmt>
<sourceDesc>
<p>4064 x 2704</p>
</sourceDesc>
 </fileDesc>
 <encodingDesc>


 
  <tagsDecl xml:id="imtAnnotationCategories"><rendition xml:id="transcription"><label>Contains the transcribed and TEI P5 encoded text of the objects</label><code rend="rectangle" lang="text/css">color: #ff0000</code></rendition><rendition xml:id="commentary"><label>Kommentarer</label><code rend="rectangle" lang="text/css">color: #00ff00</code></rendition><rendition xml:id="philologicalNotes"><label>Edisjonsfilologiske noter</label><code rend="rectangle" lang="text/css">color: #0000ff</code></rendition><rendition xml:id="textForSearch"><desc>transcriptional</desc><label>Søkbar tekst</label><code rend="rectangle" lang="text/css">color: #000000</code></rendition></tagsDecl><appInfo>
     <application ident="ImageMarkupTool01" version="1.8.1.2" notAfter="2009-03-19T16:46:23">
     <label>
     Image Markup Tool</label><desc>
     Tool for annotating images using TEI</desc><ref type="appURI" target="http://www.tapor.uvic.ca/~mholmes/image_markup/">
     </ref><ptr target="#imtAnnotatedImage"></ptr><ptr target="#imtImageAnnotations"></ptr><ptr target="#imtAnnotationCategories"></ptr></application>
     
     
     </appInfo></encodingDesc>
</teiHeader>
 <facsimile xml:id="imtAnnotatedImage"><surface><graphic url="No-MM_N0035-00-01v.jpg" width="4064px" height="2704px"></graphic><zone xml:id="imtArea_0" rendition="transcription" ulx="312" uly="168" lrx="3692" lry="2416" rend="visible"></zone></surface></facsimile>
 <text>
  <body>
   <div xml:id="imtImageAnnotations"><div corresp="#imtArea_0" type="imtAnnotation"><head>&#x00A0;</head><div>
    <p rend="noIndent">som en <del rend="overstrike">idiot</del> gjerrig idiot der samler 
    <lb/>på villaer og billeder &#x2013;</p>
    <p><del rend="overstrike">Jeg</del> <ref type="lemma" target="co2">Aulabillederne</ref> og de tidligere Lindefris
    <lb/>og Reinhardtfris var alvorlige <del rend="overstrike">ar</del> studier 
    <lb/>i monumental maleri &#x2013; Jeg <del rend="overstrike">vilde eft</del> kunde 
     <lb/>efter <ref type="lemma" target="co2">Aulabillederne</ref> ikke lægge alt på hylden
    <lb/>Jeg følte trang til at <del rend="overstrike">ep</del> experimentere videre 
    <lb/>hermed og f<del rend="overwritten"><gap/></del>ortsatte med arbeide på <ref type="lemma" target="co2">aulabilledene</ref> 
    <lb/>og <del rend="overstrike">f arbeide</del> Livsfrisen og andre <del rend="overstrike"><gap/></del> monumental
    <lb/>arbeider &#x2013; Forat disse træhus skulde få 
    <lb/><del rend="overwritten"><gap/></del>tilladelse til at bygges måtte der plads 
    <lb/>til &#x2013; ligeledes måtte de ha plads for ikke 
    <lb/>at <del rend="overstrike">brænde op</del> brand skulde brænde alt</p>
    </div></div></div>
  </body>
 </text>
</TEI>
