<?xml version="1.0" encoding="UTF-8"?>
<!DOCTYPE TEI PUBLIC "-//TEI P5 MunchTEI//DTD TEI P5 Unified for Edvard Munch's Texts//EN" "file:/O:/Munchs tekster/Transkripsjoner/MunchTEI.dtd" >
<TEI xmlns="http://www.tei-c.org/ns/1.0" version="5.0" xml:id="No-MM_N0139-04">
<teiHeader>
 <fileDesc>
<titleStmt>
<title>No-MM_N0139-04.jpg</title>
</titleStmt>

<publicationStmt>
<p></p>
</publicationStmt>
<sourceDesc>
<p>4064 x 2704</p>
</sourceDesc>
 </fileDesc>
 <encodingDesc>


 
  <tagsDecl xml:id="imtAnnotationCategories"><rendition xml:id="transcription"><label>Contains the transcribed and TEI P5 encoded text of the objects</label><code rend="rectangle" lang="text/css">color: #ff0000</code></rendition><rendition xml:id="commentary"><label>Kommentarer</label><code rend="rectangle" lang="text/css">color: #00ff00</code></rendition><rendition xml:id="philologicalNotes"><label>Edisjonsfilologiske noter</label><code rend="rectangle" lang="text/css">color: #0000ff</code></rendition><rendition xml:id="textForSearch"><desc>transcriptional</desc><label>Søkbar tekst</label><code rend="rectangle" lang="text/css">color: #000000</code></rendition></tagsDecl><appInfo>
     <application ident="ImageMarkupTool01" version="1.8.1.3" notAfter="2009-04-23T10:04:43">
     <label>
     Image Markup Tool</label><desc>
     Tool for annotating images using TEI</desc><ref type="appURI" target="http://www.tapor.uvic.ca/~mholmes/image_markup/">
     </ref><ptr target="#imtAnnotatedImage"></ptr><ptr target="#imtImageAnnotations"></ptr><ptr target="#imtAnnotationCategories"></ptr></application>
     
     
     </appInfo></encodingDesc>
</teiHeader>
 <facsimile xml:id="imtAnnotatedImage"><surface><graphic url="No-MM_N0139-04.jpg" width="4064px" height="2704px"></graphic><zone xml:id="imtArea_0" rendition="transcription" ulx="347" uly="108" lrx="3641" lry="2545" rend="visible"></zone><zone xml:id="imtArea_1" rendition="transcription" ulx="3514" uly="193" lrx="3792" lry="2471" rend="visible"></zone></surface></facsimile>
 <text>
  <body>
   <div xml:id="imtImageAnnotations"><div corresp="#imtArea_0" type="imtAnnotation"><head>&#x00A0;</head><div>
    <p rend="noIndent">han ikke ligeoverfor mig personlig
    <lb/>byr forholdsvis det samme
    <lb/>som han har betalt til <del rend="overstrike">andre</del>
    <lb/><del rend="overwritten">p</del>Privatfolk for Billeder af
    <lb/>mig &#x2013; <unclear reason="writing">Disse <del rend="overwritten">B</del>små Billeder</unclear> blev
    <lb/>jo <del rend="overwritten"><gap/></del>forholdsvis meget godt betalt &#x2013;</p>
    <p><del rend="overwritten"><gap/></del>Det skulde glæde mig meget
    <lb/>om jeg senere kunde komme
    <lb/>overens med <persName key="pe329">Hr Meyer</persName> &#x2013; Mine senere
    <lb/>Billeder står fuldt på Høide med
    <lb/>de ældre &#x2013; Jeg skal muligvis have
    <lb/>en udstilling i <placeName key="pl50">Bergen</placeName> &#x2013; Byr han <del rend="overwritten">et</del>en
    <lb/>større Sum for flere blir det ham billigere</p>
   
   </div></div><div corresp="#imtArea_1" type="imtAnnotation"><head>&#x00A0;</head><div>
   <closer><salute>Deres ærbødige <signed rend="noLineBreakBefore"><persName key="pe627">Edv Munch</persName></signed></salute></closer>
   </div></div></div>
  </body>
 </text>
</TEI>
