<?xml version="1.0" encoding="UTF-8"?>
<!DOCTYPE TEI PUBLIC "-//TEI P5 MunchTEI//DTD TEI P5 Unified for Edvard Munch's Texts//EN" "file:/O:/Munchs tekster/Transkripsjoner/MunchTEI.dtd" >
<TEI xmlns="http://www.tei-c.org/ns/1.0" version="5.0" xml:id="No-MM_N0128-03">
<teiHeader>
 <fileDesc>
<titleStmt>
<title>No-MM_N0128-03.jpg</title>
</titleStmt>

<publicationStmt>
<p></p>
</publicationStmt>
<sourceDesc>
<p>2704 x 4064</p>
</sourceDesc>
 </fileDesc>
 <encodingDesc>


 
  <tagsDecl xml:id="imtAnnotationCategories"><rendition xml:id="transcription"><label>Contains the transcribed and TEI P5 encoded text of the objects</label><code rend="rectangle" lang="text/css">color: #ff0000</code></rendition><rendition xml:id="commentary"><label>Kommentarer</label><code rend="rectangle" lang="text/css">color: #00ff00</code></rendition><rendition xml:id="philologicalNotes"><label>Edisjonsfilologiske noter</label><code rend="rectangle" lang="text/css">color: #0000ff</code></rendition><rendition xml:id="textForSearch"><desc>transcriptional</desc><label>Søkbar tekst</label><code rend="rectangle" lang="text/css">color: #000000</code></rendition></tagsDecl><appInfo>
     <application ident="ImageMarkupTool01" version="1.8.1.3" notAfter="2009-04-20T13:20:08">
     <label>
     Image Markup Tool</label><desc>
     Tool for annotating images using TEI</desc><ref type="appURI" target="http://www.tapor.uvic.ca/~mholmes/image_markup/">
     </ref><ptr target="#imtAnnotatedImage"></ptr><ptr target="#imtImageAnnotations"></ptr><ptr target="#imtAnnotationCategories"></ptr></application>
     
     
     </appInfo></encodingDesc>
</teiHeader>
 <facsimile xml:id="imtAnnotatedImage"><surface><graphic url="No-MM_N0128-03.jpg" width="2704px" height="4064px"></graphic><zone xml:id="imtArea_0" rendition="transcription" ulx="119" uly="382" lrx="2413" lry="3869" rend="visible"></zone></surface></facsimile>
 <text>
  <body>
   <div xml:id="imtImageAnnotations"><div corresp="#imtArea_0" type="imtAnnotation"><head>&#x00A0;</head><div>
    <p>Hun <del rend="overstrike">ble</del> pleiet at gå alene
    <lb/>ud da kusinen mest holdt
    <lb/>sig på sit værelse</p>
    <p><del rend="overwritten">Jeg</del>Hun sad på en bænk i
    <lb/>den eller den strasse. Så var
    <lb/>der 3 unge fyre som glante så
    <lb/>på hende og gjorde tegn til hinanden
    <lb/>Hun følte sig lidt benauet men
    <lb/>ikke meget.</p>
    <p>Så kom en ældre mand hen
    <lb/>til hende og satte sig på bæn<del rend="overwritten">g</del>ken
    <lb/>ved siden af hende. Han
    <lb/>advarede hende <del rend="overwritten">p</del>mod sådanne
    <lb/>letsindige unge mennesker der
    <lb/>var <del rend="overstrike">f<gap/></del> farlige. Han skulde
    <lb/>da passe hende</p>
    <p>Hun syntes det var meget
    <lb/>venligt af <del rend="overstrike">den</del> ham. Det begyndte 
    <lb/>at regne han tog op en Par<del rend="overwritten">p</del>aply
    <lb/>og <del rend="overwritten"><gap/></del>bød hende benytte sin &#x2013;
    <lb/>og bad hende ind på en <del rend="overwritten">k</del>cafe
    <lb/>mens regnen sto på <del rend="overstrike">Jo</del> Hun
     <lb/>gik ind og der <seg type="handShift"><handShift new="NN1"/>(<persName key="pe627">Edvard Munch</persName>.)</seg></p>
    </div></div></div>
  </body>
 </text>
</TEI>
