<?xml version="1.0" encoding="UTF-8"?>
<!DOCTYPE TEI PUBLIC "-//TEI P5 MunchTEI//DTD TEI P5 Unified for Edvard Munch's Texts//EN" "file:/O:/Munchs tekster/Transkripsjoner/MunchTEI.dtd" >
<TEI xmlns="http://www.tei-c.org/ns/1.0" version="5.0" xml:id="No-MM_N0046-00-02r">
<teiHeader>
 <fileDesc>
<titleStmt>
<title>No-MM_N0046-00-02r.jpg</title>
</titleStmt>

<publicationStmt>
<p></p>
</publicationStmt>
<sourceDesc>
<p>2704 x 4064</p>
</sourceDesc>
 </fileDesc>
 <encodingDesc>


 
  <tagsDecl xml:id="imtAnnotationCategories"><rendition xml:id="transcription"><label>Contains the transcribed and TEI P5 encoded text of the objects</label><code rend="rectangle" lang="text/css">color: #ff0000</code></rendition><rendition xml:id="commentary"><label>Kommentarer</label><code rend="rectangle" lang="text/css">color: #00ff00</code></rendition><rendition xml:id="philologicalNotes"><label>Edisjonsfilologiske noter</label><code rend="rectangle" lang="text/css">color: #0000ff</code></rendition><rendition xml:id="textForSearch"><desc>transcriptional</desc><label>Søkbar tekst</label><code rend="rectangle" lang="text/css">color: #000000</code></rendition></tagsDecl><appInfo>
     <application ident="ImageMarkupTool01" version="1.8.1.3" notAfter="2009-03-23T13:12:16">
     <label>
     Image Markup Tool</label><desc>
     Tool for annotating images using TEI</desc><ref type="appURI" target="http://www.tapor.uvic.ca/~mholmes/image_markup/">
     </ref><ptr target="#imtAnnotatedImage"></ptr><ptr target="#imtImageAnnotations"></ptr><ptr target="#imtAnnotationCategories"></ptr></application>
     
     
     </appInfo></encodingDesc>
</teiHeader>
 <facsimile xml:id="imtAnnotatedImage"><surface><graphic url="No-MM_N0046-00-02r.jpg" width="2704px" height="4064px"></graphic><zone xml:id="imtArea_0" rendition="transcription" ulx="163" uly="608" lrx="2513" lry="2875" rend="visible"></zone></surface></facsimile>
 <text>
  <body>
   <div xml:id="imtImageAnnotations"><div corresp="#imtArea_0" type="imtAnnotation"><head>&#x00A0;</head><div>
    <p><handShift new="EM2"/>Min farfar stiftsprosten døde 
    <lb/>af rygmarvstæring &#x2013; Heraf <gap reason="scribble"/> mener 
    <lb/>jeg min far fik sin sygelige nervøsitet 
    <lb/>og heftighet &#x2013; Den samme som 
    <lb/>udviklede sig mer og mer hos 
    <lb/>os børn</p>
    <p>Jeg mener derfor ikke at min 
    <lb/>kunst er syg &#x2013; som <persName key="pe846">Scharfenberg</persName> og 
    <lb/>mange tror. Det er folk som ikke 
    <lb/>forstår kunstens væsen og heller ikke 
    <lb/>kjenner kunsthistorien</p>
    <p>Når jeg maler sygdom og last 
    <lb/>er det tvært imot en sund utløsning</p>
    <p>Det er en sund reaktion som 
    <lb/>man kan lære af og leve efter</p>
    </div></div></div>
  </body>
 </text>
</TEI>
