<?xml version="1.0" encoding="UTF-8"?>
<!DOCTYPE TEI PUBLIC "-//TEI P5 MunchTEI//DTD TEI P5 Unified for Edvard Munch's Texts//EN" "file:/O:/Munchs tekster/Transkripsjoner/MunchTEI.dtd" >
<TEI xmlns="http://www.tei-c.org/ns/1.0" version="5.0" xml:id="No-MM_N0062-00-01r">
<teiHeader>
 <fileDesc>
<titleStmt>
<title>No-MM_N0062-00-01r.jpg</title>
</titleStmt>

<publicationStmt>
<p></p>
</publicationStmt>
<sourceDesc>
<p>4064 x 2704</p>
</sourceDesc>
 </fileDesc>
 <encodingDesc>


 
  <tagsDecl xml:id="imtAnnotationCategories"><rendition xml:id="transcription"><label>Contains the transcribed and TEI P5 encoded text of the objects</label><code rend="rectangle" lang="text/css">color: #ff0000</code></rendition><rendition xml:id="commentary"><label>Kommentarer</label><code rend="rectangle" lang="text/css">color: #00ff00</code></rendition><rendition xml:id="philologicalNotes"><label>Edisjonsfilologiske noter</label><code rend="rectangle" lang="text/css">color: #0000ff</code></rendition><rendition xml:id="textForSearch"><desc>transcriptional</desc><label>Søkbar tekst</label><code rend="rectangle" lang="text/css">color: #000000</code></rendition></tagsDecl><appInfo>
     <application ident="ImageMarkupTool01" version="1.8.1.3" notAfter="2009-03-25T10:29:56">
     <label>
     Image Markup Tool</label><desc>
     Tool for annotating images using TEI</desc><ref type="appURI" target="http://www.tapor.uvic.ca/~mholmes/image_markup/">
     </ref><ptr target="#imtAnnotatedImage"></ptr><ptr target="#imtImageAnnotations"></ptr><ptr target="#imtAnnotationCategories"></ptr></application>
     
     
     </appInfo></encodingDesc>
</teiHeader>
 <facsimile xml:id="imtAnnotatedImage"><surface><graphic url="No-MM_N0062-00-01r.jpg" width="4064px" height="2704px"></graphic><zone xml:id="imtArea_0" rendition="transcription" ulx="233" uly="373" lrx="3731" lry="2540" rend="visible"></zone></surface></facsimile>
 <text>
  <body>
   <div xml:id="imtImageAnnotations"><div corresp="#imtArea_0" type="imtAnnotation"><head>&#x00A0;</head><div>
    <p rend="noIndent"><del rend="overstrike">Min kunst</del></p>
    <p>Hvordan jeg kom in på vægmalerier 
    <lb/>og friser &#x2013;</p>
    <p>I min kunst har jeg forsøgt at forklare 
    <lb/>mig livet og søgte at få klarhed om <del rend="overstrike">livs</del> livsveien 
    <lb/>Det har jeg osså tænkt kunde bidrage til at
    <lb/><del rend="overstrike">andre</del> andres klarlægning af livet</p>
    <p>&#x2013; Jeg har altid bedst arbeidet når jeg har mine 
    <lb/>billeder i nærheten &#x2013;</p>
    <p>&#x2013; Jeg følte billederne havde forbindelse med 
    <lb/>hverandre i indholdet &#x2013;</p>
    <p><del rend="overwritten">J</del>Når jeg stillet dem sammen fik de med 
    <lb/>engang en klang de ikke havde enkeltvis &#x2013; ligesom 
    <lb/>de ikke kunde udstilles med andre &#x2013;</p>
    <p>Så sat jeg dem sammen i friser &#x2013;</p>
    </div></div></div>
  </body>
 </text>
</TEI>
