<?xml version="1.0" encoding="UTF-8"?>
<!DOCTYPE TEI PUBLIC "-//TEI P5 MunchTEI//DTD TEI P5 Unified for Edvard Munch's Texts//EN" "file:/O:/Munchs tekster/Transkripsjoner/MunchTEI.dtd" >
<TEI xmlns="http://www.tei-c.org/ns/1.0" version="5.0" xml:id="No-MM_N0080-02">
<teiHeader>
 <fileDesc>
<titleStmt>
<title>No-MM_N0080-02.jpg</title>
</titleStmt>

<publicationStmt>
<p></p>
</publicationStmt>
<sourceDesc>
<p>2704 x 4064</p>
</sourceDesc>
 </fileDesc>
 <encodingDesc>


 
  <tagsDecl xml:id="imtAnnotationCategories"><rendition xml:id="transcription"><label>Contains the transcribed and TEI P5 encoded text of the objects</label><code rend="rectangle" lang="text/css">color: #ff0000</code></rendition><rendition xml:id="commentary"><label>Kommentarer</label><code rend="rectangle" lang="text/css">color: #00ff00</code></rendition><rendition xml:id="philologicalNotes"><label>Edisjonsfilologiske noter</label><code rend="rectangle" lang="text/css">color: #0000ff</code></rendition><rendition xml:id="textForSearch"><desc>transcriptional</desc><label>Søkbar tekst</label><code rend="rectangle" lang="text/css">color: #000000</code></rendition></tagsDecl><appInfo>
     <application ident="ImageMarkupTool01" version="1.8.1.3" notAfter="2009-03-26T16:16:44">
     <label>
     Image Markup Tool</label><desc>
     Tool for annotating images using TEI</desc><ref type="appURI" target="http://www.tapor.uvic.ca/~mholmes/image_markup/">
     </ref><ptr target="#imtAnnotatedImage"></ptr><ptr target="#imtImageAnnotations"></ptr><ptr target="#imtAnnotationCategories"></ptr></application>
     
     
     </appInfo></encodingDesc>
</teiHeader>
 <facsimile xml:id="imtAnnotatedImage"><surface><graphic url="No-MM_N0080-02.jpg" width="2704px" height="4064px"></graphic><zone xml:id="imtArea_0" rendition="transcription" ulx="195" uly="481" lrx="2656" lry="3674" rend="visible"></zone></surface></facsimile>
 <text>
  <body>
   <div xml:id="imtImageAnnotations"><div corresp="#imtArea_0" type="imtAnnotation"><head>&#x00A0;</head><div>
    <p>Det vil vistnok være på sin plads 
    <lb/>at oplyse publikum om at 
    <lb/>raderingerne (der ikke er signerede) 
    <lb/>kan fåes billigere ved at 
    <lb/>kjøbe bøgerne &#x2013; F. Ex en gammel 
    <lb/>mand der hyppig sælges <add place="supralinear">på auktioner derute</add> kan 
    <lb/>fåes ved at kjøbe <persName key="pe143">Glasers</persName> bog 
    <lb/><persName key="pe627">Edvard Munch</persName> &#x2013; Den koster vist
    <lb/>15 kr <add place="supralinear">i <unclear reason="writing">b<gap reason="writing"/></unclear></add> &#x2013; derved faar man raderingen 
     <lb/>og bog<del rend="overwritten"><gap/></del>en altså for <del rend="overwritten">en</del>&#x2153; de <gap reason="writing"/>
     <lb/>&#x00BC; d<gap reason="writing"/> <gap reason="writing"/> hvad man har givet
    <lb/>for raderingen på Auktion enkeltvis
    <lb/>&#x2013; Samme er tilfælde med et 
    <lb/>Kvinnehoved i <persName key="pe416">Gustav Schieflers</persName> 
    <lb/>Katalog der Grafik <persName key="pe627">Edvard Munch</persName> 
    <lb/>Denne katalog kan kjøbes hos
    <address n="discussed"><addrLine><persName key="pe862">Paul Cassirer</persName> <placeName key="pl169">victoriastr</placeName> <placeName key="pl17">Berlin</placeName></addrLine></address></p>
    </div></div></div>
  </body>
 </text>
</TEI>
