<?xml version="1.0" encoding="UTF-8"?>
<!DOCTYPE TEI PUBLIC "-//TEI P5 MunchTEI//DTD TEI P5 Unified for Edvard Munch's Texts//EN" "file:/O:/Munchs tekster/Transkripsjoner/MunchTEI.dtd" >
<TEI xmlns="http://www.tei-c.org/ns/1.0" version="5.0" xml:id="No-MM_N0001-01">
<teiHeader>
 <fileDesc>
<titleStmt>
<title>No-MM_N0001-01.jpg</title>
</titleStmt>

<publicationStmt>
<p></p>
</publicationStmt>
<sourceDesc>
<p>2704 x 4064</p>
</sourceDesc>
 </fileDesc>
 <encodingDesc>


 
  <tagsDecl xml:id="imtAnnotationCategories"><rendition xml:id="transcription"><label>Contains the transcribed and TEI P5 encoded text of the objects</label><code rend="rectangle" lang="text/css">color: #ff0000</code></rendition><rendition xml:id="commentary"><label>Kommentarer</label><code rend="rectangle" lang="text/css">color: #00ff00</code></rendition><rendition xml:id="philologicalNotes"><label>Edisjonsfilologiske noter</label><code rend="rectangle" lang="text/css">color: #0000ff</code></rendition><rendition xml:id="textForSearch"><desc>transcriptional</desc><label>Søkbar tekst</label><code rend="rectangle" lang="text/css">color: #000000</code></rendition></tagsDecl><appInfo>
     <application ident="ImageMarkupTool01" version="1.8.1.2" notAfter="2009-03-12T16:35:43">
     <label>
     Image Markup Tool</label><desc>
     Tool for annotating images using TEI</desc><ref type="appURI" target="http://www.tapor.uvic.ca/~mholmes/image_markup/">
     </ref><ptr target="#imtAnnotatedImage"></ptr><ptr target="#imtImageAnnotations"></ptr><ptr target="#imtAnnotationCategories"></ptr></application>
     
     
     </appInfo></encodingDesc>
</teiHeader>
 <facsimile xml:id="imtAnnotatedImage"><surface><graphic url="No-MM_N0001-01.jpg" width="2704px" height="4064px"></graphic><zone xml:id="imtArea_0" rendition="transcription" ulx="268" uly="460" lrx="2496" lry="3840" rend="visible"></zone></surface></facsimile>
 <text>
  <body>
   <div xml:id="imtImageAnnotations"><div corresp="#imtArea_0" type="imtAnnotation"><head>&#x00A0;</head><div>
    <p>Jeg fik ikke sove &#x2013; <del rend="overstrike">j</del> så den 
    <lb/>lille striben mellem ridauerne lysne 
     <lb/>mere og mere &#x2013; <del rend="overwritten">v</del>jeg vendte mig hed
     <lb/>i sengen &#x2013; Det var <del rend="overstrike">jo</del> så tydeli &#x2013; <unclear><del rend="overstrike">var</del></unclear> at 
    <lb/><gap reason="scribble"/> ingen andre havde fundet det ud før 
     <lb/>mig &#x2013; bare vente &#x2013; bare tålmodighed &#x2013; 
    <lb/>når et hvist antal af en farve 
    <lb/>er kommen ud så sætte på den anden 
     <lb/>farve &#x2013; taber man så vente &#x2013; til 
     <lb/>en anden &#x2013; gang &#x2013; n<del rend="overwritten"><gap/></del>år jeg nu har 
     <lb/>vundet en større sum &#x2013; <del rend="overstrike">så</del> vover 
     <lb/>jeg mer &#x2013; af gangen &#x2013; jeg blir rig &#x2013; 
     <lb/>&#x2013; hvor tydelig det &#x2013; er &#x2013; jeg kan så 
     <lb/>bare hellige mig for mit arbeid &#x2013; 
     <lb/><unclear reason="writing">Men vinder mer</unclear> for den rene kunst &#x2013; 
     <lb/>og når jeg sender hjem &#x2013; en seddel 
     <lb/>på &#x2013; 1000 frs &#x2013; hvor de vil bli forbauset &#x2013;</p>
    <p>&#x2013; Jeg går did i dag &#x2013; venter til 
    <lb/>jeg <del rend="overstrike">næste</del> Thorsdag <del rend="overstrike">for</del> <del rend="overstrike">saa</del> efter aftale 
     <lb/>med mine venner &#x2013; umuligt at tænke sig</p> 
    </div></div></div>
  </body>
 </text>
</TEI>
