<?xml version="1.0" encoding="UTF-8"?>
<!DOCTYPE TEI PUBLIC "-//TEI P5 MunchTEI//DTD TEI P5 Unified for Edvard Munch's Texts//EN" "file:/O:/Munchs tekster/Transkripsjoner/MunchTEI.dtd" >
<TEI xmlns="http://www.tei-c.org/ns/1.0" version="5.0" xml:id="No-MM_N0137-00-01r">
<teiHeader>
 <fileDesc>
<titleStmt>
<title>No-MM_N0137-00-01r.jpg</title>
</titleStmt>

<publicationStmt>
<p></p>
</publicationStmt>
<sourceDesc>
<p>2704 x 4064</p>
</sourceDesc>
 </fileDesc>
 <encodingDesc>


 
  <tagsDecl xml:id="imtAnnotationCategories"><rendition xml:id="transcription"><label>Contains the transcribed and TEI P5 encoded text of the objects</label><code rend="rectangle" lang="text/css">color: #ff0000</code></rendition><rendition xml:id="commentary"><label>Kommentarer</label><code rend="rectangle" lang="text/css">color: #00ff00</code></rendition><rendition xml:id="philologicalNotes"><label>Edisjonsfilologiske noter</label><code rend="rectangle" lang="text/css">color: #0000ff</code></rendition><rendition xml:id="textForSearch"><desc>transcriptional</desc><label>Søkbar tekst</label><code rend="rectangle" lang="text/css">color: #000000</code></rendition></tagsDecl><appInfo>
     <application ident="ImageMarkupTool01" version="1.8.1.3" notAfter="2009-04-22T15:29:11">
     <label>
     Image Markup Tool</label><desc>
     Tool for annotating images using TEI</desc><ref type="appURI" target="http://www.tapor.uvic.ca/~mholmes/image_markup/">
     </ref><ptr target="#imtAnnotatedImage"></ptr><ptr target="#imtImageAnnotations"></ptr><ptr target="#imtAnnotationCategories"></ptr></application>
     
     
     </appInfo></encodingDesc>
</teiHeader>
 <facsimile xml:id="imtAnnotatedImage"><surface><graphic url="No-MM_N0137-00-01r.jpg" width="2704px" height="4064px"></graphic><zone xml:id="imtArea_0" rendition="transcription" ulx="290" uly="561" lrx="2497" lry="3778" rend="hidden"></zone></surface></facsimile>
 <text>
  <body>
   <div xml:id="imtImageAnnotations"><div corresp="#imtArea_0" type="imtAnnotation"><head>&#x00A0;</head><div>
    <p>Jeg har havt de største
    <lb/>ærgrelser de sidste 20 år over
    <lb/>at folk har opholdt sig
    <lb/>såmeget over mine mange
    <lb/>eiendomme &#x2013; Man har jo osså
    <lb/>fåt det til at jeg eier 8 à 10 &#x2013;</p>
    <p>Det har gjort stor direkte
    <lb/>skade &#x2013; Der er <del rend="overwritten"><gap/></del>mennesker
    <lb/>der har levet i den tro
    <lb/>jeg er så <del rend="overwritten"><gap/></del>overstadi rig at
    <lb/>de har indrettet sig derefter.</p>
    <p>Det er derfor af vigtighet
    <lb/>når De nu omtaler mine
    <lb/>2 eiendomme og den lille forfaldne
    <lb/>hytte på leiet grunn <del rend="overstrike">så er det</del></p>
    </div></div></div>
  </body>
 </text>
</TEI>
