<?xml version="1.0" encoding="UTF-8"?>
<!DOCTYPE TEI PUBLIC "-//TEI P5 MunchTEI//DTD TEI P5 Unified for Edvard Munch's Texts//EN" "file:/O:/Munchs tekster/Transkripsjoner/MunchTEI.dtd" >
<TEI xmlns="http://www.tei-c.org/ns/1.0" version="5.0" xml:id="No-MM_N0055-00-01r">
<teiHeader>
 <fileDesc>
<titleStmt>
<title>No-MM_N0055-00-01r.jpg</title>
</titleStmt>

<publicationStmt>
<p></p>
</publicationStmt>
<sourceDesc>
<p>2704 x 4064</p>
</sourceDesc>
 </fileDesc>
 <encodingDesc>


 
  <tagsDecl xml:id="imtAnnotationCategories"><rendition xml:id="transcription"><label>Contains the transcribed and TEI P5 encoded text of the objects</label><code rend="rectangle" lang="text/css">color: #ff0000</code></rendition><rendition xml:id="commentary"><label>Kommentarer</label><code rend="rectangle" lang="text/css">color: #00ff00</code></rendition><rendition xml:id="philologicalNotes"><label>Edisjonsfilologiske noter</label><code rend="rectangle" lang="text/css">color: #0000ff</code></rendition><rendition xml:id="textForSearch"><desc>transcriptional</desc><label>Søkbar tekst</label><code rend="rectangle" lang="text/css">color: #000000</code></rendition></tagsDecl><appInfo>
     <application ident="ImageMarkupTool01" version="1.8.1.3" notAfter="2009-03-24T09:50:08">
     <label>
     Image Markup Tool</label><desc>
     Tool for annotating images using TEI</desc><ref type="appURI" target="http://www.tapor.uvic.ca/~mholmes/image_markup/">
     </ref><ptr target="#imtAnnotatedImage"></ptr><ptr target="#imtImageAnnotations"></ptr><ptr target="#imtAnnotationCategories"></ptr></application>
     
     
     </appInfo></encodingDesc>
</teiHeader>
 <facsimile xml:id="imtAnnotatedImage"><surface><graphic url="No-MM_N0055-00-01r.jpg" width="2704px" height="4064px"></graphic><zone xml:id="imtArea_0" rendition="transcription" ulx="191" uly="441" lrx="2668" lry="926" rend="visible"></zone><zone xml:id="imtArea_1" rendition="transcription" ulx="115" uly="899" lrx="2513" lry="3647" rend="visible"></zone><zone xml:id="imtArea_2" rendition="transcription" ulx="2263" uly="1277" lrx="2597" lry="3464" rend="visible"></zone></surface></facsimile>
 <text>
  <body>
   <div xml:id="imtImageAnnotations"><div corresp="#imtArea_0" type="imtAnnotation"><head>&#x00A0;</head><div>
    <p><add place="margin-top">Den ene siden de kræfter der går inover &#x2013; stoffernes blanding
    <lb/>(<del rend="overstrike">Chemi</del> Kemi) <del rend="overstrike"><gap/></del> Krystallisation og røntkenstraaler (<gap reason="blurredInk"/> elskende)
    <lb/>Tanken og visdommen (<del rend="overstrike">Historien</del> og Læreren (Historien &#x2013;
    <lb/>På den annen side <gap reason="blurredInk"/> spirende kræfter &#x2013; Visdommens
    <lb/> frugter nydes &#x2013; Visdommen næres (Alma Mater) Kunskabens tørst stilles
    <lb/><add place="margin-right">Fremtiden
    <lb/>Lyset
    <lb/>Hjertekam-
    <lb/>meret
    <lb/>Lyset fra Kryst
     <lb/>allen</add></add>
    <figure rend="longHorizRule"/></p>
    </div></div><div corresp="#imtArea_1" type="imtAnnotation"><head>&#x00A0;</head><div>
    <p>Historien er billedet populært kaldt 
     <lb/>men det er mer læreren &#x2013; og det er hovedsagelig 
     <lb/>den del af videnskaben der går bakover og indover &#x2013;
    <lb/>Det er ingen motsigelse når den flankeres af 
     <lb/>de to elskende på begge sider &#x2013; Det ene par gjennem-
     <lb/>strømmes af lyset &#x2013; der trænger in i legemerne &#x2013;
     <lb/>og ind og ud af kristallen &#x2013; Billedet heter 
     <lb/>krystallisation &#x2013; det er lyset der trænger ind som 
     <lb/>Røntgenstraalerne &#x2013; Det andre sidebiledet chemi 
     <lb/>er de skjulte kræfter &#x2013; ildens og varmens 
     <lb/>værksted &#x2013;
    <lb/><add place="margin-left">fra</add> <unclear><del rend="overwritten">D</del>den</unclear> annen side <del rend="overstrike">har</del> sender solen sine 
     <lb/>stråle til de mer ydre &#x2013; voxende kræfterne &#x2013; 
     <lb/>Moder jord &#x2013; lærdommen i sin almindelighed 
     <lb/>&#x2013; Geografi &#x2013; Botanik &#x2013; det er Mennesker 
     <lb/>der æder visdommens frugter &#x2013; Børn der nyder
     <lb/>Visdommens mæ<del rend="overwritten"><gap/></del>lk &#x2013; og det er yngli<del rend="overwritten">g</del>nger der 
     <lb/>får sin tørst stillet &#x2013;</p>
    <p>De burde i et sådant værk &#x2013; bemærket 
    <lb/>utrykkeli hvad de må burde vidst at jeg 
     <lb/>netop ikke anser Alma Mater færdi &#x2013; og at 
    <lb/>jeg har en række udkast hvor den ene <gap reason="writing"/> 
     <lb/>skulder skjules ved en gruppe Børn &#x2013; &#x2013; <add place="inBetweenLines"><del rend="overwritten"><gap/></del>Jeg havde 
     <lb/>jo ikke den lykke at male dekorationer &#x2013; jeg måtte male 
     <lb/>disse på egen bekostning &#x2013; og måtte 
    <lb/>tilslut erklære 
    <lb/>den færdig</add></p>
    <p>Ligeledes burde <del rend="overwritten">d</del>De ha vidst at</p>
    </div></div><div corresp="#imtArea_2" type="imtAnnotation"><head>&#x00A0;</head><div>
    <p>Det er ikke det daarligste kunstværk der ikke 
    <lb/>forståe<del rend="overwritten">t</del>s &#x2013; ofte ligger det for dybt &#x2013; i<del rend="overwritten"><gap/></del>hvertfald hvis der 
    <lb/>havde fulgt med de nye opdagelser fra Røntgenstråler til 
    <lb/>Atomerne &#x2013; og <gap reason="writing"/> Hjerte og Nyre</p>
    </div></div></div>
  </body>
 </text>
</TEI>
