<?xml version="1.0" encoding="UTF-8"?>
<!DOCTYPE TEI PUBLIC "-//TEI P5 MunchTEI//DTD TEI P5 Unified for Edvard Munch's Texts//EN" "file:/O:/Munchs tekster/Transkripsjoner/MunchTEI.dtd" >
<TEI xmlns="http://www.tei-c.org/ns/1.0" version="5.0" xml:id="No-MM_N0011-01">
<teiHeader>
 <fileDesc>
<titleStmt>
<title>No-MM_N0011-01.jpg</title>
</titleStmt>

<publicationStmt>
<p></p>
</publicationStmt>
<sourceDesc>
<p>2704 x 4064</p>
</sourceDesc>
 </fileDesc>
 <encodingDesc>


 
  <tagsDecl xml:id="imtAnnotationCategories"><rendition xml:id="transcription"><label>Contains the transcribed and TEI P5 encoded text of the objects</label><code rend="rectangle" lang="text/css">color: #ff0000</code></rendition><rendition xml:id="commentary"><label>Kommentarer</label><code rend="rectangle" lang="text/css">color: #00ff00</code></rendition><rendition xml:id="philologicalNotes"><label>Edisjonsfilologiske noter</label><code rend="rectangle" lang="text/css">color: #0000ff</code></rendition><rendition xml:id="textForSearch"><desc>transcriptional</desc><label>Søkbar tekst</label><code rend="rectangle" lang="text/css">color: #000000</code></rendition></tagsDecl><appInfo>
     <application ident="ImageMarkupTool01" version="1.8.1.2" notAfter="2009-03-13T16:10:28">
     <label>
     Image Markup Tool</label><desc>
     Tool for annotating images using TEI</desc><ref type="appURI" target="http://www.tapor.uvic.ca/~mholmes/image_markup/">
     </ref><ptr target="#imtAnnotatedImage"></ptr><ptr target="#imtImageAnnotations"></ptr><ptr target="#imtAnnotationCategories"></ptr></application>
     
     
     </appInfo></encodingDesc>
</teiHeader>
 <facsimile xml:id="imtAnnotatedImage"><surface><graphic url="No-MM_N0011-01.jpg" width="2704px" height="4064px"></graphic><zone xml:id="imtArea_0" rendition="transcription" ulx="224" uly="332" lrx="2520" lry="3772" rend="visible"></zone></surface></facsimile>
 <text>
  <body>
   <div xml:id="imtImageAnnotations"><div corresp="#imtArea_0" type="imtAnnotation"><head>&#x00A0;</head><div>
    <p><del rend="overstrike">J</del> <del rend="overstrike">så på</del></p>
    <p>Hvor løierlig det var dette gamle 
    <lb/>skaldede hode <del rend="overstrike">med røde</del> så frisk 
    <lb/>rød som en rose i ansigtet <del rend="overstrike">og 
    <lb/>så</del> med den <del rend="overstrike"><del rend="overwritten"><gap/></del>hv</del> næsten hvide 
    <lb/>barten.</p>
    <p>De få hår var sirlig strøget 
    <lb/>til den ene side.</p>
    <p>Og <del rend="overstrike">så</del> med hvilket alvor han 
     <lb/>skar op &#x2013; som en gammel 
    <lb/>oberst der lægger en krigsplan.
    <lb/><del rend="overstrike">Og n</del> Nu får bisken maden 
     <lb/>&#x2013; han kikker <del rend="overstrike">ned</del> ned på 
    <lb/>den med hodet på skakke <del rend="overstrike">der
     <lb/>hvor han har monoklen</del> <del rend="overwritten"><gap/></del>kikker &#x2013;
     <lb/>gjennem en svær monokkel. &#x2013;</p>
    <p>Det har <del rend="overstrike">vist <gap/>vær</del> været
     <lb/>en sprade i sin tid <del rend="overstrike">en</del> &#x2013; 
    <lb/>hvor modbydelig denne gamle idioten 
     <lb/>er sa jeg til <persName key="pe188">Hertzberg</persName> &#x2013; <add place="inBetweenLines">nu tørker 
    <lb/>han sig i øret med servietsnippen</add></p>
    </div></div></div>
  </body>
 </text>
</TEI>
