<?xml version="1.0" encoding="UTF-8"?>
<!DOCTYPE TEI PUBLIC "-//TEI P5 MunchTEI//DTD TEI P5 Unified for Edvard Munch's Texts//EN" "file:/O:/Munchs tekster/Transkripsjoner/MunchTEI.dtd" >
<TEI xmlns="http://www.tei-c.org/ns/1.0" version="5.0" xml:id="No-MM_N0083-01">
<teiHeader>
 <fileDesc>
<titleStmt>
<title>No-MM_N0083-01.jpg</title>
</titleStmt>

<publicationStmt>
<p></p>
</publicationStmt>
<sourceDesc>
<p>2704 x 4064</p>
</sourceDesc>
 </fileDesc>
 <encodingDesc>


 
  <tagsDecl xml:id="imtAnnotationCategories"><rendition xml:id="transcription"><label>Contains the transcribed and TEI P5 encoded text of the objects</label><code rend="rectangle" lang="text/css">color: #ff0000</code></rendition><rendition xml:id="commentary"><label>Kommentarer</label><code rend="rectangle" lang="text/css">color: #00ff00</code></rendition><rendition xml:id="philologicalNotes"><label>Edisjonsfilologiske noter</label><code rend="rectangle" lang="text/css">color: #0000ff</code></rendition><rendition xml:id="textForSearch"><desc>transcriptional</desc><label>Søkbar tekst</label><code rend="rectangle" lang="text/css">color: #000000</code></rendition></tagsDecl><appInfo>
     <application ident="ImageMarkupTool01" version="1.8.1.3" notAfter="2009-03-27T08:56:38">
     <label>
     Image Markup Tool</label><desc>
     Tool for annotating images using TEI</desc><ref type="appURI" target="http://www.tapor.uvic.ca/~mholmes/image_markup/">
     </ref><ptr target="#imtAnnotatedImage"></ptr><ptr target="#imtImageAnnotations"></ptr><ptr target="#imtAnnotationCategories"></ptr></application>
     
     
     </appInfo></encodingDesc>
</teiHeader>
 <facsimile xml:id="imtAnnotatedImage"><surface><graphic url="No-MM_N0083-01.jpg" width="2704px" height="4064px"></graphic><zone xml:id="imtArea_0" rendition="transcription" ulx="-28" uly="581" lrx="2485" lry="3703" rend="visible"></zone></surface></facsimile>
 <text>
  <body>
   <div xml:id="imtImageAnnotations"><div corresp="#imtArea_0" type="imtAnnotation"><head>&#x00A0;</head><div>
    <p>I 20 år havde jeg den 
    <lb/>ære alene <del rend="overwritten"><gap/></del>at stå for 
    <lb/><orgName key="i101">Aftenpostens</orgName> <del rend="overstrike">ild</del> skyds 
    <lb/>med ildelugtende <unclear reason="writing">gaserler</unclear> 
    <lb/>&#x2013; der altså ikke først er opfunden 
    <lb/><del rend="overwritten"><gap/></del>af Tyskere &#x2013;</p>
    <p>Nu er <del rend="overstrike">der</del> <gap reason="writing"/> a<gap reason="writing"/> 
    <lb/>det er en skare af <placeName key="pl15">Norges</placeName> 
    <lb/>bedre unge malere der 
    <lb/><del rend="overwritten"><gap/></del>er udsat for den ildelugtene 
    <lb/>Kuglesprut &#x2013;</p>
    <p>&#x2013; <del rend="overstrike">M</del> Tiden er forsåvidt 
    <lb/>annerledes</p>    
   </div></div></div>
  </body>
 </text>
</TEI>
