<?xml version="1.0" encoding="UTF-8"?>
<!DOCTYPE TEI PUBLIC "-//TEI P5 MunchTEI//DTD TEI P5 Unified for Edvard Munch's Texts//EN" "file:/O:/Munchs tekster/Transkripsjoner/MunchTEI.dtd" >
<TEI xmlns="http://www.tei-c.org/ns/1.0" version="5.0" xml:id="No-MM_N0135-00-01r">
<teiHeader>
 <fileDesc>
<titleStmt>
<title>No-MM_N0135-00-01r.jpg</title>
</titleStmt>

<publicationStmt>
<p></p>
</publicationStmt>
<sourceDesc>
<p>2704 x 4064</p>
</sourceDesc>
 </fileDesc>
 <encodingDesc>


 
  <tagsDecl xml:id="imtAnnotationCategories"><rendition xml:id="transcription"><label>Contains the transcribed and TEI P5 encoded text of the objects</label><code rend="rectangle" lang="text/css">color: #ff0000</code></rendition><rendition xml:id="commentary"><label>Kommentarer</label><code rend="rectangle" lang="text/css">color: #00ff00</code></rendition><rendition xml:id="philologicalNotes"><label>Edisjonsfilologiske noter</label><code rend="rectangle" lang="text/css">color: #0000ff</code></rendition><rendition xml:id="textForSearch"><desc>transcriptional</desc><label>Søkbar tekst</label><code rend="rectangle" lang="text/css">color: #000000</code></rendition></tagsDecl><appInfo>
     <application ident="ImageMarkupTool01" version="1.8.1.3" notAfter="2009-04-22T13:27:02">
     <label>
     Image Markup Tool</label><desc>
     Tool for annotating images using TEI</desc><ref type="appURI" target="http://www.tapor.uvic.ca/~mholmes/image_markup/">
     </ref><ptr target="#imtAnnotatedImage"></ptr><ptr target="#imtImageAnnotations"></ptr><ptr target="#imtAnnotationCategories"></ptr></application>
     
     
     </appInfo></encodingDesc>
</teiHeader>
 <facsimile xml:id="imtAnnotatedImage"><surface><graphic url="No-MM_N0135-00-01r.jpg" width="2704px" height="4064px"></graphic><zone xml:id="imtArea_0" rendition="transcription" ulx="171" uly="378" lrx="2632" lry="3698" rend="visible"></zone></surface></facsimile>
 <text>
  <body>
   <div xml:id="imtImageAnnotations"><div corresp="#imtArea_0" type="imtAnnotation"><head>&#x00A0;</head><div>
    <div><head>Eiendommene</head></div>
    <div type="postscript"><label>P. S.</label><p rend="noLineBreakBefore"><seg type="typographicalSpace"/>II</p>
    <p><add place="inBetweenLines">D<del rend="overwritten"><gap/></del>e nævner noget om at <placeName key="pl46">Nedre Ramme</placeName> er en stadseiendom
    <lb/>dette er ikke <del rend="overstrike">heldi sies</del> heldigt at dette sies &#x2013;</add></p>
    <p>Det vilde kunne gjøre mig nytte
    <lb/><del rend="overstrike">og</del> i hvis De kortelig fik forklaret den nødvendige
    <lb/>brug <add place="supralinear">jeg har</add> <del rend="overwritten"><gap/></del>for mine to eiendomme <unclear reason="writing">i</unclear> <placeName key="pl41">Ekely</placeName> og <placeName key="pl46">Nedre Ramme</placeName>
    <lb/>samt den lille hytte i <placeName key="pl42">Aasgaardstrand</placeName> &#x2013;</p>
    <p>Det har været mig i 20 år til største ærgrelse
    <lb/>og til st<del rend="overwritten"><gap/></del>or skade at det er udspredt at jeg
    <lb/>har 6 a 8 villaer altså at jeg er en ren
    <lb/>latterli snob &#x2013; Det har gjort uberegneli skade
    <lb/>med hensyn til skatten og ligeledes har det
    <lb/>været en ulykke for slægt der har hørt
    <lb/>om denne Krøsus som de kunde få nok
    <lb/>støtte af &#x2013;</p>
    <p><placeName key="pl46">Nedre Ramme</placeName> kjøbte jeg efterat jeg havde
    <lb/>forlat <placeName key="pl29">Kragerø</placeName> hvor jeg havde motivet til
    <lb/>Historien &#x2013; Jeg trængte plads til at male
     <lb/><ref type="lemma" target="co2">Aulabillederne</ref> færdig og der fandt jeg motivet
    <lb/>til Alma mater så billed<del rend="overwritten"><gap/></del>et fik den jordbundne
    <lb/>karakter som Historien. Jeg har beholdt det
    <lb/>da jeg hele tiden har fortsat med Alma <del rend="overwritten"><gap/></del>Mater
    <lb/>som jeg stadi har håbet på at kunne forbedre</p>
    <p>Den lille faldefærdige hytte i <placeName key="pl42">Aasgaardstrand</placeName> er arbeidssted
    <lb/>for Livsfrisen og den bringer forbindelse med en tidligere
    <lb/>periode &#x2013; <placeName key="pl41">Ekely</placeName> er jo arbeidssted <del rend="overwritten"><gap/></del>og opbevaringssted for
    <lb/>de store påbegynte eller halvfærdige vægmalerier <unclear reason="writing">der</unclear> <gap reason="writing"/>atelierer
     <lb/>I hovedhuset er to trykkerier for <del rend="overstrike">R</del> radering og lithografi<seg type="interpunctionalSpace"/></p><signed rend="noLineBreakBefore"><persName key="pe627">EM</persName></signed></div>
    </div></div></div>
  </body>
 </text>
</TEI>
