<?xml version="1.0" encoding="UTF-8"?>
<!DOCTYPE TEI PUBLIC "-//TEI P5 MunchTEI//DTD TEI P5 Unified for Edvard Munch's Texts//EN" "file:/O:/Munchs tekster/Transkripsjoner/MunchTEI.dtd" >
<TEI xmlns="http://www.tei-c.org/ns/1.0" version="5.0" xml:id="No-MM_N0039-00-02r">
<teiHeader>
 <fileDesc>
<titleStmt>
<title>No-MM_N0039-00-02r.jpg</title>
</titleStmt>

<publicationStmt>
<p></p>
</publicationStmt>
<sourceDesc>
<p>2704 x 4064</p>
</sourceDesc>
 </fileDesc>
 <encodingDesc>


 
  <tagsDecl xml:id="imtAnnotationCategories"><rendition xml:id="transcription"><label>Contains the transcribed and TEI P5 encoded text of the objects</label><code rend="rectangle" lang="text/css">color: #ff0000</code></rendition><rendition xml:id="commentary"><label>Kommentarer</label><code rend="rectangle" lang="text/css">color: #00ff00</code></rendition><rendition xml:id="philologicalNotes"><label>Edisjonsfilologiske noter</label><code rend="rectangle" lang="text/css">color: #0000ff</code></rendition><rendition xml:id="textForSearch"><desc>transcriptional</desc><label>Søkbar tekst</label><code rend="rectangle" lang="text/css">color: #000000</code></rendition></tagsDecl><appInfo>
     <application ident="ImageMarkupTool01" version="1.8.1.2" notAfter="2009-03-20T16:24:20">
     <label>
     Image Markup Tool</label><desc>
     Tool for annotating images using TEI</desc><ref type="appURI" target="http://www.tapor.uvic.ca/~mholmes/image_markup/">
     </ref><ptr target="#imtAnnotatedImage"></ptr><ptr target="#imtImageAnnotations"></ptr><ptr target="#imtAnnotationCategories"></ptr></application>
     
     
     </appInfo></encodingDesc>
</teiHeader>
 <facsimile xml:id="imtAnnotatedImage"><surface><graphic url="No-MM_N0039-00-02r.jpg" width="2704px" height="4064px"></graphic><zone xml:id="imtArea_0" rendition="transcription" ulx="240" uly="344" lrx="2636" lry="3864" rend="visible"></zone></surface></facsimile>
 <text>
  <body>
   <div xml:id="imtImageAnnotations"><div corresp="#imtArea_0" type="imtAnnotation"><head>&#x00A0;</head><div>
    <p rend="noIndent">men som kom da alt var 
    <lb/>jævnet og beredt. De der 
    <lb/>er og bliver os unge fremmede 
    <lb/>der <del rend="overstrike">og de</del> tager <del rend="overstrike">med</del> de
    <lb/><del rend="overstrike">stærkeste hav</del> brutalitet 
    <lb/>på os. <del rend="overwritten"><gap/></del>Men vi <del rend="overstrike">må</del>
    <lb/><del rend="overstrike">at ruste</del> <del rend="overstrike">os</del> <del rend="overwritten">s</del>Som gjennem-
    <lb/>bruddets malere for ti år 
    <lb/>siden nu må <add place="inline">vi</add> ruste os mod 
    <lb/>frygtagtigheden bedsteborgerne 
    <lb/>mod kunstens afdaler og 
    <lb/>kammer.</p>
    <figure rend="longHorizRule"/>
    <p>De <del rend="overstrike">der</del> stænges ud 
    <lb/><del rend="overwritten"><gap/></del>der har kjæmpet forrest 
    <lb/><del rend="overstrike">og i <gap/></del> de der <del rend="overstrike">har</del> er i besiddelse 
    <lb/>af de største fortrin og de største 
    <lb/>feil, de der <del rend="overstrike">tydeligst</del> er det
    <lb/>mest karakteristiske udslag 
    <lb/>af den norske kunst på denne 
    <lb/>tid de skal holdes ude der 
    <lb/>af frygt for opositit<del rend="overwritten"><gap/></del>ion</p>
    </div></div></div>
  </body>
 </text>
</TEI>
