<?xml version="1.0" encoding="UTF-8"?>
<!DOCTYPE TEI PUBLIC "-//TEI P5 MunchTEI//DTD TEI P5 Unified for Edvard Munch's Texts//EN" "file:/O:/Munchs tekster/Transkripsjoner/MunchTEI.dtd" >
<TEI xmlns="http://www.tei-c.org/ns/1.0" version="5.0" xml:id="No-MM_N0067-00-01r">
<teiHeader>
 <fileDesc>
<titleStmt>
<title>No-MM_N0067-00-01r.jpg</title>
</titleStmt>

<publicationStmt>
<p></p>
</publicationStmt>
<sourceDesc>
<p>2704 x 4064</p>
</sourceDesc>
 </fileDesc>
 <encodingDesc>


 
  <tagsDecl xml:id="imtAnnotationCategories"><rendition xml:id="transcription"><label>Contains the transcribed and TEI P5 encoded text of the objects</label><code rend="rectangle" lang="text/css">color: #ff0000</code></rendition><rendition xml:id="commentary"><label>Kommentarer</label><code rend="rectangle" lang="text/css">color: #00ff00</code></rendition><rendition xml:id="philologicalNotes"><label>Edisjonsfilologiske noter</label><code rend="rectangle" lang="text/css">color: #0000ff</code></rendition><rendition xml:id="textForSearch"><desc>transcriptional</desc><label>Søkbar tekst</label><code rend="rectangle" lang="text/css">color: #000000</code></rendition></tagsDecl><appInfo>
     <application ident="ImageMarkupTool01" version="1.8.1.3" notAfter="2009-03-25T14:21:47">
     <label>
     Image Markup Tool</label><desc>
     Tool for annotating images using TEI</desc><ref type="appURI" target="http://www.tapor.uvic.ca/~mholmes/image_markup/">
     </ref><ptr target="#imtAnnotatedImage"></ptr><ptr target="#imtImageAnnotations"></ptr><ptr target="#imtAnnotationCategories"></ptr></application>
     
     
     </appInfo></encodingDesc>
</teiHeader>
 <facsimile xml:id="imtAnnotatedImage"><surface><graphic url="No-MM_N0067-00-01r.jpg" width="2704px" height="4064px"></graphic><zone xml:id="imtArea_0" rendition="transcription" ulx="111" uly="497" lrx="2568" lry="2585" rend="visible"></zone></surface></facsimile>
 <text>
  <body>
   <div xml:id="imtImageAnnotations"><div corresp="#imtArea_0" type="imtAnnotation"><head>&#x00A0;</head><div>
    <p>Kulturens flamme dør og lever påny</p> 
    <p>En <del rend="overstrike">ånd</del> en gnist der tændes, <del rend="overstrike">flammes</del> <add place="supralinear">brændes</add> og <del rend="overstrike">br</del> <del rend="overstrike">dør</del> <add place="supralinear">sluknes</add> &#x2013; 
    <lb/><del rend="overstrike">og</del> <del rend="overstrike">forat</del> for atter <del rend="overstrike">at</del> e<del rend="overwritten">n</del>t annet sted at fænge <del rend="overstrike">og</del> liv &#x2013; 
    <lb/>dø &#x2013; En flakkende tændende gnist</p>
    <p>Flammen tændtes og sluknedes i <placeName key="pl156">østens</placeName> riker 
    <lb/>flammede videre i jødeland <placeName key="pl157">ægypten</placeName> &#x2013;</p> 
    <p><placeName key="pl158">Grekenland</placeName> og <placeName key="pl131">Rom</placeName> &#x2013; og i <placeName key="pl100">Europa</placeName> &#x2013;</p>
    <p><placeName key="pl158">Grækenland</placeName> <placeName key="pl131">Rom</placeName> &#x2013; <placeName key="pl100">Europa</placeName> <placeName key="pl52">Amerika</placeName> 
    <lb/>&#x2013; <placeName key="pl158">Grækenland</placeName> gav sin ånd <del rend="overwritten"><gap/></del>til <placeName key="pl131">Rom</placeName> efter 
    <lb/>at have forblød sig i inbyrdes krig &#x2013;
    <lb/><del rend="overstrike">Vil</del> <del rend="overstrike"><placeName key="pl100">Europa</placeName> <add place="supralinear">vil</add> følge <placeName key="pl158">Grækenlands</placeName> exempel</del> 
    <lb/><add place="inBetweenLines">Det vil vel gå slig osså med <placeName key="pl100">Europa</placeName></add> 
    <lb/><del rend="overwritten">og</del>Det vil forblød give sin flamme til <placeName key="pl52">Amerika</placeName> 
    <lb/>forat den atter der skal leve og dø &#x2013; og leve op 
    <lb/>igjen <del rend="overstrike">atter</del> i <placeName key="pl156">Østens</placeName> riker?</p>
    <p>Når sker det? De forenede <placeName key="pl100">Europas</placeName> stater 
    <lb/>synes at være det eneste der kan <add place="supralinear">få holde</add> flammen <del rend="overwritten"><gap/></del>til 
    <lb/>å <del rend="overstrike">leve sålænge som muli</del> ennu i live</p>
   </div></div></div>
  </body>
 </text>
</TEI>
